timestamp,position_x,position_y,position_z,orientation_x,orientation_y,orientation_z,orientation_w
1763658738.3926544,767056.3963990512,3403836.152720213,87.29691829532385,0.017157243397120235,-0.008763686545240793,-0.9264417844844716,-0.37594473896887665
1763658738.4041812,767056.254772804,3403836.2843758212,87.29230077378452,0.01713042853857412,-0.008840797919428149,-0.9263916724703267,-0.3760676240888909
1763658738.4126782,767056.1133041044,3403836.4158395766,87.28745458740741,0.017312891919915283,-0.00893212693960864,-0.9263470683732332,-0.37616697063673793
1763658738.4229693,767055.9716796048,3403836.5474927104,87.28283380903304,0.017158566043276383,-0.008797977996054886,-0.9263115398850691,-0.3762646811358617
1763658738.4327555,767055.8302408762,3403836.6791730565,87.27797129750252,0.017481558899883346,-0.008892490073496965,-0.9262557584092097,-0.37638489440000406
1763658738.4448338,767055.688728699,3403836.810806729,87.2732372963801,0.01713589634971588,-0.008614214905740925,-0.9262306979534328,-0.3764689237195367
1763658738.452749,767055.5472108757,3403836.942617788,87.26849267166108,0.017306573168485245,-0.008693093992429634,-0.9261671224766298,-0.37661568459818856
1763658738.4626558,767055.4057637164,3403837.074314774,87.26365328580141,0.01730506605231388,-0.00864035169225715,-0.9261241984304089,-0.37672250807881363
1763658738.4726217,767055.264208196,3403837.2061663037,87.25902943126857,0.017082761384231735,-0.008565223791265078,-0.9260717486745679,-0.37686328092787563
1763658738.4839354,767055.1228112832,3403837.3380268593,87.25429865717888,0.01723555140256309,-0.008648011112722127,-0.9260138684470232,-0.37699663541658207
1763658738.4926147,767054.9813143816,3403837.469915466,87.24975637160242,0.017056777301346998,-0.008530095891128842,-0.9259740990339631,-0.37710512026545145
1763658738.5036664,767054.839934299,3403837.601959333,87.24518880713731,0.017207099003433417,-0.00868847995579395,-0.9259048533729901,-0.37726466646147194
1763658738.5126703,767054.6985098138,3403837.7339252136,87.24064659513533,0.017215533482935683,-0.008644264277779201,-0.9258656651737558,-0.3773614608758459
1763658738.5229125,767054.5570608048,3403837.8660558467,87.23617008980364,0.017203593755389816,-0.008678115761175286,-0.9257996194586888,-0.377523232767047
1763658738.5330124,767054.4157165191,3403837.998125864,87.23147652670741,0.017436110821404314,-0.008683054140452142,-0.925743050654449,-0.3776511495748587
1763658738.5479429,767054.2742851983,3403838.1303225523,87.22694948595017,0.017345929504266076,-0.008572465949290446,-0.9256905384351454,-0.3777865251816584
1763658738.552824,767054.1329891747,3403838.262510342,87.22223560325801,0.017441815022503016,-0.008630259151786444,-0.9256171667701107,-0.3779605300771059
1763658738.5627377,767053.9915725063,3403838.3947183257,87.21766167040914,0.01730298238019983,-0.008464826552793967,-0.9255685482294447,-0.3780896931160908
1763658738.5726128,767053.8502276791,3403838.527054943,87.21295029390603,0.017386223531734038,-0.008525793849686457,-0.9254875257461528,-0.37828279072514176
1763658738.582609,767053.7089267805,3403838.6593195037,87.2082182681188,0.017253321237764498,-0.008410482214572738,-0.9254282903386202,-0.3784363435719719
1763658738.5925593,767053.5675355548,3403838.7917561615,87.20369416289032,0.01721329849750699,-0.008458436912366505,-0.9253463614165103,-0.3786373840669464
1763658738.6034703,767053.4263009024,3403838.9241431006,87.1990303331986,0.017295333443207512,-0.008516397733068472,-0.9252612474233393,-0.378840291451882
1763658738.6126947,767053.2849497448,3403839.0566571434,87.19452460762113,0.017269221243538083,-0.008438727082788929,-0.9251884347394793,-0.37902100483637624
1763658738.6225545,767053.1437692967,3403839.1892705373,87.18983286153525,0.017362411123922047,-0.008511137868213784,-0.9251012954409863,-0.37922776847899897
1763658738.6327388,767053.0025663357,3403839.321846702,87.1852267542854,0.01720402487255289,-0.008395790855164557,-0.9250431987940768,-0.3793792463866774
1763658738.6426146,767052.8613603511,3403839.4545915835,87.18066220544279,0.01718956176951729,-0.008504268944155336,-0.9249504566736492,-0.3796035419685986
1763658738.652594,767052.720230727,3403839.5873146025,87.17594075389206,0.017286156940140192,-0.008524150519394265,-0.9248761966104582,-0.3797796052706576
1763658738.6626043,767052.5790650306,3403839.72019531,87.17130138352513,0.017158199033151356,-0.008505914639089757,-0.924791969562641,-0.3799908665409507
1763658738.6757877,767052.4380339923,3403839.853091401,87.1665412588045,0.017128335516669244,-0.00850500379195248,-0.9247059293868747,-0.3802015638969462
1763658738.6825297,767052.2969156755,3403839.986037659,87.16201623249799,0.016973752205027236,-0.008403894764975687,-0.9246329715073422,-0.3803881363691091
1763658738.692758,767052.1559704198,3403840.119100781,87.15733931958675,0.017092144812957177,-0.008522948527927968,-0.9245315862211929,-0.38062654139380214
1763658738.7035067,767052.0150320159,3403840.2521573077,87.15273039229214,0.0169353840883376,-0.008394189931277714,-0.9244694064547889,-0.3807874037705397
1763658738.7126927,767051.8741095043,3403840.385419734,87.14816076960415,0.016978265687725213,-0.008526455979327172,-0.9243739526873378,-0.3810142171046339
1763658738.7225876,767051.7333072759,3403840.518617367,87.1435378883034,0.016864764211846447,-0.008509029405569551,-0.924300070639195,-0.3811988399287605
1763658738.7325914,767051.592390605,3403840.652028338,87.13909294363111,0.01692473718871098,-0.008594711711177986,-0.9242161269083169,-0.3813977385411259
1763658738.7426772,767051.4516798307,3403840.7854655418,87.13441709801555,0.0169475627668469,-0.008704671803398845,-0.9241319720935708,-0.3815980961161975
1763658738.7527132,767051.3108969844,3403840.9189911317,87.12992795184255,0.016717390430424056,-0.008626223296956323,-0.9240667410238863,-0.38176795997349194
1763658738.762623,767051.1702735882,3403841.0526385726,87.12535365391523,0.016855333621781397,-0.008815436813263522,-0.9239713036499904,-0.38198850222700076
1763658738.7729003,767051.0296917219,3403841.18629774,87.1208312548697,0.016646711221244483,-0.008772317154941435,-0.9239061805956446,-0.38215612374318664
1763658738.7877195,767050.8891047855,3403841.3201742694,87.11638811137527,0.01671256914227973,-0.008953856649956762,-0.9238198448434018,-0.38235770262578644
1763658738.7956958,767050.7486121159,3403841.453927839,87.11178889963776,0.016649472032355034,-0.0090321140441982,-0.9237519534834424,-0.3825226064332149
1763658738.8038146,767050.6080474118,3403841.5879118126,87.10735384188592,0.016571299467760668,-0.009085661654775876,-0.923677550298574,-0.38270435829850463
1763658738.8125296,767050.4677166285,3403841.721900924,87.10277210734785,0.016628929207702196,-0.009219531206899858,-0.9236002839569291,-0.38288509298797513
1763658738.8226907,767050.3273297285,3403841.8559787343,87.0983703630045,0.01633484352094626,-0.009221014698783756,-0.9235410346888766,-0.3830406023137364
1763658738.8325994,767050.1870118487,3403841.9902416663,87.09388296306133,0.016449518280061342,-0.009494575739170187,-0.9234536625021555,-0.3832396111980623
1763658738.8428853,767050.0467819278,3403842.124429354,87.08930769748986,0.01630542658887045,-0.009571407807685405,-0.9233936645120242,-0.383388395175688
1763658738.8530004,767049.9065290706,3403842.2588902595,87.0847903965041,0.016147035800093176,-0.009744045665606042,-0.9233146915983825,-0.383580900316375
1763658738.862852,767049.7664230312,3403842.393283874,87.08019115962088,0.016139322897985066,-0.009897521713689461,-0.9232487677155103,-0.38373594336745825
1763658738.8728359,767049.6262583986,3403842.5278254924,87.07580778282136,0.01592163379687493,-0.009948692135950064,-0.9231843463295226,-0.3838986686537926
1763658738.8877263,767049.4862193915,3403842.66244939,87.07131416071206,0.01599448757735547,-0.010138915781257625,-0.9231063397135579,-0.38407820080623667
1763658738.8925364,767049.3461971263,3403842.7971072737,87.06683181598783,0.015896970121989366,-0.010218116264459435,-0.9230531039475091,-0.38420807348859204
1763658738.9034908,767049.2061950311,3403842.9319063644,87.0622790241614,0.015739351186142975,-0.010399808113226001,-0.9229828231339567,-0.38437849187372397
1763658738.9125998,767049.0662449719,3403843.066715102,87.05773417465389,0.015635739141539002,-0.010585813254825946,-0.9229283041835477,-0.3845085298873257
1763658738.9225564,767048.9263256325,3403843.2015820798,87.05328943673521,0.015392304345467782,-0.0108143547229982,-0.9228587114581466,-0.38467899004841816
1763658738.9329283,767048.7864983925,3403843.3364958335,87.04873403906822,0.015342512425915895,-0.011124514270119646,-0.922785953315634,-0.38484664069999525
1763658738.9427109,767048.6466299207,3403843.4714849917,87.04430853296071,0.015053987322927858,-0.011261960547003635,-0.9227255392673914,-0.38499886349705065
1763658738.9528944,767048.5068475014,3403843.606600717,87.03985293861479,0.015000541445627895,-0.011532266148530783,-0.9226498587779257,-0.38517428352745886
1763658738.96302,767048.3670990013,3403843.741741135,87.03548571001738,0.014726736101202838,-0.011678690356455787,-0.9225927104285605,-0.38531730054520774
1763658738.972647,767048.227355452,3403843.8770418484,87.03115592617542,0.014713356481391947,-0.012030292845509149,-0.9225142115022427,-0.38549490109662693
1763658738.983763,767048.087751467,3403844.012275404,87.02671477664262,0.014715746932048912,-0.012306147056936034,-0.9224516384898243,-0.38563581289123494
1763658738.9926436,767047.9481058931,3403844.1476901267,87.02242410928011,0.014440552614664513,-0.01248042259662089,-0.9223847970331905,-0.3858004609821413
1763658739.0051386,767047.8085406485,3403844.2831487907,87.01795873139054,0.014525102000520132,-0.012754242342359254,-0.9223085527092718,-0.385970574414003
1763658739.012854,767047.6689440962,3403844.4186638985,87.01359160244465,0.014214213612435543,-0.01279238930977021,-0.9222446439462958,-0.38613356189212206
1763658739.0263562,767047.5294574667,3403844.554362421,87.00914716348052,0.014319872304153526,-0.012974334357350245,-0.9221639524943614,-0.3863162598508556
1763658739.032966,767047.3899781234,3403844.689957779,87.00476413499564,0.014004063623698871,-0.012949222399953417,-0.9221034254335299,-0.3864731253852082
1763658739.0428185,767047.2506131821,3403844.825850522,87.00051595643163,0.014032838256530672,-0.013145155623995802,-0.9220198413794398,-0.3866648373420058
1763658739.0527742,767047.1112411416,3403844.9616006827,86.99624581634998,0.014024520955701779,-0.01326321790720476,-0.9219424866489113,-0.38684551331808287
1763658739.06267,767046.9718986903,3403845.097495079,86.99210530240089,0.014080509675166783,-0.013324049704895684,-0.9218637584414007,-0.38702896509052626
1763658739.0728881,767046.8326070788,3403845.233438595,86.98790319729596,0.014208236189017618,-0.013349947614302238,-0.9217900305488871,-0.38719897275661075
1763658739.082828,767046.693361746,3403845.3694471307,86.98381885513663,0.01420014297276798,-0.01333623709558481,-0.921728232249065,-0.3873468298498095
1763658739.0927498,767046.5540855336,3403845.505564496,86.97970545012504,0.014366323251780872,-0.01349850630854246,-0.9216536418969548,-0.3875125332963353
1763658739.1037335,767046.4148629983,3403845.641662529,86.97552491538227,0.014405856044135159,-0.013679109140027781,-0.9215885873322228,-0.38765942395841285
1763658739.1127975,767046.2755712771,3403845.7778769573,86.97134984936565,0.014343654420267166,-0.013838867332237667,-0.9215152885187077,-0.38783027003460635
1763658739.122795,767046.1363790473,3403845.9140871726,86.96708658710122,0.014424032451582912,-0.014113245567455373,-0.9214436802581254,-0.3879875097213179
1763658739.1325736,767045.9972205134,3403846.050366647,86.96291423775256,0.014237792506135577,-0.014200882302808781,-0.9213794603508381,-0.3881436721756161
1763658739.1425776,767045.8581574296,3403846.1867710585,86.9587160712108,0.01458778415010281,-0.01443655965826351,-0.9213084141899829,-0.3882905976733953
1763658739.1597528,767045.7191607014,3403846.3231858495,86.9546151123941,0.014420234037232483,-0.01436331966085471,-0.9212657472372151,-0.3884007915363806
1763658739.1627064,767045.5801326951,3403846.459793291,86.95049252361059,0.014754389716045329,-0.014532109370543087,-0.9212036592113746,-0.3885292061569165
1763658739.1726286,767045.4412189664,3403846.596323919,86.94626893755049,0.014939055801356453,-0.01463955425824686,-0.9211646108503138,-0.38861068922492803
1763658739.1826272,767045.3021884883,3403846.7329628444,86.94207007437944,0.014862078154743613,-0.014684882123419701,-0.9211220308817463,-0.3887128465773044
1763658739.1925952,767045.1633093819,3403846.8697164454,86.93763811327517,0.015345260745382882,-0.014889608810053849,-0.9210785872250958,-0.38878922140095556
1763658739.2035375,767045.0244031129,3403847.0064980024,86.93310529273003,0.015094390234753877,-0.014670261484026515,-0.9210606642400241,-0.3888498368279933
1763658739.2128239,767044.8856154864,3403847.1434424985,86.92849913612008,0.015300250214924194,-0.01471337344865434,-0.9210222951473768,-0.38893103608040785
1763658739.222762,767044.7468325438,3403847.280358764,86.9238694794476,0.015301672733956625,-0.014637164024053564,-0.9210073741210296,-0.3889691877971327
1763658739.232806,767044.6080020082,3403847.4173238412,86.91937980614603,0.015174836798225415,-0.014615446992719416,-0.9209837863803805,-0.3890308191670786
1763658739.2427506,767044.4691607913,3403847.554334605,86.91485201846808,0.015402455090604865,-0.014777765751485032,-0.9209649692399774,-0.3890602876796648
1763658739.252825,767044.330310801,3403847.691328582,86.91019844915718,0.015451529088945213,-0.014887787526293408,-0.9209483981217189,-0.3890933718639081
1763658739.2628186,767044.191480126,3403847.8283844916,86.90547752194107,0.015386855713565383,-0.015001979821123128,-0.9209301730787334,-0.389134683092976
1763658739.2726855,767044.0526593316,3403847.965533269,86.90071143582463,0.015570301558420164,-0.015141006711005692,-0.9209172025990165,-0.38915269699998106
1763658739.2828825,767043.9139305514,3403848.102682442,86.89588191360235,0.015424582062761913,-0.015173479292626182,-0.9209077062158272,-0.38917970711054434
1763658739.2928212,767043.7752130186,3403848.2398986313,86.8909609047696,0.015471187093413802,-0.015324103243199815,-0.9208999931696467,-0.38919020646704006
1763658739.303716,767043.636495868,3403848.3771473123,86.88591285049915,0.015423443467530253,-0.015505356137911491,-0.9208958260947915,-0.38919478260099016
1763658739.3129559,767043.4977016961,3403848.5144484863,86.88090686686337,0.014974555001803155,-0.015628389015865288,-0.9209027288618352,-0.38919105865126474
1763658739.3227758,767043.3588882139,3403848.6517647565,86.8759423783049,0.014967556409776723,-0.015904141224352738,-0.9209004426788152,-0.38918556656304454
1763658739.3326273,767043.2201109168,3403848.7891015867,86.87096413038671,0.01497475501401626,-0.016074719836805793,-0.9209065888525856,-0.3891637376507902
1763658739.3427866,767043.081410889,3403848.9264767617,86.86602524016052,0.014902694810456564,-0.016107980949657257,-0.9209129253729473,-0.38915013364786594
1763658739.3527915,767042.9427132166,3403849.0639234954,86.86103011574596,0.015062572625166862,-0.01623888069366876,-0.9209232293044013,-0.3891141521292712
1763658739.3628457,767042.8039401498,3403849.201442897,86.85605251975358,0.014860444440617014,-0.01632777652578211,-0.9209377155362626,-0.389083917693345
1763658739.3726883,767042.6651801118,3403849.3389141853,86.85103491134942,0.014824531151434072,-0.016598330552745778,-0.9209455457931266,-0.3890553050439003
1763658739.382574,767042.5263932664,3403849.476434076,86.84605776518583,0.014737424501378393,-0.01685933815095695,-0.9209574726444589,-0.3890191571330501
1763658739.3925087,767042.3876212027,3403849.6139741875,86.84106188546866,0.014606667470268987,-0.01707763953729656,-0.9209710988613533,-0.3889823062240215
1763658739.403446,767042.2488343748,3403849.7515440104,86.83604827802628,0.014558712926933011,-0.017232121103762325,-0.920988263720248,-0.38893664775865416
1763658739.4126356,767042.1101151849,3403849.8891772986,86.8309623785317,0.014693697467718456,-0.017378322327881703,-0.9210080994242256,-0.38887809138953944
1763658739.422636,767041.9713917132,3403850.0268340725,86.8258891440928,0.014491078195488246,-0.01740157093104964,-0.9210423046062057,-0.3888036356665838
1763658739.4325001,767041.832651505,3403850.164535712,86.8209830140695,0.01439591716713873,-0.017568997278143584,-0.9210698884191505,-0.3887342904235374
1763658739.4426303,767041.6939137529,3403850.3021980603,86.81611862313002,0.014449579712273312,-0.017875741499577737,-0.9211069339089986,-0.38863052352683614
1763658739.4525688,767041.5550257546,3403850.439824413,86.81137032620609,0.01423781180920575,-0.018134281922261356,-0.9211310688190488,-0.38856915290630867
1763658739.4627702,767041.4161009104,3403850.577505702,86.80637152399868,0.014640465447812695,-0.01854751966022639,-0.9211500833207542,-0.3884896012560601
1763658739.4725857,767041.2771870256,3403850.715175115,86.80117819644511,0.01432237082306516,-0.01849756662461219,-0.9211869801291583,-0.3884163453866173
1763658739.4827673,767041.1383004164,3403850.8529759697,86.79588510282338,0.014412854551309886,-0.01861326782829927,-0.9212186176835306,-0.3883324275896617
1763658739.492689,767040.9994059491,3403850.9906590846,86.79074076935649,0.014213943000611615,-0.018682368633224544,-0.9212562091243255,-0.38824725379132435
1763658739.503717,767040.8604381265,3403851.128382581,86.7858105506748,0.014115082851472944,-0.01888219451229091,-0.9212810913094494,-0.3881821453418048
1763658739.5128412,767040.7213972153,3403851.265964211,86.78087342716753,0.01407180147791088,-0.019174781624544366,-0.9213044050998636,-0.3881140364588783
1763658739.5225632,767040.5822437825,3403851.4036282855,86.77580132056028,0.014051353604534772,-0.019445138515891254,-0.9213262936125965,-0.38804936122618955
1763658739.5325797,767040.4430655369,3403851.5412966087,86.77050323784351,0.014128542080565624,-0.01967889323895122,-0.9213509530647571,-0.3879762193050387
1763658739.5425732,767040.3039398007,3403851.6790015525,86.7652066797018,0.013910708015462714,-0.01969898214852101,-0.9213881819497881,-0.38789465124964645
1763658739.5527031,767040.1648414157,3403851.81663834,86.76005126349628,0.013775285053565706,-0.019830124995058256,-0.9214278724369551,-0.3877985089717081
1763658739.5625415,767040.0256731561,3403851.9542873637,86.75495946686715,0.013726288512452011,-0.02011785170244699,-0.9214610307849831,-0.387706628510821
1763658739.5727148,767039.8863900315,3403852.09186565,86.74986148346215,0.01352781391701585,-0.02044259421848037,-0.9214932534117015,-0.38762002335916923
1763658739.5825226,767039.7470014442,3403852.2295399318,86.74467191658914,0.01352818655888612,-0.020782759482478392,-0.9215252018743012,-0.38752595704965315
1763658739.5927997,767039.607620585,3403852.3672076412,86.73941261600703,0.01336923635586591,-0.020927149384730084,-0.9215713692325405,-0.3874138992715037
1763658739.6035058,767039.4682503447,3403852.5049080974,86.7342069381848,0.01323733404925302,-0.02102577458919462,-0.9216165396962446,-0.3873056203420153
1763658739.6127715,767039.3288909976,3403852.642583248,86.72895921301097,0.013363903089896047,-0.021186670296601276,-0.9216629767957534,-0.38718198343923194
1763658739.6227188,767039.1894786567,3403852.7802683455,86.72373246122152,0.013239903046491905,-0.021287472315833604,-0.9217142415265092,-0.38705865893548225
1763658739.632705,767039.0500248874,3403852.917930389,86.71853251941502,0.013102889022506697,-0.021411748786388317,-0.9217639064806296,-0.3869381759696783
1763658739.6425858,767038.9104930391,3403853.0555792474,86.71338426321745,0.01306330133165187,-0.021585203728487084,-0.9218164167421661,-0.38680476078113507
1763658739.6526399,767038.7709405556,3403853.1932211374,86.7082543047145,0.013012895443984764,-0.021673760158706232,-0.9218709682507205,-0.38667147628086795
1763658739.662782,767038.6314093499,3403853.3308812985,86.70318049006164,0.01315702531298557,-0.02174142190047616,-0.9219362702283072,-0.3865070722460028
1763658739.6727307,767038.4918505698,3403853.4685840462,86.69807035569102,0.013181955768074063,-0.021740914682748785,-0.9220061178296791,-0.3863396010707803
1763658739.6828175,767038.3522128368,3403853.6062574964,86.69290573522449,0.013213134814919519,-0.021768900638997224,-0.922077973738139,-0.3861654287741201
1763658739.6927958,767038.2124844489,3403853.7438765294,86.68781485036016,0.013285867773144156,-0.02186282933810447,-0.9221468710446354,-0.3859930707065034
1763658739.7033873,767038.0726704085,3403853.88140635,86.6827538497746,0.01321486256916614,-0.0219247954607242,-0.92222047403604,-0.38581610648082704
1763658739.7126012,767037.9327987459,3403854.018911399,86.67774955928326,0.013268253101038085,-0.022028433695921897,-0.922289936355939,-0.38564228874062656
1763658739.7226129,767037.7928750179,3403854.1563474103,86.67268295306712,0.013335336858160653,-0.02215193799267516,-0.922356258298443,-0.3854742445504546
1763658739.7326517,767037.6527933478,3403854.293881093,86.66761979926378,0.013369854750246463,-0.022249988324353268,-0.9224187105832387,-0.3853179302465422
1763658739.7426484,767037.5127318114,3403854.431340278,86.66239650547504,0.013543015396668762,-0.022329736559929134,-0.922485380485845,-0.38514762415081244
1763658739.759785,767037.3725881104,3403854.5687117283,86.65721696056426,0.013323335824613008,-0.02224946089670536,-0.9225594733124338,-0.3849824261103296
1763658739.7626264,767037.2323381111,3403854.706044283,86.65203352365643,0.013485067221011747,-0.022369070084062536,-0.9226212847519053,-0.3848217023354618
1763658739.7728252,767037.0920465965,3403854.843245869,86.646833922714,0.013426222650912454,-0.02242836403548247,-0.92268696253809,-0.38466280583681783
1763658739.7828393,767036.9515943783,3403854.9804985565,86.64159868471324,0.0134011548939813,-0.022501662152851466,-0.922748945898237,-0.3845106852761819
1763658739.7928452,767036.811118582,3403855.1176548917,86.63621427025646,0.013496528705525795,-0.022576870138304214,-0.9228136975975894,-0.3843475096496971
1763658739.8034716,767036.6705340478,3403855.2548341653,86.63081049453467,0.01333299801368244,-0.022506511931504623,-0.9228815139323608,-0.38419448112454413
1763658739.8127959,767036.5298962243,3403855.3920034817,86.62539600394666,0.013353077518189826,-0.02252566578375128,-0.9229441164047405,-0.3840422472797294
1763658739.8225894,767036.3892518685,3403855.529066407,86.62007148750126,0.013311798867456915,-0.022505014052990765,-0.923012643728526,-0.3838801634242965
1763658739.8325465,767036.2484583184,3403855.666154081,86.61476056557149,0.01333958743789915,-0.022497360476724362,-0.9230786279979606,-0.3837209542258146
1763658739.8427913,767036.1076144578,3403855.8031882215,86.60937366541475,0.013400796830418504,-0.022491473502513515,-0.9231471804661455,-0.38355421450089855
1763658739.8526454,767035.966680825,3403855.9401608477,86.60390289314091,0.013383195980986435,-0.022467251302722556,-0.9232158216701025,-0.3833910005493507
1763658739.8626056,767035.8256554983,3403856.0771202077,86.59846136905253,0.013297051698790075,-0.022424928967044726,-0.9232847108444919,-0.38323054901422643
1763658739.8758929,767035.6845762013,3403856.2140234523,86.59309083782136,0.013324948135282576,-0.022374917052826904,-0.9233541199325512,-0.3830652399365612
1763658739.8877795,767035.5434624323,3403856.35090637,86.58775476831943,0.0133216099039211,-0.02232698510060644,-0.9234205464341884,-0.3829079979173456
1763658739.8997378,767035.4023178562,3403856.4878130984,86.58236592449248,0.013415557936351795,-0.0223303558445318,-0.9234855740422255,-0.38274766171593283
1763658739.9034305,767035.2611137182,3403856.6246540686,86.57696697767824,0.013360430362760184,-0.02228619770795809,-0.9235559617959128,-0.38258229143998573
1763658739.912544,767035.119829816,3403856.7614504145,86.57159975916147,0.013351111580254569,-0.02221409646608308,-0.9236294910169867,-0.3824092638279952
1763658739.9226096,767034.9784521111,3403856.898224125,86.56630548276007,0.013388622232843612,-0.022136717604240755,-0.9237085714686286,-0.3822213828709766
1763658739.9326766,767034.8370431698,3403857.034961946,86.5609808890149,0.01341147586830247,-0.02208807676409368,-0.9237858105613201,-0.38203668068061547
1763658739.9429474,767034.6955456019,3403857.1716734855,86.55569138471037,0.013509569270496062,-0.022084561315394446,-0.9238641916897194,-0.3818438411224329
1763658739.9527156,767034.5539777027,3403857.3083819193,86.55035755503923,0.013570327852054294,-0.022048911493954004,-0.9239405820658342,-0.38165886930054044
1763658739.9627059,767034.4123681575,3403857.445039161,86.54493718966842,0.01359874821159826,-0.021994146620248373,-0.9240176702968657,-0.38147434584867923
1763658739.9758062,767034.2706323824,3403857.581689427,86.53943580202758,0.01353937183935433,-0.02191824446533847,-0.9240953749000387,-0.3812925570452564
1763658739.983825,767034.1288585908,3403857.718276655,86.53396076709032,0.013499849506322801,-0.021884394169121767,-0.9241697430323461,-0.3811156168653872
1763658739.9957895,767033.9870523456,3403857.854753341,86.52859192714095,0.013411083341620984,-0.021828216682721942,-0.9242483146370037,-0.38093139105449736
1763658740.0077486,767033.8451166161,3403857.9912473853,86.52324937749654,0.013392220686084692,-0.021840641848210943,-0.9243212845616271,-0.38075424842685224
1763658740.012776,767033.7031223404,3403858.1277169497,86.51782257668674,0.013508359585285103,-0.021879870466739698,-0.9243979376777423,-0.3805617536048655
1763658740.0266607,767033.5610858195,3403858.264105768,86.51237772218883,0.013355036286837315,-0.021821113840298584,-0.9244741944729447,-0.3803852596383654
1763658740.0332065,767033.4189648356,3403858.4005399137,86.50697416067123,0.01338676914643588,-0.0217976068895345,-0.9245490507253225,-0.38020351333018304
1763658740.0427406,767033.2765407029,3403858.5367351323,86.50154554378241,0.013348053079548958,-0.02173226867886134,-0.9246271699458672,-0.38001859766984025
1763658740.052803,767033.1341440318,3403858.6729095685,86.49615752417594,0.013338840084725193,-0.021731209184112615,-0.9247007437641215,-0.3798399194064137
1763658740.0629752,767032.9916523902,3403858.809053859,86.49074944201857,0.013411710241115767,-0.021749790278969488,-0.9247771241140684,-0.37965029088167707
1763658740.0727565,767032.8490489682,3403858.9451720305,86.48531736060977,0.013313374848917297,-0.02171055519532765,-0.9248543032949121,-0.3794679479483417
1763658740.0829108,767032.7063863995,3403859.081275455,86.4799067210406,0.013312989685320409,-0.021689917443306474,-0.9249312694940791,-0.37928150297504926
1763658740.0929637,767032.5636537493,3403859.2173102065,86.47448620572686,0.01330333106011853,-0.02168258665602461,-0.9250068293741363,-0.3790979456945347
1763658740.103774,767032.4208916165,3403859.3533041663,86.46913761273026,0.013219634207639504,-0.021678612135975116,-0.9250793732198404,-0.3789240455427201
1763658740.1131408,767032.2780389049,3403859.4892578865,86.4638459123671,0.013239691473683448,-0.02170413774826479,-0.9251496062947822,-0.37875037550726665
1763658740.1228666,767032.1350984127,3403859.6252128095,86.45854885224253,0.013216812802029642,-0.021748958131884356,-0.9252194978378139,-0.37857783809974516
1763658740.1327636,767031.9921270042,3403859.7610921157,86.45318018924445,0.013205603195085708,-0.02182223246231595,-0.9252880947369919,-0.3784063212376376
1763658740.142726,767031.8490451002,3403859.8969475287,86.44784883130342,0.013169996674435738,-0.021871904410986017,-0.925360952800357,-0.3782264903697882
1763658740.152797,767031.7059212961,3403860.0327239893,86.44261808972806,0.013061311927697451,-0.021883871800261627,-0.9254333657060607,-0.37805235606157706
1763658740.1628985,767031.5627546695,3403860.16849187,86.43743588216603,0.013159084580743515,-0.021957812732938117,-0.9255037385678068,-0.377872363173063
1763658740.172694,767031.419500622,3403860.304242679,86.43223431054503,0.013198191842436108,-0.02204434607386942,-0.9255741315634767,-0.37769350208705177
1763658740.1830313,767031.2761878099,3403860.4399875766,86.42694227863103,0.013238877731027932,-0.022134884037723422,-0.9256436076141665,-0.37751647739945093
1763658740.1926942,767031.1327843792,3403860.5756659396,86.42162671033293,0.013155816793335676,-0.022154350761368905,-0.9257173308407964,-0.37733742540044174
1763658740.2038188,767030.989308276,3403860.71133699,86.4162890445441,0.013090673753383972,-0.022206199260225698,-0.9257851378830668,-0.37717024995342435
1763658740.2127352,767030.8457699793,3403860.846980882,86.4109869133681,0.013025662562969437,-0.022264654706357453,-0.9258551773224549,-0.37699709268216913
1763658740.222991,767030.7022260122,3403860.982512222,86.40577486064285,0.012922146584605361,-0.022346371852220222,-0.9259217124916469,-0.3768323766998057
1763658740.2330883,767030.5585708418,3403861.1180699854,86.40059216693044,0.012920093832697321,-0.022412490821224446,-0.9259892462021753,-0.37666253775557534
1763658740.2429402,767030.4148617266,3403861.2536120405,86.39540785271674,0.012968049178261604,-0.02246134375655346,-0.9260589003747799,-0.37648669401960766
1763658740.2528856,767030.2711210572,3403861.3891193764,86.39014634490013,0.012951778716581925,-0.022475722155897097,-0.9261286099582038,-0.3763148829883465
1763658740.2637174,767030.1273004476,3403861.524578591,86.38491754140705,0.012988613740853704,-0.022497550484300577,-0.9262015183713903,-0.3761328269399366
1763658740.2727213,767029.9834073322,3403861.660004261,86.37965704221278,0.012990894929509462,-0.022512372029125205,-0.9262731847236058,-0.37595533912493
1763658740.2827065,767029.8394661689,3403861.795363243,86.37443631701171,0.012902716619858215,-0.022503889135468285,-0.9263436170544745,-0.3757853084143111
1763658740.2925658,767029.6954289344,3403861.93071821,86.3691691160202,0.012936157641913693,-0.02257926029973177,-0.9264095251743244,-0.3756171248706097
1763658740.3033686,767029.5513090866,3403862.0660326066,86.36387440096587,0.012789974410970722,-0.022598548274509384,-0.9264758451788815,-0.3754573617210465
1763658740.3125286,767029.4071245772,3403862.201319284,86.35854797624052,0.012794719435479981,-0.022655992734031984,-0.9265419664389782,-0.37529053488623204
1763658740.3225548,767029.2628976796,3403862.336589023,86.35326564032584,0.012645428287870296,-0.022646602994517494,-0.9266124726042119,-0.3751220469800914
1763658740.3325393,767029.1186109879,3403862.471829275,86.34806885011494,0.012601482755666867,-0.02268472069000276,-0.9266798844193374,-0.3749546611153659
1763658740.342609,767028.9742672867,3403862.6070064898,86.34293492045254,0.012590121363032732,-0.02276689314396873,-0.926745918578116,-0.37478681916449397
1763658740.3526504,767028.8298260865,3403862.7421162375,86.33777153026313,0.012606036627930698,-0.02283681402180466,-0.9268122338821497,-0.3746180066310858
1763658740.3629496,767028.6853061509,3403862.8772194204,86.33257164247334,0.012636608991318014,-0.022910516716114913,-0.9268764283268301,-0.37445361655230364
1763658740.3727646,767028.54073122,3403863.012296468,86.32736156601459,0.012506631419410885,-0.02291110785692815,-0.9269412510710641,-0.3742974517280578
1763658740.3827066,767028.3961352105,3403863.1473563355,86.32217024173588,0.012551847689486544,-0.02299709934515088,-0.9270026181259604,-0.374138651476834
1763658740.3926697,767028.2514809456,3403863.2823420605,86.31699407100677,0.012506826628017859,-0.023026714785026884,-0.9270657981652498,-0.3739817583333898
1763658740.403436,767028.1067046615,3403863.417318868,86.31183985620737,0.012454991383168672,-0.023046482902799884,-0.9271291327407347,-0.3738252319451817
1763658740.4125721,767027.9618860097,3403863.552217847,86.30665707867593,0.012467318867313892,-0.023095886001653236,-0.9271881632291548,-0.3736753349872126
1763658740.422578,767027.8169840013,3403863.6871115942,86.30154214333743,0.012352048840695268,-0.02309200585920149,-0.9272473482167116,-0.3735325171653895
1763658740.432609,767027.6720269814,3403863.8219756344,86.29651400912553,0.012418154301204676,-0.023179445725563325,-0.9273043418442718,-0.37338339590341874
1763658740.442586,767027.5270088048,3403863.956809516,86.2914681211114,0.012476848549797494,-0.023243139478957967,-0.9273610432841892,-0.3732366275116727
1763658740.4530911,767027.3819169739,3403864.0916041783,86.2864096192643,0.012463346524642574,-0.023296397354198986,-0.9274171024854007,-0.3730944396279661
1763658740.462516,767027.2367600619,3403864.226355731,86.28128403425217,0.012540318324454642,-0.023401020116676594,-0.9274701505544057,-0.3729534186790731
1763658740.4726732,767027.0915160845,3403864.361085738,86.27617818955332,0.012480212550655182,-0.023428332707840366,-0.9275219438085718,-0.372824893582483
1763658740.482557,767026.9462615722,3403864.495757579,86.2710918681696,0.012513842160416955,-0.023486603017216615,-0.927571206970245,-0.37269751707364357
1763658740.492612,767026.8009575217,3403864.6304128887,86.26599021721631,0.01249886976643906,-0.02354059637993883,-0.9276177702835061,-0.3725787042101237
1763658740.5039103,767026.6555836326,3403864.765017338,86.26090722344816,0.012479709890322894,-0.023593769202178226,-0.9276633446243993,-0.3724624946704849
1763658740.5127914,767026.5100989679,3403864.8996218843,86.25581478700042,0.012548092673178825,-0.02363405261054095,-0.9277092571832835,-0.37234327046947957
1763658740.522794,767026.3645741581,3403865.0341824875,86.25069077499211,0.012566460330682653,-0.023611121538073924,-0.9277554499168787,-0.3722289942548828
1763658740.5328057,767026.2189968762,3403865.1687402357,86.24551475793123,0.012616600926561066,-0.023608618779979204,-0.9277998799308809,-0.3721166984973998
1763658740.5428588,767026.0733874983,3403865.303231096,86.24033755622804,0.012585624289082477,-0.02361491868332235,-0.9278411275919822,-0.37201448846203966
1763658740.5527582,767025.927690096,3403865.437696229,86.23519843444228,0.012598638196060934,-0.023667412815949848,-0.9278780563845191,-0.3719185937356336
1763658740.5677564,767025.7819453176,3403865.5721377186,86.23004865087569,0.012575340025484898,-0.023702924623056752,-0.9279104904867559,-0.3718361922032137
1763658740.5725672,767025.6361065016,3403865.7065649224,86.22483924031258,0.012579929984892695,-0.02374079550020721,-0.9279408643802095,-0.3717578139110223
1763658740.5826128,767025.4901965619,3403865.8410077295,86.21960597392172,0.012580233910388362,-0.023743605098842276,-0.9279700546372558,-0.37168475436611437
1763658740.5927806,767025.3443058712,3403865.975359745,86.21438907831907,0.012561171377709356,-0.023716892329119253,-0.9279998833859602,-0.3716126241498165
1763658740.6035872,767025.1983541853,3403866.1097140536,86.20917813666165,0.012568822175674583,-0.023673571085253326,-0.9280283294880038,-0.37154408407198813
1763658740.612858,767025.0523409066,3403866.2440767344,86.20392045285553,0.01263119561851326,-0.023649156695606254,-0.9280544402901179,-0.3714782983467936
1763658740.6228254,767024.9062618704,3403866.3783887536,86.19861811492592,0.01257747682915516,-0.023582411583636914,-0.9280794681403681,-0.37142183263346745
1763658740.6326756,767024.7601617537,3403866.512684899,86.19332458917052,0.01251939520399031,-0.023529646613100457,-0.9280981418845397,-0.3713804780874375
1763658740.6427019,767024.6139890954,3403866.646952971,86.18806508556008,0.012509574707640532,-0.023446000902785383,-0.9281183664050694,-0.371335553810682
1763658740.6527097,767024.4677621406,3403866.781257768,86.1828657547012,0.01247572148245376,-0.023347910850760576,-0.9281349140250708,-0.3713015119819362
1763658740.6625214,767024.3214956954,3403866.9155231733,86.17759797535837,0.012601767211746025,-0.023290533193964288,-0.9281498637664158,-0.37126348718540275
1763658740.6725264,767024.1751960753,3403867.049784769,86.1723447656259,0.012593466392436095,-0.023195821191165585,-0.9281594914060852,-0.37124562892549645
1763658740.682555,767024.0288300944,3403867.184010884,86.16710764728487,0.012589741313188275,-0.023134491922575426,-0.928165188999555,-0.3712353372546475
1763658740.6926973,767023.8824055389,3403867.3182257568,86.16189227439463,0.01264781639372427,-0.023095038975735237,-0.9281656085244332,-0.37123477082252004
1763658740.7035022,767023.7359481497,3403867.452418762,86.15663174819201,0.01270062254090618,-0.023031820217151625,-0.928166172438741,-0.371235485621964
1763658740.7127066,767023.5894679739,3403867.5866142684,86.15142181236297,0.012689432864365791,-0.022901256104356636,-0.928166371106584,-0.3712434488435568
1763658740.7226112,767023.4429673348,3403867.7208517464,86.14622719492763,0.012755562786576614,-0.022777164598051604,-0.9281641406384028,-0.3712543931374368
1763658740.7325613,767023.296444496,3403867.855046514,86.14101729821414,0.012808030739438401,-0.022615607384144726,-0.9281658582027976,-0.3712581693618177
1763658740.7426515,767023.1498699405,3403867.989239873,86.1358168469742,0.01291399889988691,-0.022450309802561384,-0.9281638600374715,-0.3712695262777749
1763658740.752593,767023.0032710333,3403868.1233736672,86.13063141796738,0.012962323337607471,-0.02226973842373115,-0.9281608959203278,-0.3712861271426722
1763658740.762521,767022.8566305406,3403868.257542931,86.12550736870617,0.012990089172080487,-0.022123285256003024,-0.9281496065650481,-0.3713221319365831
1763658740.772574,767022.7099328949,3403868.3917240226,86.12039864622056,0.013111844405164823,-0.02204310743183144,-0.9281360048018151,-0.3713566177430641
1763658740.7825246,767022.5631900544,3403868.5258923504,86.1153038367629,0.013175250841551352,-0.021942879855259403,-0.9281222771755306,-0.37139461681535924
1763658740.792501,767022.4164457772,3403868.6600827235,86.11017255764455,0.013317099373223347,-0.02186555580641564,-0.9281066805900601,-0.3714330919259355
1763658740.80341,767022.2696436669,3403868.7943020537,86.1049776673317,0.013364838925096469,-0.02175270124158277,-0.9280917098316321,-0.3714754086221567
1763658740.8126123,767022.1228324778,3403868.9285305045,86.09966088552028,0.013410421641602287,-0.021680509212976047,-0.9280712315771867,-0.37152914452363556
1763658740.822643,767021.9760161333,3403869.062743723,86.09430461376905,0.013478962227803556,-0.02154903110327744,-0.9280552892707387,-0.3715741337773349
1763658740.8326116,767021.8291656806,3403869.196999688,86.08901469409466,0.013395358562746942,-0.021304060901103043,-0.9280427181853403,-0.37162267770046314
1763658740.8425708,767021.6823456979,3403869.331246057,86.08382311556488,0.013401826069699,-0.021102710872603334,-0.9280272185777155,-0.3716726358379561
1763658740.8526824,767021.5355412997,3403869.4655141975,86.07867637462914,0.013604057363914384,-0.020969460226271892,-0.9280076962953214,-0.3717215718487547
1763658740.8627014,767021.3886493014,3403869.599826591,86.07347625400871,0.013698753001562577,-0.020775608515272357,-0.9279915897034399,-0.37176918605057196
1763658740.8725612,767021.2417685281,3403869.734177177,86.06813653372228,0.013871619290780075,-0.020563185109986223,-0.9279776627823662,-0.37180934761428674
1763658740.8825912,767021.0949217114,3403869.868508757,86.06281059980392,0.013805248149250481,-0.02024387185482176,-0.9279694742376143,-0.37184977566085603
1763658740.8926296,767020.9480181183,3403870.0028815586,86.0575593803078,0.013835928192353143,-0.019995508809033658,-0.9279602120428199,-0.3718851860238163
1763658740.9035196,767020.8011447998,3403870.1372592757,86.05234252940863,0.014014926964495545,-0.019777407514032168,-0.9279531051048999,-0.3719078793201053
1763658740.9127555,767020.6542146482,3403870.271645144,86.04712245799601,0.014034218685029621,-0.01947766878888431,-0.927951982763273,-0.3719257705647209
1763658740.9228055,767020.5072516577,3403870.406141327,86.04185808356851,0.014149474561205525,-0.019238592403486982,-0.9279455085328159,-0.3719499994969052
1763658740.932834,767020.3602474122,3403870.540622375,86.03656380996108,0.014223686516408764,-0.01905426226614451,-0.9279385023926383,-0.3719741356716662
1763658740.9426928,767020.213287418,3403870.6751046823,86.03135280497372,0.01427478547398684,-0.0189349628667595,-0.9279253374215024,-0.37201110985036057
1763658740.9530442,767020.0663385378,3403870.80956681,86.02618290483952,0.014440109872467683,-0.018872079692722057,-0.9279150998553075,-0.3720334599138327
1763658740.962594,767019.9193646302,3403870.9440872166,86.02101562451571,0.014467554410616553,-0.018779873924496288,-0.9279048784142119,-0.3720625522944532
1763658740.9726284,767019.7723862058,3403871.0787117216,86.01573136541992,0.014577951268198322,-0.018734692135893585,-0.927896862335513,-0.37208051214126436
1763658740.98252,767019.6254263722,3403871.213320395,86.01033964660019,0.014621734570103457,-0.01861911037582315,-0.9278974292285163,-0.3720831821489451
1763658740.9925249,767019.4784427376,3403871.3479603264,86.00503114704043,0.014518020482468183,-0.018391069491678128,-0.9279027545759511,-0.3720853043249425
1763658741.0052698,767019.3314802627,3403871.482585571,85.99986662436277,0.014635740706734185,-0.018223705324377962,-0.9279094500012305,-0.3720722298917634
1763658741.0131311,767019.1845220418,3403871.6172619495,85.99475472141057,0.014667891898312798,-0.018122117425359494,-0.9279093089315679,-0.37207627740212246
1763658741.0265262,767019.0374809793,3403871.751946554,85.98966051172465,0.01477421841034362,-0.0181060197347123,-0.9279052843853075,-0.3720828909390367
1763658741.0331547,767018.8903900348,3403871.88664817,85.98449431080371,0.014964682487394002,-0.018103170769142116,-0.9278967256774427,-0.37209676155972554
1763658741.042785,767018.7434870233,3403872.0216036183,85.97934315819293,0.014929133466975627,-0.017976477737563296,-0.9278905345162627,-0.3721197699359714
1763658741.052729,767018.5965969546,3403872.1565399617,85.9742121193558,0.015034344625037124,-0.017931925261867012,-0.927880695159948,-0.3721422175561245
1763658741.0627718,767018.4496814767,3403872.291529067,85.96903792861849,0.015105102110489451,-0.017923702918630092,-0.9278680209890598,-0.37217134815802494
1763658741.0727866,767018.3027466194,3403872.426521057,85.9636964565143,0.015195190158965177,-0.017901930908091227,-0.9278580504079263,-0.37219358586493256
1763658741.08275,767018.1557845981,3403872.561526291,85.95823820214719,0.015082277244481935,-0.0177996394099263,-0.9278538585715939,-0.37221353398795376
1763658741.0927603,767018.008807561,3403872.696536917,85.952742125839,0.015010972715240555,-0.01767996512308955,-0.927851990328086,-0.37222677708031465
1763658741.1035826,767017.8618617707,3403872.831565134,85.94740382954478,0.014897054015840568,-0.017584551889528392,-0.927847247556814,-0.37224769511407024
1763658741.113649,767017.7148722997,3403872.9666566006,85.94209919497371,0.014957217886030811,-0.017580619624846798,-0.9278387407062165,-0.37226667147546055
1763658741.1226969,767017.567908509,3403873.1017330494,85.93673703726381,0.014904387272581199,-0.017593483101320535,-0.9278241700912667,-0.37230449632907275
1763658741.1327171,767017.4208956044,3403873.2368700155,85.93129745777696,0.01489979480702387,-0.01758079664065188,-0.9278132263324694,-0.3723325512854365
1763658741.142739,767017.2738565244,3403873.372013513,85.92591272108257,0.014769226642651605,-0.01749906508514528,-0.927807654326771,-0.37235548772400134
1763658741.152814,767017.1268419995,3403873.507197975,85.92057854589075,0.014764553240640993,-0.017463187288998518,-0.9278000817325815,-0.3723762256029897
1763658741.1628919,767016.9798454609,3403873.642360682,85.91528647392988,0.014757868960993707,-0.017452136693522278,-0.927790940091773,-0.3723997847907336
1763658741.172849,767016.8328258125,3403873.777595776,85.90993283968419,0.014801263628551446,-0.01744548289352477,-0.9277773282000117,-0.3724322851199366
1763658741.1837933,767016.6858002134,3403873.9128512293,85.904595118016,0.014730791363772276,-0.017328476880028504,-0.9277688768443734,-0.372461593770076
1763658741.1928604,767016.5387609155,3403874.048190376,85.899348475039,0.014699481721217777,-0.017184928371305502,-0.9277607691925751,-0.3724896758585422
1763658741.2034774,767016.3917426094,3403874.183518151,85.89415508974344,0.014760929309108082,-0.0170437536707472,-0.9277530296471238,-0.37251300837329887
1763658741.2129216,767016.2447263175,3403874.318877317,85.8889600597322,0.014847717998552067,-0.016872468023508422,-0.9277475251659587,-0.37253106533746977
1763658741.2226405,767016.0977329679,3403874.4542146493,85.88373434636742,0.014900975083288704,-0.01669461528548716,-0.9277444164028561,-0.3725446934199449
1763658741.2326014,767015.9506925475,3403874.589588564,85.87849766481668,0.014873635050136792,-0.016517467817319487,-0.9277406910133936,-0.37256295907576475
1763658741.242858,767015.803606066,3403874.724948596,85.87333917804062,0.014817659367124335,-0.016424294858185952,-0.9277309743246808,-0.37259350341608105
1763658741.259724,767015.6565306319,3403874.860334471,85.86820815317333,0.014927622902079551,-0.01641227106490489,-0.9277144043462215,-0.3726308996869702
1763658741.262585,767015.5094445802,3403874.9957318604,85.86314070224762,0.01490824566677802,-0.016307323699269936,-0.9277047545174,-0.3726603062451337
1763658741.2725396,767015.3623358855,3403875.1312228073,85.85811969544739,0.01498252409226792,-0.01622648778626546,-0.9276942332953844,-0.3726870464296232
1763658741.2826262,767015.2152396424,3403875.2666912246,85.85306276474148,0.01512017745889017,-0.016200967475511002,-0.9276873417259764,-0.3726997516605833
1763658741.2926455,767015.0680886644,3403875.402237391,85.84794090222567,0.015202703922082896,-0.0162038147230779,-0.9276769863918983,-0.372722045364536
1763658741.3035088,767014.9209231623,3403875.5377303706,85.84276937600225,0.015210563503955664,-0.016155150872207237,-0.9276724918256385,-0.3727350235330713
1763658741.3131497,767014.773753095,3403875.673240552,85.83764627669007,0.015200760836199714,-0.01605330916744425,-0.9276645869122087,-0.3727594966245345
1763658741.3229365,767014.6266488452,3403875.808747017,85.832585263066,0.015217006258196218,-0.015924814077675067,-0.9276557428502059,-0.3727863540610925
1763658741.3328063,767014.4794731946,3403875.9443481416,85.82760996650904,0.015263656281243772,-0.01583006884565194,-0.9276439561844646,-0.372817811097733
1763658741.3429098,767014.3323338899,3403876.0799346385,85.8225784022361,0.015392099683095323,-0.015757253718737478,-0.9276287118286715,-0.37285354391995357
1763658741.3538628,767014.185117779,3403876.215567867,85.81762303691357,0.015405589828246278,-0.015595770538655731,-0.9276209533640133,-0.37287907774959517
1763658741.3627508,767014.0379491688,3403876.351156704,85.81271492131054,0.015456366477286682,-0.015524519891755665,-0.9276087660865485,-0.3729102668160818
1763658741.3726377,767013.8907117466,3403876.4867798635,85.80781198106706,0.01558134777964721,-0.015562079529298712,-0.92759634386656,-0.3729343992279126
1763658741.3826318,767013.7434475678,3403876.6224196376,85.8028095876798,0.015680720954462112,-0.015623116138648552,-0.9275807539538912,-0.3729664571067987
1763658741.3927035,767013.5961892118,3403876.7581065544,85.79766979068518,0.01571884910919069,-0.015614474473129894,-0.9275685902333217,-0.37299546429169705
1763658741.4034472,767013.4489446054,3403876.8938681204,85.79248940292746,0.01564311159915828,-0.015557444423186666,-0.9275602189615645,-0.3730218481302268
1763658741.412589,767013.3017399858,3403877.0296438546,85.7873299876228,0.015490016259506452,-0.015551774107642018,-0.9275529105603366,-0.3730466456482801
1763658741.4225621,767013.1544720901,3403877.1654495327,85.78217616584152,0.015505265727117514,-0.015644195735317196,-0.9275442408747886,-0.373063703802097
1763658741.4325538,767013.007246193,3403877.301228286,85.77697422169149,0.015480079851485296,-0.015664497876345128,-0.927538275222552,-0.3730787298027681
1763658741.4427507,767012.8599589883,3403877.437091277,85.77173382788897,0.015406690260678922,-0.01558785411432155,-0.9275393608676302,-0.3730822787812232
1763658741.4527159,767012.7127276077,3403877.572953799,85.76644877064973,0.015346515071728871,-0.015510767482719545,-0.9275405969816636,-0.3730848985393927
1763658741.4627497,767012.565468695,3403877.7088265633,85.76121906284243,0.015319778063218995,-0.015434836485995253,-0.9275415872059685,-0.3730866846004787
1763658741.4798656,767012.4182261934,3403877.8447355046,85.7560879662633,0.015306971038912731,-0.015386401947523541,-0.927539396302318,-0.37309465766726635
1763658741.4828353,767012.2709830308,3403877.98065876,85.75099589582533,0.015244309426196248,-0.015323633896075481,-0.9275373795820298,-0.3731048200605818
1763658741.4927552,767012.1237016551,3403878.1166378027,85.74593789223582,0.015251152277089288,-0.015313178107044986,-0.9275351403810606,-0.37311053628753144
1763658741.5035067,767011.9764017491,3403878.252658307,85.74082910921425,0.015351914916451784,-0.015300601778236222,-0.9275329901325016,-0.37311226528952735
1763658741.5128744,767011.8291176641,3403878.38866899,85.73575767781585,0.015347747010801575,-0.015199164170499394,-0.9275390593532791,-0.37310149482981814
1763658741.522595,767011.6818664595,3403878.5247277496,85.73072675894946,0.01534473078059581,-0.015120231644290176,-0.9275479429015251,-0.37308274075792225
1763658741.5325496,767011.534600934,3403878.660799441,85.72574352286756,0.015426238021851535,-0.015090685803256452,-0.9275577452875828,-0.3730562042635078
1763658741.5425794,767011.3872912824,3403878.7968849386,85.72079631593078,0.015473591717965213,-0.015054755464337464,-0.9275653171115137,-0.37303686786840745
1763658741.5525079,767011.2399505863,3403878.932980774,85.71580927632749,0.015645865466147785,-0.015031434200359448,-0.9275697276657848,-0.37301965524314806
1763658741.5625422,767011.0926213993,3403879.0690696468,85.71081365365535,0.015646896631427938,-0.014909927565270483,-0.9275768621575755,-0.3730067472254487
1763658741.5725446,767010.9452453088,3403879.2051545475,85.70579093322158,0.015780247145927264,-0.014838844325541169,-0.9275794186343623,-0.3729976067282923
1763658741.5825562,767010.7978682232,3403879.341215011,85.70075987838209,0.015853833965512782,-0.014789381647002045,-0.9275769206693631,-0.37300266269912197
1763658741.5926647,767010.6504708924,3403879.4773012428,85.69573204498738,0.015915740850001896,-0.014755256685912299,-0.9275724663161636,-0.3730124546519562
1763658741.6039631,767010.5030427772,3403879.6133268806,85.69075272139162,0.015852770256279052,-0.01474458835606379,-0.927568365562139,-0.37302575514003605
1763658741.6126118,767010.35554883,3403879.749404026,85.68578952085227,0.015933307922027563,-0.014742104298233789,-0.9275633251356188,-0.37303495536326886
1763658741.62273,767010.2080402127,3403879.8854338466,85.68081747554243,0.016127003094169763,-0.014700795070841896,-0.9275572153810183,-0.37304345402392064
1763658741.6327002,767010.0604953903,3403880.02153637,85.67581768706441,0.016087800505646472,-0.01454925206983773,-0.9275525755057654,-0.3730626242492274
1763658741.6427279,767009.9129366273,3403880.1576184393,85.67067908868194,0.016325414910939706,-0.01452513346905098,-0.9275401728015809,-0.37308407787642894
1763658741.6528602,767009.7653215235,3403880.293671007,85.66560224443674,0.01616206185863438,-0.014437948766632238,-0.9275293904569719,-0.373121378683141
1763658741.6625876,767009.6176595254,3403880.4296904844,85.66056267544627,0.016333318361791974,-0.014476813817656104,-0.9275098136506724,-0.37316107802754056
1763658741.6725998,767009.4699803581,3403880.5656840573,85.65547338500619,0.01636368943846368,-0.014440638199011577,-0.9274897703485747,-0.373210963846341
1763658741.6825395,767009.3222697254,3403880.70179867,85.65022922400385,0.01645951726760487,-0.014330879629882307,-0.9274740781178196,-0.37324997602123405
1763658741.6925492,767009.1745643768,3403880.837887772,85.64484650082886,0.016471609824787892,-0.01421300731749,-0.9274576384058972,-0.3732947969840045
1763658741.7035398,767009.0268961121,3403880.974039813,85.63947136886418,0.016357810973002995,-0.014044349391379742,-0.9274469822499491,-0.3733326578077613
1763658741.7126036,767008.8792180677,3403881.110108241,85.63423540722579,0.01632485356504409,-0.013960021684295157,-0.9274349152445565,-0.37336723870202704
1763658741.7225332,767008.7315180111,3403881.2462454955,85.62902092467993,0.01629580231529311,-0.013918164260979495,-0.9274195630062448,-0.37340820248598044
1763658741.7328317,767008.5837753138,3403881.382375824,85.62375954072922,0.016365399987716495,-0.013911793188252223,-0.9274053182860895,-0.37344077349454813
1763658741.7427468,767008.4360361118,3403881.518549123,85.6184153156355,0.016322601819300907,-0.013806002187801359,-0.9273904994076511,-0.37348337122536907
1763658741.7529128,767008.2883188457,3403881.654741198,85.61310322955251,0.016301627865661396,-0.013619198154168965,-0.9273789517298165,-0.373519817759478
1763658741.7628431,767008.1406189913,3403881.791016678,85.60788384638727,0.016276718361771855,-0.013458346790528587,-0.9273679282076506,-0.3735541019355666
1763658741.7727494,767007.9928980826,3403881.927313498,85.60267661418766,0.01623049903633239,-0.013426834719904673,-0.9273561189524687,-0.37358656246156774
1763658741.782809,767007.8451561807,3403882.0636034873,85.5974364457652,0.01625650929392945,-0.013459064497079074,-0.9273461954844162,-0.3736089040815524
1763658741.7926233,767007.6973584436,3403882.199915312,85.5921579785645,0.016141075337190492,-0.013382046626426898,-0.9273424324446088,-0.37362601555936076
1763658741.803386,767007.5495942234,3403882.336251942,85.58684293646365,0.01619323613056531,-0.01326823078516557,-0.9273353034043108,-0.3736455114349513
1763658741.812626,767007.4018812301,3403882.4726505084,85.58156807534397,0.01614905571011321,-0.013086846560383277,-0.927332826205238,-0.3736599682719336
1763658741.822626,767007.2541712874,3403882.6090925173,85.57634342554957,0.016078009965884633,-0.012979720056681913,-0.9273276038927081,-0.3736797285395549
1763658741.8326037,767007.1064299226,3403882.7455312354,85.57114825025201,0.016059940576906934,-0.012935426635705351,-0.9273230832567698,-0.3736932596469683
1763658741.8425758,767006.9586317629,3403882.881998363,85.56598579976708,0.016006124704397197,-0.012926640151104889,-0.927317734075134,-0.3737091462837242
1763658741.8527832,767006.8108399867,3403883.01846817,85.56075869686902,0.0159336830670144,-0.012912440887247,-0.9273126973204462,-0.37372523062074847
1763658741.8627262,767006.6630607006,3403883.154970072,85.55552741792053,0.015876501532469355,-0.012863612762321442,-0.927311077324223,-0.37373336757316605
1763658741.8727658,767006.5152730499,3403883.291521354,85.55036216974258,0.01577251431758078,-0.012768200368595781,-0.9273115013820787,-0.3737399901749398
1763658741.8826387,767006.3675320413,3403883.428180474,85.54525128379464,0.015753991592658795,-0.012705398198293501,-0.9273098804017261,-0.3737469335190026
1763658741.8927224,767006.2198088993,3403883.5648660287,85.54019206762314,0.015654133005973687,-0.012659494728870993,-0.9273143677083513,-0.37374155342255094
1763658741.9035697,767006.0720220432,3403883.7015173533,85.53526670765132,0.01554608246315018,-0.01270252720421211,-0.9273137829145931,-0.373746054346132
1763658741.9126296,767005.9241765665,3403883.8381403764,85.53033109661192,0.01559050708860293,-0.01275940257318797,-0.9273084574120535,-0.37375547962106653
1763658741.9228566,767005.7763092065,3403883.9748207424,85.52533750701696,0.015603539957674682,-0.01271509661833824,-0.9273074831839998,-0.3737588627574354
1763658741.9326758,767005.6285024834,3403884.1115592406,85.5202102009207,0.015560971720629823,-0.012619618627175895,-0.9273065019181959,-0.3737663078516483
1763658741.9426982,767005.4806713468,3403884.248284497,85.51511503756046,0.015450089823233653,-0.012534414497550064,-0.9273101139508578,-0.373764813408251
1763658741.952987,767005.3328512106,3403884.3850358673,85.51016840338707,0.015296438737470448,-0.012440689312797445,-0.927309068399853,-0.3737768583991924
1763658741.9629045,767005.1849569875,3403884.5217701006,85.5053544389084,0.015195283790857422,-0.01246603978757464,-0.9273054127052791,-0.37378920900692414
1763658741.9725602,767005.0371149189,3403884.6585103534,85.50050106830895,0.015101308861099371,-0.012584398138806293,-0.9272972493056766,-0.37380930275247515
1763658741.9825242,767004.8891870338,3403884.795298799,85.49557321798056,0.01512021557015938,-0.012738362758542699,-0.9272892123917331,-0.3738232600805666
1763658741.9926205,767004.7412834084,3403884.932123317,85.49066283926368,0.014891963959509725,-0.012745148626003334,-0.9272844864769747,-0.3738439135990618
1763658742.005315,767004.5934122973,3403885.068968096,85.48580247722566,0.014794287788006457,-0.012787675588480502,-0.9272776599736985,-0.37386327141829717
1763658742.0128975,767004.4455402717,3403885.2058270355,85.48102131672204,0.01465604952467192,-0.01285401617818445,-0.9272734818613089,-0.37387680366295284
1763658742.0265372,767004.297640501,3403885.342708845,85.47631222289056,0.014465058624731107,-0.012989753788119491,-0.9272676271552744,-0.3738940705672313
1763658742.0332098,767004.1497380256,3403885.4796256437,85.47163042146713,0.01443615710935841,-0.013166354951871398,-0.9272625929915188,-0.3739014951880246
1763658742.0427406,767004.0018766834,3403885.616691523,85.46697014383972,0.014261663658493608,-0.013241368051373112,-0.927265981330256,-0.37389713958448156
1763658742.056047,767003.8540044704,3403885.7537182574,85.46231550443918,0.014251536524632754,-0.013318575819232813,-0.9272650514604489,-0.3738970895646095
1763658742.0629103,767003.7061737939,3403885.890806998,85.4577149329707,0.014291096231137106,-0.013378320339254998,-0.9272696114844945,-0.3738821374856082
1763658742.0725665,767003.5583446433,3403886.0278609996,85.4531720848754,0.014081653343237976,-0.013392810264147285,-0.9272702638412837,-0.3738879477437932
1763658742.0825877,767003.4104958749,3403886.1650100835,85.44875714648515,0.014089390314668588,-0.01353378822211804,-0.9272671001290134,-0.37389042602779965
1763658742.092847,767003.2626528844,3403886.3021230493,85.44434410519898,0.014036950123561773,-0.013667265515875444,-0.927268706480199,-0.373883559236142
1763658742.103576,767003.1148114942,3403886.4392720843,85.43996581248939,0.013967913794486073,-0.013787502608858184,-0.9272706808071496,-0.37387683355817364
1763658742.1127782,767002.9669205266,3403886.576447707,85.43553417176008,0.01403779360672711,-0.01387995340956005,-0.9272805620010576,-0.37384628736822595
1763658742.1225924,767002.8190703006,3403886.7136445427,85.43113739043474,0.013944639865077319,-0.013844462457226868,-0.9272879682286307,-0.37383271908264254
1763658742.132556,767002.6712714026,3403886.8508698167,85.42688791267574,0.013991081109020193,-0.01386553041372679,-0.9272999122768046,-0.37380057438048053
1763658742.142808,767002.5234628236,3403886.9881193754,85.42273907829076,0.014047933627636573,-0.013962852102854766,-0.9273068883634756,-0.37377751285436633
1763658742.152801,767002.3755751983,3403887.1253760112,85.41864516213536,0.014103867692243702,-0.014073795177523258,-0.9273147426042416,-0.37375175899820146
1763658742.1627808,767002.2276972322,3403887.2626332487,85.41447638999671,0.014346277790083494,-0.01418583627618047,-0.9273167947217396,-0.37373320509384045
1763658742.1731231,767002.0797787693,3403887.39986425,85.41018036473542,0.014443893043198987,-0.01414281179969301,-0.9273260894734112,-0.3737080125045569
1763658742.186055,767001.931894104,3403887.53713145,85.4058249341324,0.014555654812662897,-0.01406382070894085,-0.9273340762632287,-0.3736868379553468
1763658742.192969,767001.7839614453,3403887.6743370774,85.40145047195256,0.014515952458261188,-0.013966607816543759,-0.9273451561394016,-0.3736645318666427
1763658742.203494,767001.6359855373,3403887.81163016,85.39716605190188,0.014542714161951489,-0.013923425354724382,-0.9273464122724433,-0.3736619854047544
1763658742.2126822,767001.4879953894,3403887.948805755,85.3928442467004,0.014671005736883534,-0.013932887393661367,-0.927347041407829,-0.37365505621052436
1763658742.2225802,767001.3399376423,3403888.08604776,85.38860538136214,0.014471725384666375,-0.013827876221023905,-0.9273484993659351,-0.3736631099364176
1763658742.2325974,767001.1918917743,3403888.2232133443,85.38425675407052,0.014942540597304061,-0.013909907606688449,-0.9273403770862252,-0.3736616918770894
1763658742.2427104,767001.043791015,3403888.3603490544,85.37999415583909,0.014703607412628175,-0.013717980516231893,-0.9273432022913792,-0.3736712540503774
1763658742.252618,767000.8956642014,3403888.4975712267,85.37552247103304,0.015222975230530402,-0.013749503134250132,-0.9273260453402431,-0.37369187551018174
1763658742.2628493,767000.7474975686,3403888.6347016953,85.37099526636302,0.015085568137622678,-0.0135436203188974,-0.9273237042844202,-0.37371077513880113
1763658742.2728455,767000.5993086374,3403888.771867379,85.36650223005563,0.015096783585667701,-0.013443426443948438,-0.9273056978412986,-0.37375861750851425
1763658742.2828553,767000.4510428745,3403888.9089095583,85.36194988526404,0.015282989521485418,-0.013363559258395186,-0.9272921004327672,-0.37378764825796507
1763658742.2926998,767000.3027519274,3403889.0460001696,85.35733840148896,0.015194234398379072,-0.013105461143194127,-0.9272781182375466,-0.3738350887317908
1763658742.3035426,767000.1544586617,3403889.1830666694,85.35255585238338,0.015389929312330516,-0.012913308865937199,-0.9272596129488018,-0.3738796687758409
1763658742.3126302,767000.006170528,3403889.3201438487,85.34776579029858,0.015186097416882833,-0.012639085959308204,-0.9272441100279067,-0.3739358185169126
1763658742.3226047,766999.8578043622,3403889.457255941,85.34310399834067,0.015058645259091664,-0.012453836252177667,-0.9272231987811075,-0.37399903583792277
1763658742.3326356,766999.70946366,3403889.5943123074,85.33857879415154,0.015216237814169201,-0.012388787234855167,-0.9271992877613708,-0.3740540934576687
1763658742.3425615,766999.5611245786,3403889.731381598,85.33404970727861,0.01517236718205871,-0.012240025110636349,-0.9271757788656906,-0.37411904007171853
1763658742.3526044,766999.4127268485,3403889.8684682534,85.32944384496659,0.015393602487730303,-0.012160447408125682,-0.9271532413204374,-0.3741684482025314
1763658742.362575,766999.2643427324,3403890.0055332445,85.32469374872744,0.015420969216298187,-0.011958362819177365,-0.9271345254314851,-0.3742202065897157
1763658742.372545,766999.1159834011,3403890.1426194445,85.31992033775896,0.015391963919605903,-0.011701483866772383,-0.9271209057855082,-0.3742632613247954
1763658742.382652,766998.967544032,3403890.2798126847,85.3151823990047,0.015338420189750124,-0.011546196447725109,-0.9271058016981644,-0.3743076951804183
1763658742.3926451,766998.8191614978,3403890.4169236626,85.3104313313961,0.01513901424217378,-0.01142039536059599,-0.927084099661441,-0.3743734191586237
1763658742.4035542,766998.6707798801,3403890.554036724,85.30577142722905,0.015188016833799271,-0.01132401330210548,-0.9270659630579309,-0.3744192716819755
1763658742.4157615,766998.5223804743,3403890.691169519,85.30117908865213,0.01508761840700403,-0.011104670128979977,-0.9270440629665055,-0.3744841190099851
1763658742.4252427,766998.3740483006,3403890.828338655,85.29659210052341,0.015163096362171918,-0.010867980197444229,-0.9270265453295983,-0.3745313762148768
1763658742.4328008,766998.2256640729,3403890.965640608,85.29202140122652,0.015155967896815958,-0.010682048426658469,-0.9270114502280586,-0.37457437395608445
1763658742.4426377,766998.0773557825,3403891.102903153,85.28747690375894,0.015126014004932737,-0.010570464560377725,-0.9269986984591175,-0.37461030689825187
1763658742.4526968,766997.9290038019,3403891.2402286716,85.2831322895363,0.015173028417803698,-0.010494831861201051,-0.9269904638316498,-0.37463090859941106
1763658742.467767,766997.7807096075,3403891.377527196,85.27877707127482,0.015161742360171544,-0.010433128846965069,-0.9269798823966402,-0.37465927056857573
1763658742.4727108,766997.6324045311,3403891.51485231,85.2743319105357,0.015214324791975998,-0.010335967142596998,-0.9269695218768985,-0.37468546491112453
1763658742.4825504,766997.4841301187,3403891.6522524655,85.26975865568966,0.015404870171613119,-0.010221628291817183,-0.9269620452997888,-0.3746993126010399
1763658742.4925613,766997.3358713796,3403891.789728867,85.26525540556759,0.015095859865479974,-0.00985491709023947,-0.9269663030429561,-0.3747111803068343
1763658742.503696,766997.1876533392,3403891.927238099,85.26092976052314,0.015129759203279091,-0.009689569759410687,-0.9269620866991075,-0.37472455543607586
1763658742.5130453,766997.0394502219,3403892.064668817,85.25668044295162,0.015160120522243848,-0.009627605782890512,-0.9269616251744994,-0.374726067156384
1763658742.5226607,766996.8911503237,3403892.2021470238,85.25246610864997,0.015141743854965625,-0.00966301714702304,-0.9269477328169082,-0.3747602624588696
1763658742.5358236,766996.7428645955,3403892.339588916,85.24813587591052,0.015321084576850302,-0.009683334154500704,-0.9269438019363972,-0.37476217186202027
1763658742.5426528,766996.5946478664,3403892.4771195482,85.24382283445448,0.01502895027331298,-0.009485577617616961,-0.9269409350535724,-0.3747861488808668
1763658742.5529,766996.4464556192,3403892.6147320936,85.23952359426767,0.015160986865821867,-0.009481073893462918,-0.9269383868384722,-0.37478724727553375
1763658742.5628457,766996.2983151528,3403892.75231404,85.23538257461041,0.015009913079684004,-0.00949919709793716,-0.9269367748939737,-0.3747968557938999
1763658742.5727973,766996.1501239734,3403892.88995129,85.23125437181443,0.01503896878633979,-0.009628842577155107,-0.926927136251878,-0.374816220151103
1763658742.582817,766996.001895752,3403893.027525949,85.2271116413176,0.014873524324297465,-0.00968071155077329,-0.9269282803979105,-0.37481865628143135
1763658742.592707,766995.8536918957,3403893.165168689,85.22289642412215,0.014837600039935124,-0.009793040138491934,-0.9269241203859591,-0.37482744968400733
1763658742.6034827,766995.7055505905,3403893.3027931694,85.21863558050245,0.014835744412559195,-0.009860216230092991,-0.926927459919346,-0.3748175034214524
1763658742.612648,766995.5573643227,3403893.44047662,85.21449818555266,0.014545128606347761,-0.009846620313828188,-0.9269301409078736,-0.3748226209538713
1763658742.6225936,766995.409228025,3403893.5782314963,85.21041918825358,0.014509353655525255,-0.009998435437468273,-0.9269236461558938,-0.37483604968354467
1763658742.6325471,766995.2610876578,3403893.7159851813,85.20630022883415,0.01442065406974466,-0.010190835487335037,-0.9269090211329238,-0.3748704551584131
1763658742.643155,766995.1129922096,3403893.853750571,85.20224832277745,0.014229919356982944,-0.010381601101612238,-0.9269009635081455,-0.3748924320406219
1763658742.6526785,766994.9649379081,3403893.991500629,85.1982400873676,0.014287514203075688,-0.010558168833586748,-0.9268929258409819,-0.37490518272587575
1763658742.6626801,766994.816835912,3403894.1292825504,85.19423172529787,0.01405047980884734,-0.010562234653828783,-0.9269006962621533,-0.3748948152282103
1763658742.6729386,766994.6687656378,3403894.2671369836,85.19019693043083,0.014029882035738439,-0.010685278630561828,-0.9268954866221311,-0.37490498010852485
1763658742.68279,766994.5207171196,3403894.405080801,85.18615257367492,0.014061257270215895,-0.01084448277381433,-0.9268944803603962,-0.3749017211413951
1763658742.6926947,766994.3726701736,3403894.5429796404,85.18224608525634,0.013584406644100181,-0.010925049829330711,-0.9268919249337818,-0.3749232810521413
1763658742.7035215,766994.224604049,3403894.680896476,85.1784373736009,0.013706413687486662,-0.01124967743135973,-0.9268798900790665,-0.3749389928355484
1763658742.7129183,766994.0766037556,3403894.8187894057,85.17462003231049,0.013654176851165621,-0.011434853731127917,-0.9268744076242927,-0.37494884993260275
1763658742.722859,766993.9285924308,3403894.9567942764,85.17077506519854,0.013565248845399377,-0.011530880474602039,-0.9268682624332836,-0.3749643275208304
1763658742.7326496,766993.7806467591,3403895.0948146232,85.16703196428716,0.013673651173696977,-0.011634866199561802,-0.9268692624686182,-0.37495470585522434
1763658742.742538,766993.6327427721,3403895.2328536077,85.16332114860415,0.013554384851012298,-0.011699038994790181,-0.9268655683027316,-0.3749661710511545
1763658742.7525775,766993.4847605566,3403895.3708907347,85.15973653271794,0.013599078808610008,-0.01181309894048519,-0.9268652826937428,-0.37496168269041547
1763658742.7637854,766993.3367903782,3403895.508919969,85.15607177373022,0.013895223017172246,-0.012019121458546741,-0.9268617536570434,-0.3749530011940935
1763658742.7726564,766993.1888067403,3403895.646913242,85.15229092445225,0.013806478979809543,-0.011947867287499457,-0.9268710639808495,-0.37493554160744524
1763658742.782533,766993.0408360347,3403895.784992468,85.14846609067172,0.013965260953338558,-0.0119579837838787,-0.9268688820764028,-0.37493473238521
1763658742.7925007,766992.8929183783,3403895.9230180606,85.14466413855553,0.013848796432960895,-0.011899288286710708,-0.9268703843022625,-0.3749372060478988
1763658742.803386,766992.7449411956,3403896.0612019678,85.14108008984476,0.013879421310566945,-0.011962056535823929,-0.9268597259495414,-0.37496042361862486
1763658742.8126173,766992.5970077387,3403896.199232217,85.13748667482287,0.013961886882476463,-0.012087770132596874,-0.9268580967709561,-0.37495735754619275
1763658742.823975,766992.4490032074,3403896.337342121,85.13396747969091,0.014013427781096864,-0.012228701635972436,-0.926849611012845,-0.3749718406273468
1763658742.8326406,766992.3009701613,3403896.475366049,85.13024022709578,0.014329402407679019,-0.0123975273375562,-0.9268428455388407,-0.37497107783936856
1763658742.843767,766992.1528958566,3403896.6134205903,85.12653545383364,0.014298511011103089,-0.012301651194457551,-0.9268452797964835,-0.374969397790985
1763658742.8537548,766992.004889339,3403896.7514799284,85.1225881613791,0.014712969386593024,-0.012268157813389186,-0.9268381074866443,-0.37497219009717314
1763658742.8627543,766991.8568553729,3403896.8895230005,85.11867082398385,0.014529617726370635,-0.012040367164255517,-0.9268420296588016,-0.37497702839671204
1763658742.8726716,766991.7087805262,3403897.0275929156,85.11470472533256,0.01471011014269544,-0.01207130978834403,-0.9268216013072199,-0.3750194868135576
1763658742.8826876,766991.5606239147,3403897.1655123876,85.11074605863541,0.01468860923968876,-0.01203706888976166,-0.926808951107783,-0.37505269213490217
1763658742.8925972,766991.4124241595,3403897.3034426505,85.1066866479814,0.014709145470616677,-0.011961139136776884,-0.9267872103553805,-0.3751080363198934
1763658742.903383,766991.264235018,3403897.441373804,85.10242235846817,0.01489207565999778,-0.011871374196270124,-0.9267698074896952,-0.37514666529604407
1763658742.9126413,766991.1160419048,3403897.5793388807,85.09815565682948,0.01464206738678922,-0.011627635650252004,-0.926754341873529,-0.37520234243723466
1763658742.922534,766990.9678231106,3403897.7173215565,85.09403264988214,0.014685320274405816,-0.011546218842167793,-0.9267346716407037,-0.37525174826759156
1763658742.93257,766990.8195880023,3403897.8552089226,85.08997165877372,0.014702632458990362,-0.011501547797721775,-0.9267137278675346,-0.3753041614196272
1763658742.9425695,766990.6712949311,3403897.993148903,85.08588007465005,0.014740189576072562,-0.011519153821000336,-0.9266859175353319,-0.375370811529359
1763658742.9525476,766990.523018572,3403898.1309996773,85.08161780703813,0.014895982373527293,-0.011552397013789387,-0.9266606582188012,-0.37542599316224945
1763658742.9677544,766990.3747144872,3403898.268929222,85.07727259676903,0.014834046433606167,-0.01141619876869936,-0.926638188193986,-0.3754880685889313
1763658742.972588,766990.2264986709,3403898.406833303,85.07283165771514,0.014899191248684373,-0.011230499319104392,-0.9266234413475956,-0.37552747959412763
1763658742.9827917,766990.0782462592,3403898.544876957,85.0684774639085,0.014738529902056706,-0.011033594320109,-0.9266113557702942,-0.3755694754506048
1763658742.99287,766989.929987062,3403898.682847349,85.06401683297008,0.014599406355638429,-0.011003582212205007,-0.9265924172138091,-0.37562251113908557
1763658743.005579,766989.7816917596,3403898.820834778,85.05969537608325,0.01451847360658827,-0.0110027070179954,-0.9265728605297602,-0.37567391244549886
1763658743.012695,766989.6334286418,3403898.958810056,85.05540824960917,0.01440785365991898,-0.010898153394575453,-0.926557005838315,-0.3757203201018537
1763658743.0262008,766989.4852524273,3403899.096765443,85.05117975082248,0.014404335369774916,-0.010752063338647066,-0.9265416341567543,-0.37576256922509976
1763658743.0329778,766989.3370362299,3403899.2348483093,85.04691211506724,0.014534251499560173,-0.010655063256097006,-0.9265334824908142,-0.375780429218713
1763658743.042774,766989.188709367,3403899.3728359696,85.04264682717621,0.014410235839541957,-0.010577484057276909,-0.9265248611967141,-0.3758086527988365
1763658743.052766,766989.0403920428,3403899.5108444374,85.03845053911209,0.014429070089083753,-0.010578424502804992,-0.9265173716212833,-0.3758263680948845
1763658743.0627007,766988.8921094115,3403899.6488105394,85.03439257666469,0.014306239294405797,-0.010603484437733126,-0.9265075947268835,-0.37585445926373506
1763658743.0727437,766988.7437994241,3403899.7868218007,85.03025150950998,0.014366099353333151,-0.0106627882230861,-0.9264947192870026,-0.3758822359063782
1763658743.0828261,766988.5955526126,3403899.924823263,85.02603054139763,0.014487085430838077,-0.010644324030725514,-0.9264906123450496,-0.3758882386536498
1763658743.0997932,766988.4472971648,3403900.06293453,85.02171136811376,0.014357363268425427,-0.010434898958145204,-0.9264925379835849,-0.375894341623344
1763658743.103618,766988.2990572674,3403900.201077414,85.01754142809659,0.014201736720966742,-0.010226165699531317,-0.9264921162685922,-0.37590702933217396
1763658743.1157937,766988.1508850062,3403900.339227092,85.01347270607948,0.0143197799706567,-0.01022085431757068,-0.9264919297489965,-0.37590315527884505
1763658743.1229043,766988.0026387798,3403900.4773086114,85.0096371313557,0.014070895057557212,-0.010216315899074934,-0.9264851740415365,-0.37592932724509986
1763658743.132755,766987.8543436088,3403900.61536524,85.00572904758155,0.014322178724016333,-0.010445135216221882,-0.9264708988682828,-0.3759487304102893
1763658743.1427395,766987.706049924,3403900.753424481,85.00172497425228,0.014221937166762566,-0.010437639585589723,-0.9264664315830983,-0.37596375268473153
1763658743.1527317,766987.5578139216,3403900.8916727253,84.99757300317287,0.014332441570945237,-0.010477992342419905,-0.9264622888611238,-0.3759686424601058
1763658743.1628098,766987.4096554664,3403901.02988699,84.99355837423354,0.014156498518234273,-0.010483763557346634,-0.9264669179861754,-0.37596374044390785
1763658743.1727538,766987.2614682097,3403901.1681189635,84.98968377243727,0.014136954078041043,-0.010681082658038887,-0.9264564528947218,-0.375984709652371
1763658743.183451,766987.1132348017,3403901.3063375596,84.98587009776384,0.014071460475923054,-0.010899421709957903,-0.9264486334605821,-0.3760001677732109
1763658743.192861,766986.965042856,3403901.444527363,84.9819616144523,0.014056146642583959,-0.011090386355848313,-0.926447015117942,-0.3759991439499508
1763658743.2119837,766986.816845444,3403901.582810973,84.97793918196112,0.014156574499724696,-0.011252853216148957,-0.9264458425853795,-0.37599343804007485
1763658743.2127905,766986.6686547277,3403901.7211222406,84.97388990223408,0.013991855479676607,-0.011229454806274457,-0.9264512337835806,-0.3759870193848067
1763658743.2237961,766986.5205333759,3403901.8595069735,84.97000219859183,0.01388259835330338,-0.011311632893405093,-0.9264499149420362,-0.37599185566729987
1763658743.2325344,766986.3724588628,3403901.997867255,84.96605764888227,0.013958506105476682,-0.0115348979215774,-0.9264430571533335,-0.3759991596927142
1763658743.2426267,766986.2243385902,3403902.136200333,84.96224417816848,0.01375653401086712,-0.011692726026780313,-0.9264429371280108,-0.37600202416435885
1763658743.2525704,766986.076232652,3403902.274590852,84.95846337918192,0.013845617645287437,-0.01197702246062089,-0.9264375494239261,-0.3760030808682144
1763658743.2625592,766985.9281433306,3403902.4129823935,84.9546221839264,0.013823865307648077,-0.012126056282208808,-0.9264396932962939,-0.37599382201316156
1763658743.272849,766985.7800376643,3403902.5514886067,84.950773072429,0.013786462405048048,-0.012242987880853616,-0.9264437547331641,-0.3759813985000059
1763658743.2827141,766985.6319885263,3403902.689987657,84.94679582398385,0.013984244565879869,-0.012443107926772938,-0.9264412257783909,-0.3759737559288904
1763658743.2927678,766985.4839335473,3403902.828496099,84.94289874099195,0.013759741552019393,-0.012521249403507023,-0.9264501142564834,-0.3759575423102265
1763658743.30353,766985.3358569632,3403902.967002014,84.93907246738672,0.013720423217682177,-0.012773729084271409,-0.9264477519690031,-0.37595630690758425
1763658743.3126018,766985.1877590192,3403903.105495751,84.93526475410908,0.013762705014748945,-0.013056102776054497,-0.9264481937660816,-0.3759439724194858
1763658743.3226204,766985.0397046899,3403903.243982224,84.93138680700213,0.013731721675707792,-0.013285492518296714,-0.9264454246036052,-0.3759438930737045
1763658743.3326495,766984.891692136,3403903.3825465334,84.9274698663503,0.013815647257712404,-0.013485471323965955,-0.9264491913051366,-0.37592441512101776
1763658743.3427227,766984.7436483521,3403903.5211899565,84.92352169938385,0.013707289717446261,-0.013612577272971027,-0.9264552121753433,-0.3759089620928565
1763658743.3558533,766984.5956388388,3403903.659775109,84.91960234660655,0.013677289570166146,-0.013817857202871693,-0.9264589364908252,-0.3758933859069935
1763658743.3626657,766984.4475579103,3403903.7983890106,84.91575739067048,0.0137801309866503,-0.014053504668669496,-0.9264595389716852,-0.3758794083810538
1763658743.3756926,766984.2995440383,3403903.9369179467,84.91182292904705,0.013911656483326996,-0.014259685192458016,-0.9264625410642333,-0.37585939817557534
1763658743.382546,766984.1514289107,3403904.0755350087,84.90788584575057,0.013847765987351332,-0.014285792439333724,-0.9264729777042973,-0.37583503973854293
1763658743.3928444,766984.0034135004,3403904.214132804,84.90380723867565,0.014170217814814649,-0.014435458440907349,-0.9264751072841342,-0.37581205149586894
1763658743.4035325,766983.855272169,3403904.352791999,84.89980885200202,0.01392519307060858,-0.01434087083625462,-0.9264895158694364,-0.3757893098607536
1763658743.4126985,766983.7072259038,3403904.491464616,84.89581261761487,0.014240049747168245,-0.01449719615593862,-0.9264865649657557,-0.37577878761948325
1763658743.4227514,766983.559127287,3403904.630057995,84.89184025395662,0.014192581697837825,-0.014545200215320452,-0.9264965651656227,-0.37575407184985976
1763658743.4329367,766983.4109867176,3403904.7687027175,84.88780259341002,0.014375540269967301,-0.01471955724724264,-0.926488311820921,-0.3757606772077296
1763658743.4426086,766983.2628898125,3403904.9072475815,84.88365050591528,0.014653673655929981,-0.014809736416994384,-0.9264932232902967,-0.37573427944865667
1763658743.4525962,766983.1147073626,3403905.0458704364,84.87943762354553,0.014536756089270084,-0.014663392755237759,-0.9265030859583439,-0.37572024079755484
1763658743.4626691,766982.966554149,3403905.184461161,84.875123873353,0.014839538628573776,-0.014647009057080837,-0.9265098808529599,-0.37569228618752243
1763658743.478837,766982.818365802,3403905.322998734,84.8708468247205,0.014787997311033264,-0.014540179074835131,-0.9265190122954698,-0.3756759483691065
1763658743.4826303,766982.6701211405,3403905.461532504,84.86658145487309,0.014905687839763877,-0.014617463848733114,-0.9265096136298098,-0.375691477241892
1763658743.4928446,766982.5217785907,3403905.599993044,84.86226077470928,0.014941847815768546,-0.014648374827915556,-0.9265071335230625,-0.37569495315964657
1763658743.5035617,766982.3734196693,3403905.7385076643,84.85765303205699,0.015202113539160391,-0.014670242893652005,-0.926497139893431,-0.37570830372334835
1763658743.5128167,766982.2251132221,3403905.8769304412,84.85290661640465,0.015111138163434339,-0.014458651274325773,-0.9265005309534955,-0.3757118138275988
1763658743.522717,766982.0767736144,3403906.0154410577,84.84825577586889,0.015097667718008592,-0.014324739199537218,-0.9264932818510281,-0.3757353602753585
1763658743.5326705,766981.9283659558,3403906.1538527757,84.8437348343432,0.015087855714701708,-0.014257293185413087,-0.9264841477340946,-0.37576084175760793
1763658743.5428114,766981.7799018559,3403906.292267414,84.83917605690658,0.015222962076678925,-0.014272247899294948,-0.9264673405825239,-0.375796262886499
1763658743.5526319,766981.6314164365,3403906.4306051545,84.8344024606049,0.01539893240594783,-0.01427311161331823,-0.9264510475200425,-0.375829226796755
1763658743.562578,766981.4828928931,3403906.5689649545,84.82947496231645,0.015386665586347232,-0.014131167232482058,-0.9264381172241845,-0.3758669652801238
1763658743.5725572,766981.3343836861,3403906.707338681,84.82447484042495,0.015359850509073214,-0.013912207322674754,-0.9264263200060284,-0.3759053060011759
1763658743.58796,766981.185929594,3403906.8456989843,84.81956990342587,0.015268713959284674,-0.013678592138510621,-0.9264163884677883,-0.3759420669058437
1763658743.5925858,766981.0374277001,3403906.9841305274,84.81465907860547,0.015318733326157769,-0.013621877709771262,-0.9264061530199816,-0.3759673130787575
1763658743.6157665,766980.8888947151,3403907.122433026,84.80975683405995,0.015116883241954012,-0.013591699144513622,-0.9263945845876926,-0.37600507869177846
1763658743.6158898,766980.7403554439,3403907.2608234948,84.8048841431737,0.015161523009667366,-0.01361397291376586,-0.9263830021532161,-0.376031011065743
1763658743.6226256,766980.5918154039,3403907.399183279,84.80006080586463,0.015151674742539048,-0.013504818892486064,-0.926375686192118,-0.3760533667596395
1763658743.632755,766980.4432853735,3403907.537617692,84.7951794071123,0.015244541988517164,-0.013379364711968248,-0.9263648113563417,-0.3760808860075102
1763658743.642673,766980.2947690357,3403907.676122897,84.79022397194058,0.015439313776063062,-0.013289729739234365,-0.9263595863114176,-0.37608898883445324
1763658743.6527724,766980.1462916028,3403907.814533442,84.78522992599756,0.015235904485060226,-0.013113721073082622,-0.9263566694596401,-0.37611064659456594
1763658743.6625836,766979.9977334547,3403907.9530238416,84.78040650580078,0.01523828407725273,-0.01305637373642126,-0.9263497759092725,-0.3761295235368743
1763658743.6726003,766979.8491789564,3403908.0914608063,84.77557093370706,0.015252362420249672,-0.013029744094079832,-0.9263427819140343,-0.37614710101928456
1763658743.6825507,766979.7006448524,3403908.2299518757,84.77068762481213,0.015185811679826956,-0.012938407213226599,-0.9263350015088829,-0.3761721065176781
1763658743.692612,766979.5521659773,3403908.36844874,84.76576186902821,0.015267216186307149,-0.012863038063901624,-0.9263332007465566,-0.3761758306381829
1763658743.7034812,766979.403671473,3403908.507021985,84.76092500519007,0.015031475682879025,-0.01267631909395299,-0.9263346336294467,-0.3761881340654196
1763658743.7125802,766979.2552514452,3403908.6456289077,84.75622775126249,0.015097402217879197,-0.012643684770024002,-0.9263299914263006,-0.37619802320833323
1763658743.722522,766979.1068153721,3403908.784157541,84.75162905920297,0.015096013310051146,-0.012655282990815992,-0.9263321871450219,-0.37619228228883844
1763658743.7325315,766978.9583107111,3403908.922722385,84.74704420380294,0.015066198459823687,-0.012782439886470237,-0.9263183468568913,-0.3762232570839207
1763658743.7426107,766978.8097369839,3403909.0612359764,84.74231761135161,0.015167544402418609,-0.012831011745721394,-0.9263176368418751,-0.37621927968947244
1763658743.752588,766978.6612050668,3403909.199875567,84.73755450267345,0.015100516812489527,-0.012718920312812007,-0.9263146190116646,-0.3762332123342474
1763658743.7626739,766978.5127181832,3403909.338527863,84.73268403112888,0.015112985100368717,-0.012635955148741107,-0.926318551537856,-0.37622582499828927
1763658743.7725265,766978.364285205,3403909.477209042,84.72799215558916,0.014977990301975818,-0.01262197899844545,-0.926315923463185,-0.3762381631244012
1763658743.7825391,766978.2158394413,3403909.615844186,84.72335220407695,0.014950524329610108,-0.01272588154924658,-0.9263035059304734,-0.3762663267713146
1763658743.792716,766978.0673705998,3403909.7544651935,84.71880641486496,0.01477836341022435,-0.012771738662009157,-0.9262979478593354,-0.3762852567641321
1763658743.8034961,766977.9188550615,3403909.893148721,84.71416634321213,0.014844363307162824,-0.012877683253959915,-0.9262902478774342,-0.37629800270420927
1763658743.812942,766977.7704067744,3403910.031824324,84.70946695283055,0.014776630223527074,-0.012874395797147628,-0.9262935500885108,-0.37629265232863485
1763658743.8227975,766977.6219567201,3403910.1705745426,84.70488754753023,0.014568663357958866,-0.012871159309869191,-0.9262936979059717,-0.37630050827186323
1763658743.8327985,766977.4736028111,3403910.3092548763,84.70044542104006,0.01453421340467658,-0.013025704204199864,-0.9262909060539721,-0.3763033949254288
1763658743.8428068,766977.3251492116,3403910.4480416845,84.6960559207946,0.014442321049864886,-0.013267294551897166,-0.9262823333514641,-0.376319594465838
1763658743.852634,766977.1767426947,3403910.586744419,84.69160913676023,0.014385469123324892,-0.01349533780582348,-0.9262783070048771,-0.3763235736806652
1763658743.862518,766977.028293181,3403910.7256111708,84.68721723742783,0.014391011715178152,-0.013678906768982098,-0.9262768862281163,-0.37632023109442847
1763658743.8725612,766976.8799647947,3403910.8644229197,84.68274955265224,0.014217740448969398,-0.01372619586863446,-0.9262827261805003,-0.37631072079216904
1763658743.882555,766976.7316179209,3403911.0033316836,84.67839773371816,0.014235143919489565,-0.013847046357411972,-0.9262854753957689,-0.37629886799670503
1763658743.8926294,766976.583284117,3403911.142276484,84.67397731821984,0.014297793105886195,-0.014016185419289312,-0.9262903621151058,-0.37627820121721034
1763658743.9035594,766976.4349015902,3403911.2811575755,84.66951586678624,0.014093204983130748,-0.014107246489636793,-0.9262944568425727,-0.37627243639749547
1763658743.9129398,766976.2865195067,3403911.4200922744,84.66506483126432,0.014081238009881087,-0.014275932436792878,-0.926296824529353,-0.3762606933443963
1763658743.9319947,766976.1382171034,3403911.5589814996,84.66067972499877,0.01396040207282571,-0.014353180646184578,-0.9263021367612738,-0.37624917914967126
1763658743.9329855,766975.9899085637,3403911.697988236,84.65640763565898,0.01392533041566197,-0.014442346259082943,-0.9263097042616057,-0.37622843539281264
1763658743.942938,766975.8416505156,3403911.836997831,84.65215663332492,0.013969976779005461,-0.014585791821147259,-0.9263203488524329,-0.37619503681953487
1763658743.9527302,766975.6933897067,3403911.9760166625,84.64794163871557,0.013963312122951349,-0.014721637479717416,-0.9263289007417568,-0.37616893406425905
1763658743.9626646,766975.5450902337,3403912.1150843394,84.64380251709372,0.01402434334376734,-0.014868524706727289,-0.926337531676108,-0.3761396312209562
1763658743.9725425,766975.3967766722,3403912.254094217,84.63966697547585,0.01417802087287293,-0.01499997458075175,-0.9263527403564398,-0.3760911922935975
1763658743.98256,766975.2484698434,3403912.393152744,84.63549234345555,0.014346476033639616,-0.015068457639133956,-0.9263654107433568,-0.376050855587493
1763658743.992585,766975.1001709618,3403912.532159272,84.63123780861497,0.014509073885143539,-0.015084446246598436,-0.9263865232005511,-0.3759919625322113
1763658744.0053287,766974.95181167,3403912.6712374263,84.62701636832207,0.014461448192860594,-0.015079943823556404,-0.9263958425651772,-0.37597101575573477
1763658744.01298,766974.8034835269,3403912.8103030245,84.62271988205612,0.014724776244314662,-0.01521731318944771,-0.9264003186818167,-0.3759442297603162
1763658744.0265427,766974.6550917211,3403912.949286041,84.61857885681093,0.014455980442264225,-0.015228948081400271,-0.9264078615126714,-0.37593560339146637
1763658744.0336373,766974.5066656156,3403913.0883454173,84.61430215556175,0.01489339317018028,-0.015513590400360976,-0.9263966383994269,-0.3759345471155977
1763658744.0429873,766974.3581415755,3403913.2272280646,84.60994514543563,0.014829626019235726,-0.01544452162233747,-0.9264106531146319,-0.37590537471511076
1763658744.0529196,766974.2096088671,3403913.36626424,84.60555183514953,0.015101101816400444,-0.015410839412342165,-0.9264117636559627,-0.37589321211267773
1763658744.0627787,766974.0610749102,3403913.5051769936,84.60104216914624,0.015249132499030066,-0.01530962804352175,-0.9264237551717898,-0.37586181649722766
1763658744.073009,766973.9124636098,3403913.644131927,84.59662704821676,0.015173989150794421,-0.015191906329437871,-0.9264265754539802,-0.37586268280841617
1763658744.0828736,766973.7637778644,3403913.7829875755,84.59207240957767,0.015511561955019095,-0.015242395258377199,-0.9264231036285233,-0.37585541621186924
1763658744.0928426,766973.6150310047,3403913.9218174117,84.5874686781317,0.015453780630669293,-0.01511772717655369,-0.9264235716488939,-0.37586167785841273
1763658744.1036735,766973.4662006495,3403914.0606437554,84.58261035382748,0.01562528029468837,-0.015089212800874963,-0.9264117915894032,-0.3758847678170459
1763658744.1129541,766973.3174342641,3403914.199464096,84.57764958497137,0.015587897803866688,-0.014999542274874175,-0.9263995921194126,-0.3759199740564289
1763658744.12259,766973.1686219194,3403914.33827154,84.57273526489735,0.01541904746577302,-0.014888848327564519,-0.9263848878091252,-0.37596757148669296
1763658744.132639,766973.0198045201,3403914.477078472,84.5679510300979,0.015426030889515585,-0.014885091992452453,-0.926365397245476,-0.37601545499301414
1763658744.1426423,766972.8708955713,3403914.6158472192,84.5630980245769,0.01554662464467998,-0.014885174764583592,-0.9263481890042531,-0.376052877615537
1763658744.1558316,766972.7220083643,3403914.7546168757,84.55814974196255,0.015567936916036399,-0.014840472455114394,-0.9263332002150746,-0.37609068307628396
1763658744.1625786,766972.5730774043,3403914.8933571507,84.55304899998009,0.015693497772761508,-0.014734696102691028,-0.9263225084345004,-0.37611595715421686
1763658744.1725407,766972.4241873855,3403915.0320977382,84.54790521133691,0.01565141414104768,-0.014547014149829066,-0.9263137922704836,-0.37614648192450967
1763658744.1825836,766972.2753368075,3403915.1708308263,84.54268920235336,0.015619693283548236,-0.014320505313811297,-0.9263008001977904,-0.37618848448911624
1763658744.1926033,766972.1264252812,3403915.3096620087,84.53762025386095,0.015574739783859773,-0.014189264001443493,-0.9262913572171672,-0.37621857186021646
1763658744.203608,766971.9775208775,3403915.448439931,84.53255596291274,0.015427253711064404,-0.014077939565466433,-0.926277911737066,-0.37626193228726384
1763658744.212644,766971.8285524562,3403915.5872394964,84.52758356090635,0.015531484218813887,-0.014019334188377378,-0.9262691178498688,-0.37628148052289423
1763658744.2228093,766971.6796343462,3403915.7260632413,84.52254840359092,0.015617559657923014,-0.013887009556916451,-0.9262559673115791,-0.37631519477106934
1763658744.232842,766971.5307370576,3403915.864911943,84.51751094777137,0.0156911327828061,-0.013728356295363175,-0.9262471583274409,-0.3763396368651071
1763658744.2430413,766971.3818652064,3403916.003772828,84.51246553566307,0.01577142070468922,-0.013593970347008709,-0.9262407247711343,-0.3763569928068354
1763658744.255862,766971.2330023054,3403916.1425975016,84.50748016498983,0.015760522363974176,-0.013432661542195051,-0.9262410788337394,-0.3763623698241076
1763658744.2639303,766971.0840753694,3403916.281508935,84.50250150822103,0.01586252718954224,-0.013351089437068564,-0.9262404995273448,-0.3763624126787091
1763658744.2726226,766970.9351869585,3403916.420435101,84.4973983252421,0.015834706116862624,-0.013289959133001787,-0.9262411183757943,-0.3763642247855042
1763658744.282641,766970.7862938314,3403916.5593405617,84.49223287962377,0.015777580160159583,-0.013191137218251173,-0.9262433435359925,-0.3763646242919815
1763658744.2925956,766970.6375189123,3403916.698261164,84.4871829515323,0.015751751327450346,-0.013054463226098177,-0.9262464836457988,-0.3763627437111568
1763658744.303391,766970.4886878498,3403916.8372268816,84.48225863836706,0.015655015994952823,-0.012848815295883057,-0.9262585931412899,-0.37634405409360244
1763658744.3127105,766970.3398593373,3403916.9762394135,84.47737615928054,0.015798901363992434,-0.012820046932771232,-0.9262623795445333,-0.3763297029903844
1763658744.3227375,766970.1909856151,3403917.1151833595,84.47247993201017,0.015884163719123396,-0.012759225104968162,-0.9262759540577523,-0.3762947680370609
1763658744.3329763,766970.0420241789,3403917.254130229,84.4676449559629,0.01588364293624742,-0.012767834462172768,-0.9262771735700328,-0.3762914960683163
1763658744.342958,766969.8930789225,3403917.3930418952,84.4626925131306,0.01594940460535325,-0.012817772987303456,-0.926279808163065,-0.3762805312234158
1763658744.3529136,766969.744147683,3403917.53202685,84.45768900215626,0.015936102678844363,-0.012841869803960768,-0.9262791167098121,-0.3762819753305192
1763658744.3625987,766969.595239474,3403917.670969476,84.4525331389159,0.015860752296505264,-0.012862491850518786,-0.9262807919387374,-0.3762803307712613
1763658744.3726132,766969.446351894,3403917.8100300655,84.44757866393775,0.01561786605859949,-0.012833727346190954,-0.9262809194191637,-0.3762911585756007
1763658744.3825347,766969.2974967675,3403917.949046538,84.44264992885292,0.015597007722409358,-0.012854198593475218,-0.9262800535373198,-0.3762934564240075
1763658744.3925428,766969.1486447679,3403918.088076325,84.43794984742999,0.015432442940407874,-0.012804794404317083,-0.9262871454692854,-0.3762844682996062
1763658744.4035025,766968.9997180947,3403918.2271234263,84.43315254431218,0.015709134555087812,-0.012894314981091082,-0.9262942558136347,-0.3762524569745202
1763658744.4126341,766968.8507874386,3403918.3661433365,84.42834046389908,0.015595363902150982,-0.01283840339718273,-0.9263106701798993,-0.37621868950629767
1763658744.4226031,766968.7018201065,3403918.5051941914,84.42349620629102,0.015545996900390978,-0.01283885881270352,-0.9263197651686328,-0.3761983231524157
1763658744.432604,766968.5529049208,3403918.6442483035,84.41874514799565,0.01560778957955357,-0.012977001318439702,-0.9263255549679846,-0.3761767676963544
1763658744.4428258,766968.4039717121,3403918.783294411,84.41388085205108,0.01544976848749371,-0.01312516679181421,-0.9263234216484764,-0.3761834036156157
1763658744.4527256,766968.2550453814,3403918.9224377563,84.4090856751427,0.015357628067296077,-0.013353453527758697,-0.9263215177904047,-0.3761838303509465
1763658744.4677894,766968.1061739756,3403919.061517704,84.4042738173157,0.015078507154190996,-0.013449360183786637,-0.926323442342983,-0.37618696614648184
1763658744.4725304,766967.9572601144,3403919.200687682,84.39961429312825,0.015022795763603446,-0.013533826430686768,-0.9263327744330816,-0.37616318554677686
1763658744.4917696,766967.8083989355,3403919.3398321755,84.39494648389518,0.015133303086467901,-0.013587383846722787,-0.9263507344005881,-0.37611259353202436
1763658744.492883,766967.6594747589,3403919.4790559486,84.39029937516898,0.015129924139649892,-0.013593406425325975,-0.9263721207492843,-0.37605983379743946
1763658744.5036168,766967.5106203535,3403919.61822998,84.38563641160727,0.015115041161830479,-0.01360817747469019,-0.9263968789661976,-0.37599890382577156
1763658744.5168064,766967.3617099713,3403919.757431319,84.38099925406277,0.015177520233224148,-0.013698856974529956,-0.9264154576580628,-0.37594731547035104
1763658744.5225847,766967.2128493092,3403919.8966335114,84.3763471422717,0.015167509100368877,-0.01375611171005503,-0.9264309577332674,-0.3759074309078387
1763658744.5326002,766967.0639893813,3403920.0358355497,84.37172289192677,0.015086429821358703,-0.013800981393365842,-0.9264437031823832,-0.37587763618169295
1763658744.542587,766966.9151483561,3403920.1750592515,84.36717235203832,0.01500364739999164,-0.013845889943850756,-0.9264572106170097,-0.3758460040922464
1763658744.5526593,766966.7662330905,3403920.314290994,84.36266886722296,0.015018614856943231,-0.013898165603857414,-0.9264753902564016,-0.3757986607877616
1763658744.5704455,766966.6172895234,3403920.4535623486,84.35817639622837,0.015168116198868485,-0.013920218329669505,-0.9265001140850426,-0.3757308802494604
1763658744.579399,766966.4683504438,3403920.592810524,84.35362620651722,0.01526573034496389,-0.013895987063381854,-0.9265260820939119,-0.375663783482351
1763658744.5826075,766966.3193969552,3403920.7319405857,84.34907443355769,0.015316059579556417,-0.013859939525565594,-0.9265530827929132,-0.375596465854316
1763658744.5958242,766966.1704271636,3403920.8711800748,84.34460312128067,0.01547643206930424,-0.013843097228412558,-0.9265723260788824,-0.37554303781896686
1763658744.603443,766966.0214251762,3403921.010329565,84.33999518211931,0.015669145747222647,-0.013797879164174614,-0.9265952971663289,-0.37548002832556276
1763658744.6127086,766965.8724082259,3403921.149571276,84.33535558450967,0.015596100298248539,-0.01371263316359991,-0.9266070371069097,-0.3754572201079125
1763658744.622748,766965.7233609547,3403921.288740786,84.33051850367337,0.015888405326685427,-0.01377264424438094,-0.9266141530000291,-0.37542520467695156
1763658744.6327827,766965.574259504,3403921.4277982973,84.32587046269327,0.015430897748268507,-0.013643274540613612,-0.9266244227872779,-0.37542366407651523
1763658744.642786,766965.4250751735,3403921.5668746997,84.32120023109019,0.015801714306425855,-0.013754600893750333,-0.9266235441919903,-0.37540634534901784
1763658744.6528208,766965.2758767381,3403921.705862811,84.31654328946024,0.01584371286764758,-0.013648397370134655,-0.9266374120805072,-0.37537421933922743
1763658744.6625638,766965.1266429953,3403921.844958401,84.31173552200198,0.015912986056045464,-0.013523297695413744,-0.9266381916312142,-0.3753738924121584
1763658744.681245,766964.9774005834,3403921.983918813,84.3069413099438,0.016094221137664212,-0.013423288220060434,-0.9266462552931332,-0.37534984871523097
1763658744.6825526,766964.828091895,3403922.1229105215,84.30223266594112,0.01607122822600456,-0.013291960567445256,-0.9266435576567205,-0.37536216706119635
1763658744.69576,766964.6787208873,3403922.2617965746,84.29745216388255,0.01631630543581878,-0.013290677299847967,-0.9266405524410497,-0.3753590582969628
1763658744.7034357,766964.5293158501,3403922.400755284,84.29255126975477,0.01638024228604431,-0.013310851833775537,-0.9266285406372861,-0.37538521090011434
1763658744.7126825,766964.3799082453,3403922.539658608,84.28746987786144,0.016366402650844172,-0.013298919787967309,-0.9266149313743293,-0.37541982972519
1763658744.7228804,766964.2304520905,3403922.678560325,84.28252355474979,0.016217064310009965,-0.013213200291199162,-0.9266010926163868,-0.3754634913348401
1763658744.732833,766964.081006857,3403922.8174423594,84.27757150866091,0.016357013719842172,-0.013156465857421999,-0.9265829406213294,-0.37550420724386196
1763658744.7428048,766963.9315716574,3403922.956382774,84.27252677548677,0.016489881731929872,-0.013038277339331392,-0.9265721136392342,-0.37552923368309393
1763658744.7527053,766963.7821584299,3403923.0953005035,84.26736964285374,0.016501272779187774,-0.012867869507359995,-0.9265667772539758,-0.37554777754659835
1763658744.7626634,766963.6326825364,3403923.2341737826,84.26225406024605,0.01650976881656121,-0.012715786248412924,-0.9265634541844545,-0.3755607829412981
1763658744.7726457,766963.483161899,3403923.373051413,84.25713404361159,0.016599624033627733,-0.012543293027185903,-0.9265553906530384,-0.37558251601182346
1763658744.7825701,766963.3336677344,3403923.511917317,84.25203422922641,0.016599776420566214,-0.012347813993426469,-0.9265463518581887,-0.3756112841364762
1763658744.7925415,766963.1841873007,3403923.650876415,84.24691205471754,0.01675865363519457,-0.012252033717754842,-0.926535425633519,-0.37563431718125617
1763658744.8033533,766963.034678183,3403923.7898484184,84.241729689762,0.016655894855856737,-0.012085991994775364,-0.9265325396131514,-0.3756513849329678
1763658744.8126225,766962.8851815363,3403923.9288473213,84.23656196240336,0.01668991590019179,-0.01194289625349796,-0.9265307490833592,-0.37565886777680585
1763658744.8226047,766962.7357004369,3403924.067825456,84.23134987521917,0.016830816672398028,-0.011816515801336958,-0.9265286383848543,-0.37566178381246695
1763658744.8325822,766962.5861866606,3403924.2067793026,84.22613336052746,0.016744857818544723,-0.011554525673938847,-0.9265314945803209,-0.375666730259473
1763658744.8426514,766962.4366742058,3403924.3457789584,84.22094630543143,0.016892458021564073,-0.011338877761865441,-0.926533814919223,-0.3756609701903064
1763658744.852577,766962.2872161986,3403924.484774558,84.21579574979842,0.016925774095701264,-0.01105860735503111,-0.9265449443202328,-0.37564037526502
1763658744.8625624,766962.137692837,3403924.6238685795,84.21069922111928,0.01692482468896992,-0.010793151641260545,-0.9265531514721589,-0.3756278952419628
1763658744.8726273,766961.9881869407,3403924.7629300957,84.20551995187998,0.017217166829368954,-0.010679983401176828,-0.9265607457761132,-0.37559911009976205
1763658744.8840294,766961.8387035965,3403924.901909708,84.20029136259109,0.017081074623726735,-0.010454979095356313,-0.9265729660256126,-0.3755815077081315
1763658744.8927908,766961.6892104177,3403925.0409919866,84.1951108649373,0.017146193256535772,-0.010413078337225505,-0.9265806289746688,-0.3755607991594164
1763658744.9033911,766961.5397158401,3403925.1799840177,84.1899360222742,0.016952423113882346,-0.010338580156406504,-0.9265939993163859,-0.3755386658411922
1763658744.912657,766961.3901995276,3403925.3191371486,84.18486583046615,0.016962751897549325,-0.010317763801192379,-0.9265968042922237,-0.3755318509442886
1763658744.922608,766961.2407323797,3403925.4582142094,84.17979979980737,0.01707668839873457,-0.010225451348276427,-0.9266145439822439,-0.3754854374521533
1763658744.932601,766961.0911812502,3403925.5973126944,84.17487639561296,0.016876578100057767,-0.010049503259377864,-0.9266287381709841,-0.37546420627207894
1763658744.9425683,766960.9415720783,3403925.736355522,84.16987094376236,0.017184603004626424,-0.010091739105012511,-0.9266392681230501,-0.3754231119600762
1763658744.9526002,766960.7920033084,3403925.8754125773,84.16474359855056,0.017201589509818177,-0.009981868693009353,-0.9266520338303932,-0.37539376102131333
1763658744.962541,766960.6423807649,3403926.0144937537,84.15949275437742,0.017088591781802408,-0.009922715038728238,-0.9266590020292026,-0.375383289073205
1763658744.9725132,766960.4928755363,3403926.1535770227,84.15440159011632,0.01691296274505932,-0.009934618767512142,-0.9266596896458732,-0.37538923083453346
1763658744.9825544,766960.3432849892,3403926.2926288005,84.14941524062306,0.016755152912991775,-0.009961287896867246,-0.9266532465952126,-0.3754115051098598
1763658744.9925184,766960.1937275073,3403926.4317624103,84.14454853627831,0.016813286452057423,-0.009984096249286992,-0.9266504277258933,-0.3754152581025245
1763658745.005374,766960.0441665272,3403926.570887171,84.13948771264404,0.01690739258112079,-0.009894098180101393,-0.9266610517548026,-0.3753871895230225
1763658745.015765,766959.8946041717,3403926.7100369646,84.1343750897795,0.016733827695690918,-0.00971192909873639,-0.926678741068456,-0.3753560553602581
1763658745.0265586,766959.7449669389,3403926.8491582,84.12927617225796,0.016608017194524014,-0.009585826924918205,-0.9266995923216004,-0.37531340407453023
1763658745.0333548,766959.5953155956,3403926.98824165,84.12440853286535,0.01646748106935492,-0.009565312937411615,-0.9267171174075491,-0.37527684602101746
1763658745.043098,766959.4454586846,3403927.1273843795,84.11968811787665,0.016415383692021,-0.009692742844525863,-0.9267253653839802,-0.37525549039064293
1763658745.0530174,766959.2956038015,3403927.266567226,84.11498376447707,0.016293390094557894,-0.009841057704522168,-0.9267309778348813,-0.37524308620371305
1763658745.0628703,766959.145824313,3403927.4058006895,84.11022688169032,0.016243091869181582,-0.009950366079720097,-0.9267351508406239,-0.3752320780234748
1763658745.0725746,766958.9960596866,3403927.545064281,84.1055508563295,0.01599702328351477,-0.009934858792179984,-0.9267497286218462,-0.3752070552723929
1763658745.0828333,766958.8462939783,3403927.6843826645,84.10096971876919,0.01589424816116334,-0.010027785923422454,-0.926765241176743,-0.37517063335431616
1763658745.0929313,766958.6965628807,3403927.823671871,84.09641415439546,0.015865279540756692,-0.010175825623435773,-0.9267862254800199,-0.3751160323666169
1763658745.1038978,766958.5467538387,3403927.962941098,84.09193570073694,0.015662317194773213,-0.010245289772196823,-0.9268140100518156,-0.3750540182816963
1763658745.114681,766958.3969594787,3403928.102233525,84.0874986583367,0.015726300969005687,-0.010374935666330349,-0.9268414262006671,-0.3749800192624471
1763658745.1229107,766958.2471971731,3403928.2415460395,84.08306389953941,0.01563105211039111,-0.010405390477413215,-0.9268683551817674,-0.3749165910193623
1763658745.1328166,766958.0974504749,3403928.3809423903,84.07868598401546,0.015576675712929314,-0.010470293795976965,-0.9268911331918879,-0.3748607305811293
1763658745.1428716,766957.9477408908,3403928.5203425237,84.07437731232494,0.015539940251150934,-0.01054775370028797,-0.926911725146291,-0.3748091633554268
1763658745.1558163,766957.7980150792,3403928.659716311,84.07023753318936,0.015420123931325165,-0.010601263832190672,-0.9269382223030216,-0.3747470680563319
1763658745.1629007,766957.6482178697,3403928.799085653,84.06622054986656,0.015473237595131382,-0.01076161204473589,-0.9269614398002758,-0.3746828735716686
1763658745.1797912,766957.4983548757,3403928.9383262238,84.06219374481589,0.015624970224636249,-0.01092935613385554,-0.9269852565410974,-0.3746127916067665
1763658745.1837432,766957.3484517633,3403929.077617165,84.05812765657902,0.015835789468629083,-0.01101320335668988,-0.9270096886576711,-0.37454101812556856
1763658745.19304,766957.1985776741,3403929.216889389,84.05394369270653,0.015897123948153655,-0.011017475886301982,-0.9270372490772723,-0.37447007290104667
1763658745.2034583,766957.048683807,3403929.356247281,84.04983847681433,0.015836320108920297,-0.01106358758455316,-0.9270610577431144,-0.37441234382881194
1763658745.21277,766956.8988093801,3403929.495507079,84.04575453698635,0.016014699602404932,-0.011301724356485968,-0.9270754656614932,-0.37436196573869535
1763658745.2227926,766956.7488616451,3403929.6347352713,84.04174671694636,0.015916132544840433,-0.011511206357848133,-0.927091119962181,-0.37432101749737634
1763658745.232792,766956.5988527565,3403929.773969547,84.03757885377854,0.01609501788055546,-0.011783487675660717,-0.9271032493723239,-0.3742748519749898
1763658745.2428339,766956.4488472673,3403929.9131370713,84.03334448486567,0.015984189298904997,-0.01188791641094184,-0.9271240516750205,-0.37422476660632314
1763658745.2528982,766956.2988051737,3403930.052366377,84.02908688411117,0.016090324009790342,-0.011938657725535517,-0.9271395498978495,-0.3741802038325726
1763658745.2677176,766956.1487726273,3403930.1915362664,84.02487539779395,0.016184821367813993,-0.011947895267722056,-0.9271588729501073,-0.3741279509283555
1763658745.2725792,766955.9987098335,3403930.3307332704,84.02072355337441,0.01618774224833007,-0.011938914711056018,-0.9271789370499165,-0.37407838484388606
1763658745.282591,766955.8485749423,3403930.4698176105,84.01647581905127,0.0163837126148643,-0.012094276510920016,-0.927191279381425,-0.3740342683173121
1763658745.292559,766955.6983330622,3403930.6089362307,84.01212077680975,0.016379829749344,-0.012203480400143383,-0.9272030789765022,-0.3740016398092393
1763658745.303535,766955.5480681373,3403930.748007602,84.00753760430962,0.016557309015329032,-0.012341317740501357,-0.927208305967816,-0.37397634248557965
1763658745.312611,766955.3978956209,3403930.8870774843,84.00298254936934,0.016361549818404833,-0.012354007561402619,-0.9272185166817322,-0.3739592230541199
1763658745.3226101,766955.2477025898,3403931.026159672,83.99843465536833,0.016407310471339497,-0.012503812049243156,-0.9272255525255335,-0.3739347932341326
1763658745.3327403,766955.0975014756,3403931.165212697,83.99390034936368,0.016431532439843098,-0.012704551035939995,-0.9272297946255483,-0.3739164439862427
1763658745.3426037,766954.9471801457,3403931.304302896,83.989288629964,0.016432367643378614,-0.012799629049766054,-0.9272437032093094,-0.3738786723637862
1763658745.352702,766954.7968936389,3403931.4433091385,83.98454359732568,0.01646987657881502,-0.01286921416874675,-0.9272593855135043,-0.37383573728213276
1763658745.3626125,766954.6465178208,3403931.5823409418,83.97977477218956,0.016356525719329676,-0.012837881873909999,-0.9272804785539726,-0.3737894687495889
1763658745.3725758,766954.4961840532,3403931.7213489143,83.97509139310569,0.016399040652744223,-0.012918045289474671,-0.9272967337559691,-0.3737445158622133
1763658745.382582,766954.3458683196,3403931.8603782794,83.97031909972429,0.01637519373477103,-0.013033837620382432,-0.9273128641225088,-0.37370151744399455
1763658745.3925586,766954.195535184,3403931.99948295,83.96552413888276,0.016321084566323415,-0.01317728155039907,-0.9273297525742716,-0.37365694351913276
1763658745.4034636,766954.0452078795,3403932.1385385785,83.96073404420167,0.016212353971008373,-0.01327445888027943,-0.9273486501349224,-0.3736113346956861
1763658745.4125612,766953.8948458498,3403932.2775694747,83.95602497924119,0.01631082925554306,-0.013311483081910547,-0.9273680365271799,-0.373557607464872
1763658745.4225378,766953.7445118201,3403932.4166123783,83.95131359808147,0.016436562905983956,-0.013242620399451923,-0.9273989376094718,-0.3734778211964088
1763658745.4326577,766953.5941010157,3403932.5557108154,83.9464900912717,0.01649744913689099,-0.013211795444800042,-0.9274355034519596,-0.3733854169218594
1763658745.442598,766953.4436694953,3403932.694786009,83.94142228364944,0.01657275706805278,-0.013272880205203771,-0.9274670373832037,-0.3733015790776202
1763658745.4526145,766953.2931331776,3403932.833804409,83.9362912569195,0.016445674415111168,-0.013284492331570986,-0.9275044175825369,-0.37321390303873125
1763658745.462618,766953.1426922217,3403932.9727933444,83.93120430130512,0.01630642558008645,-0.013307501117028862,-0.9275357101937725,-0.3731414171787359
1763658745.4794374,766952.9922342042,3403933.1117764097,83.92625474371016,0.016089809273604004,-0.013329370268001895,-0.9275718957889534,-0.3730600810436364
1763658745.4838877,766952.8417650897,3403933.2508321847,83.92139951977879,0.01610843782870954,-0.013501392131672087,-0.9275987647009022,-0.37298627637834814
1763658745.4957454,766952.6912960352,3403933.3899352797,83.91649074014276,0.016245365397434205,-0.0136851266552765,-0.9276306856357288,-0.37289424302142316
1763658745.5036118,766952.5407983026,3403933.52904339,83.91156368330121,0.01624236692323895,-0.013833469384284964,-0.9276757686430233,-0.37277672796742695
1763658745.5127745,766952.3902077397,3403933.6680005398,83.9066896205768,0.01602650921354318,-0.014012358742527637,-0.9277213392992156,-0.3726659649253851
1763658745.5227542,766952.239500283,3403933.806916264,83.90182589180768,0.01618768992616455,-0.014342019377140743,-0.9277557266055694,-0.37256083654298966
1763658745.532788,766952.0887882309,3403933.945846106,83.89681546762586,0.016245035260121794,-0.014503179544269811,-0.9277887523743664,-0.3724698478804969
1763658745.54277,766951.9381589349,3403934.084790343,83.8916653925553,0.016181498476732288,-0.014563785324741351,-0.9278277743742074,-0.3723730338838559
1763658745.5528822,766951.7875287209,3403934.22376359,83.88650321494788,0.01589818570732227,-0.014639247335707635,-0.9278634021950378,-0.3722934957741123
1763658745.5627854,766951.6368237177,3403934.362642415,83.88154771458358,0.015666190005074965,-0.01485256100652178,-0.9278941684628088,-0.3722181941482508
1763658745.5727465,766951.4860418402,3403934.501529309,83.87678005546331,0.01562828758543709,-0.015180313492093969,-0.9279185763631111,-0.37214571118002376
1763658745.5837436,766951.3352795147,3403934.6403434915,83.87198469694704,0.015731594320964784,-0.015484837180756649,-0.9279489994489458,-0.3720529413662875
1763658745.5927455,766951.1844550947,3403934.7792532807,83.8670325409621,0.015720044762414606,-0.015657534760861274,-0.9279866598389724,-0.37195225628941614
1763658745.6034112,766951.0336090459,3403934.9181543607,83.86191904265434,0.01576094200696829,-0.01578201553495419,-0.928030073790884,-0.37183693043106114
1763658745.6125958,766950.8827723502,3403935.0570489806,83.85677960235626,0.015708015774670715,-0.015871810861156025,-0.9280781472422737,-0.37171534333648226
1763658745.6226606,766950.7319266691,3403935.195875447,83.85155722498894,0.01558015247579146,-0.015990729931320537,-0.9281243082886916,-0.3716003549093196
1763658745.6327367,766950.5810021637,3403935.3346939804,83.84638014063239,0.015249027188594748,-0.016139719954158718,-0.9281676402784669,-0.3714994053151438
1763658745.6426709,766950.4300631415,3403935.4734724956,83.84119780734181,0.015011786389731626,-0.016438793053004674,-0.928204574637572,-0.3714036617674001
1763658745.6526887,766950.2790655172,3403935.612241933,83.83612131606787,0.01472208464810798,-0.016689815880546983,-0.9282450789239327,-0.371302819438513
1763658745.6628141,766950.1280791948,3403935.751088471,83.83103197719902,0.014669265427367835,-0.01690087156167647,-0.9282921649824949,-0.37117762543611
1763658745.6726348,766949.9771701447,3403935.8899007924,83.825937371701,0.014527154840966113,-0.016961991501017876,-0.9283508159973608,-0.37103371147859376
1763658745.6825864,766949.8261901117,3403936.0287489532,83.82091533578932,0.014403267224681576,-0.017111195894343272,-0.9284142946436857,-0.370872822365818
1763658745.6926832,766949.6751871977,3403936.167476568,83.8159244088456,0.014274873496016048,-0.017358572400432887,-0.9284720081743314,-0.37072177975891274
1763658745.703551,766949.5240410806,3403936.3062235885,83.8109886366874,0.014153790226993767,-0.017596975530386395,-0.9285312960397654,-0.3705666592518908
1763658745.7127259,766949.3729072427,3403936.444918756,83.80594564601779,0.014025679091882633,-0.017753028222078988,-0.92858958380849,-0.3704180005849242
1763658745.722557,766949.2217436507,3403936.5836647707,83.80093794316053,0.013828066300352382,-0.017808474068768357,-0.9286563915689076,-0.3702552487567876
1763658745.732654,766949.0706356246,3403936.7223821753,83.79595678858459,0.013699383840672659,-0.01788194445497671,-0.9287216326283675,-0.37009281543012246
1763658745.7426152,766948.9194723521,3403936.861065897,83.79115855321288,0.01351990282007792,-0.01796107676483011,-0.9287870958648594,-0.36993126727015657
1763658745.752605,766948.7682348927,3403936.99973667,83.78645508550107,0.013480987083714141,-0.01812938351016157,-0.9288512861047158,-0.3697632712187697
1763658745.7625003,766948.6169405768,3403937.1383086946,83.78178458847106,0.013414014337856658,-0.01824100856066291,-0.9289170204615788,-0.36959504721088515
1763658745.772528,766948.4655481478,3403937.2768510585,83.77722876705229,0.013414335326123525,-0.01827088425474946,-0.9289905351022801,-0.36940873850883255
1763658745.7828624,766948.3141762207,3403937.4153520186,83.77270333468914,0.01359110357821356,-0.018288789646609394,-0.9290611204429347,-0.3692238298892794
1763658745.7925704,766948.1627167903,3403937.5537622073,83.76817200519145,0.013664283918934626,-0.018178559243947047,-0.9291400168345725,-0.36902798870200504
1763658745.8034425,766948.011202794,3403937.6922360896,83.76355061866343,0.013866415757768494,-0.018160808014352065,-0.9292065557516425,-0.3688537437989057
1763658745.8126626,766947.8596170783,3403937.8305209437,83.75893556326628,0.013694644001950274,-0.018032003917370615,-0.929280804421746,-0.36867938658630767
1763658745.8226092,766947.7079329672,3403937.9688058947,83.75445987656713,0.013710362274271228,-0.018074859713699844,-0.9293372056769227,-0.3685345079599027
1763658745.8326263,766947.5561645264,3403938.1069253455,83.75002109631896,0.013780844616165248,-0.01808994465194321,-0.92940126586246,-0.3683695552531611
1763658745.84261,766947.4043237057,3403938.2450997783,83.74565260577947,0.013877902997643037,-0.018031350193264333,-0.9294666385077719,-0.3682038051401135
1763658745.852537,766947.2524332383,3403938.383086549,83.74110927805305,0.014077484187356512,-0.017988213018181185,-0.9295403543886203,-0.3680121984315817
1763658745.8625114,766947.1003854832,3403938.521117632,83.73660814668983,0.014005637700168501,-0.01786772913872486,-0.9296089938779626,-0.3678473934517397
1763658745.874883,766946.9483085659,3403938.6590078613,83.73196739330888,0.014273762217272626,-0.01789296397246003,-0.9296667096166211,-0.36768996530099923
1763658745.8825288,766946.7961171572,3403938.7968007275,83.72751066274941,0.013963203126149563,-0.017751966978347043,-0.9297277294865762,-0.3675544118230568
1763658745.892533,766946.6438741061,3403938.9345128075,83.7229270581156,0.014355802402926164,-0.01784528171882702,-0.9297740804953825,-0.3674174956322982
1763658745.9035776,766946.4915323325,3403939.072138404,83.71823193319142,0.014273350522631456,-0.017663638610613885,-0.9298408067860163,-0.3672605905503908
1763658745.9128385,766946.3391251534,3403939.2097933083,83.7133650938049,0.014353049606395113,-0.017470754905225098,-0.9299015718747781,-0.3671128291341163
1763658745.9227753,766946.1867074263,3403939.3473418304,83.7084860689938,0.014302021826204929,-0.017253637769378688,-0.9299668958225842,-0.3669595847358575
1763658745.932881,766946.0341730863,3403939.484798962,83.7037739334628,0.014141468326366554,-0.017020033457237956,-0.9300287265994702,-0.3668199899602752
1763658745.9427457,766945.881513746,3403939.622215931,83.69914945680648,0.014336909928289596,-0.01695140541529224,-0.9300808755423716,-0.3666833345251591
1763658745.9526925,766945.72878724,3403939.7595075546,83.69441330898553,0.014468090396723319,-0.016782809802329168,-0.9301416287141075,-0.36653180242439853
1763658745.9656918,766945.5759883781,3403939.8968383553,83.68952403310686,0.014523463470245346,-0.016574609627506162,-0.9301993831139032,-0.36639249307134825
1763658745.972867,766945.4232243143,3403940.034017688,83.68451206479222,0.014522635102000624,-0.016323669515828535,-0.9302660309007252,-0.36623454593394517
1763658745.9829226,766945.2703550418,3403940.1712332717,83.67973937653005,0.014343141351857209,-0.016068261204262073,-0.9303330038041782,-0.36608276019327535
1763658745.9926758,766945.1173781229,3403940.308406102,83.67502494063228,0.014356995874465912,-0.016005381075288126,-0.9303947180870376,-0.3659280981310905
1763658746.005739,766944.9643164055,3403940.4454369633,83.67028577439487,0.014373721711651709,-0.015967828628588632,-0.930438030831304,-0.3658189379403546
1763658746.012914,766944.8112509402,3403940.582502455,83.66542162187397,0.014562718459777179,-0.01581637279289971,-0.9304934508224927,-0.3656770536404856
1763658746.0264564,766944.6582146897,3403940.719448328,83.66066681593657,0.014488379279822994,-0.01544672765290324,-0.9305590019264272,-0.36552897204510737
1763658746.0336246,766944.5051059334,3403940.856452615,83.6559480279684,0.014690728774810901,-0.015180290548899373,-0.9306350375609284,-0.3653384295839757
1763658746.0428705,766944.3518620748,3403940.9933694857,83.65111753065139,0.014699449986369184,-0.015011815728844012,-0.9307071503855463,-0.3651612955665447
1763658746.0528846,766944.1986680984,3403941.130234503,83.64611504320055,0.014776098003823623,-0.014924053777655606,-0.9307671998566465,-0.36500871115309086
1763658746.0627613,766944.045410523,3403941.267034226,83.64123697951436,0.014693630064994322,-0.014778464907615285,-0.9308339199161559,-0.364847787089371
1763658746.0726345,766943.8921698364,3403941.4037965056,83.63639289140701,0.014619848193632405,-0.014636543446775716,-0.9308921396260984,-0.36470790506523226
1763658746.0828605,766943.73885815,3403941.540530565,83.63152527436614,0.01478186398908969,-0.01451964159188877,-0.9309555216464644,-0.3645442267009727
1763658746.092806,766943.5855604403,3403941.677208298,83.62662808969617,0.014877384448181815,-0.014349904840642724,-0.9310262848377553,-0.3643663000391952
1763658746.103674,766943.4321263451,3403941.813935793,83.62184104602784,0.014717949346532255,-0.014150424283828674,-0.9311043684613329,-0.36418100237635015
1763658746.1157517,766943.278725571,3403941.950528477,83.6171306502074,0.014852064525056408,-0.014143429123917353,-0.9311808824598329,-0.36398014194910017
1763658746.122853,766943.1252003068,3403942.087090436,83.6125992005691,0.014758653431002959,-0.014157735415125182,-0.9312501713234417,-0.36380607346068256
1763658746.1328857,766942.9716595671,3403942.2236351217,83.60783679783344,0.01516818946560997,-0.014338590030767892,-0.9313148498442039,-0.363616530597734
1763658746.1427965,766942.8180001366,3403942.360096797,83.60293458681554,0.01496911932450045,-0.01414797324684672,-0.9313953216429013,-0.36342607933577314
1763658746.1527424,766942.6644077424,3403942.496719858,83.59786339942366,0.015037710467022644,-0.01402490895063832,-0.9314653462416425,-0.3632485071459668
1763658746.1625476,766942.5108218959,3403942.6331576114,83.59291593078524,0.014755405333494738,-0.013731971174003923,-0.9315473789346465,-0.3630608651192122
1763658746.1725504,766942.3571777258,3403942.769608366,83.58831685967743,0.014683456100549427,-0.01369912704946017,-0.9316161468345836,-0.36288852970589985
1763658746.182547,766942.2034405489,3403942.9059084374,83.58377342112362,0.014929404823166268,-0.01374081015106443,-0.9316895036604507,-0.3626885327343023
1763658746.1925507,766942.0494758622,3403943.0421610414,83.5791440596804,0.014876921322854115,-0.013652546230285136,-0.9317717871254543,-0.3624825815269203
1763658746.2033932,766941.8955263862,3403943.1784693017,83.574234072119,0.015189686526105691,-0.013647544542048657,-0.9318369784905409,-0.3623021714933964
1763658746.212554,766941.7415903801,3403943.3146643615,83.56929324474186,0.015093644376627092,-0.013419404046990126,-0.9319183855170798,-0.3621052667798345
1763658746.2225747,766941.587646059,3403943.450866657,83.56453532073647,0.014850849542549605,-0.013247931352658195,-0.9319850430470304,-0.36195002986512453
1763658746.2325828,766941.4336108367,3403943.5869780234,83.55989862885326,0.015020988210517795,-0.0132618579819371,-0.9320527306479709,-0.36176815825568076
1763658746.2427876,766941.2795002856,3403943.722968368,83.5552012110129,0.014921109664066226,-0.013254753261156164,-0.9321201074585046,-0.36159891768909475
1763658746.2526426,766941.1252191414,3403943.85891031,83.55045101139694,0.014811244759317827,-0.013241582461824622,-0.9321866036009145,-0.36143246061965395
1763658746.2629864,766940.97091357,3403943.994828014,83.5457494193688,0.014864874787809864,-0.013208037309571354,-0.9322549865472378,-0.3612550668236797
1763658746.2728047,766940.8166002308,3403944.130629682,83.54113909881562,0.014581762363716775,-0.013063786712582529,-0.9323213921370004,-0.36110044509363615
1763658746.2830195,766940.6622106934,3403944.2664805283,83.53672439977527,0.014803450218836157,-0.013105477238089143,-0.9323879149892117,-0.3609181074843025
1763658746.2927587,766940.5078273483,3403944.402199102,83.53212126903236,0.014938445181500863,-0.013152819944264699,-0.9324442240548307,-0.36076531874593737
1763658746.303568,766940.3532905552,3403944.537945381,83.52755186893046,0.014729689415464658,-0.013062964100617924,-0.9325126690279242,-0.36060021813782484
1763658746.3129466,766940.1987325705,3403944.673592144,83.52283938508481,0.014855683901769794,-0.013120519784261209,-0.9325628085932953,-0.3604632694810754
1763658746.3277533,766940.0440968329,3403944.8091616803,83.51823405735195,0.014577865113542943,-0.012978737357572153,-0.9326230793049068,-0.3603237851893318
1763658746.3330002,766939.8893984793,3403944.944705623,83.51370418537408,0.014632699121111488,-0.012879860547543082,-0.9326742968536084,-0.36019251699241916
1763658746.3427494,766939.7346560061,3403945.080129209,83.50917987897992,0.014657317533298658,-0.012689949937488234,-0.9327277024903565,-0.36005994114921097
1763658746.3528378,766939.5798498413,3403945.215618576,83.50463347416371,0.014699028447387626,-0.012448398513206855,-0.9327820334939696,-0.3599259006073531
1763658746.3628893,766939.4250236431,3403945.350902484,83.50008362252265,0.014675450461777755,-0.012267929634270255,-0.9328258869494588,-0.35981939037965704
1763658746.3728366,766939.2700444305,3403945.486260304,83.49571762420237,0.014699296441407448,-0.012120359039503602,-0.932865099577551,-0.35972174464583967
1763658746.3828852,766939.1151260575,3403945.621367651,83.49130237381905,0.014840328400698854,-0.011976793893068535,-0.9328936774537422,-0.35964664273121705
1763658746.392802,766938.9600112549,3403945.7565953047,83.48706185352057,0.014758007306490769,-0.011643090594034504,-0.9329324159271708,-0.3595604913975578
1763658746.403541,766938.8049438416,3403945.8916977886,83.48265898879617,0.0151084130220737,-0.011448642017164997,-0.9329552657194903,-0.3594928881329818
1763658746.4127874,766938.6497066736,3403946.026787229,83.47838674671948,0.014972490804179082,-0.01105464672289656,-0.9329869586860147,-0.3594286497022342
1763658746.422878,766938.4944722415,3403946.1617904673,83.47406644001603,0.015262666584884114,-0.010839687775661713,-0.9329978017162647,-0.35939484438464403
1763658746.4329698,766938.3391654771,3403946.296626205,83.46977593190968,0.015301337062048934,-0.010497266592033018,-0.9330166907753974,-0.3593543254404149
1763658746.4429162,766938.1837502002,3403946.4315215973,83.46546180546284,0.015378198632215163,-0.01015321379951141,-0.93301975617388,-0.359352971110026
1763658746.45275,766938.028288285,3403946.566275551,83.46111270133406,0.01548803072782428,-0.009823217291903219,-0.9330178410104876,-0.3593623987875452
1763658746.4638984,766937.8727782345,3403946.701038686,83.45689551252872,0.0154932035455885,-0.00941712603863339,-0.9330036509101604,-0.3594098854641857
1763658746.4726071,766937.7172610469,3403946.8357565454,83.45261317491531,0.01574903485690837,-0.009103810886175864,-0.9329837058123541,-0.35945861127127193
1763658746.4825203,766937.5616515623,3403946.9704455305,83.44839750230312,0.015671298796839643,-0.00865166989949571,-0.9329691305599828,-0.3595110018123506
1763658746.492546,766937.4060531011,3403947.1050844747,83.44396836031228,0.016017617845877862,-0.008426450943070951,-0.932936283022209,-0.35958632157487835
1763658746.5037558,766937.2503740757,3403947.239627798,83.43965234514326,0.015793032841829584,-0.007904144796034716,-0.9329183286813767,-0.3596546908063998
1763658746.51302,766937.0946644563,3403947.3742481153,83.435347372666,0.01603117671510587,-0.007576136826069988,-0.9328723211808156,-0.35977053228223005
1763658746.522588,766936.9389889184,3403947.508788758,83.43110958114266,0.016047107276500862,-0.00703845402890101,-0.9328433556687696,-0.3598558382152061
1763658746.5325236,766936.783239983,3403947.643454067,83.42687221057713,0.016260328056363217,-0.006651413140867463,-0.9327899529013846,-0.3599920335243014
1763658746.5425618,766936.6275420617,3403947.777995257,83.42258911207318,0.016366709698715683,-0.006183409378279495,-0.932751280668567,-0.36009574375886017
1763658746.552612,766936.4717082847,3403947.912568599,83.41841712128371,0.016446238172973707,-0.005744419329931781,-0.932696305664973,-0.36024175812283504
1763658746.562653,766936.3159361003,3403948.047110882,83.41419067978859,0.016633641984593127,-0.0053225288159866055,-0.9326459465336912,-0.3603699918911214
1763658746.572817,766936.1601162811,3403948.1816491922,83.41014763526618,0.016553679702544514,-0.004845857848485175,-0.9325934610609381,-0.3605161989930529
1763658746.5827901,766936.0043830129,3403948.316255962,83.4060145849362,0.016896021034714246,-0.004601686171152388,-0.9325299597192205,-0.360667746248047
1763658746.5957313,766935.8486318311,3403948.450832073,83.40201856661588,0.01675204570199498,-0.0041216153942427065,-0.9324818481521768,-0.36080463428016113
1763658746.6033812,766935.692925643,3403948.585508879,83.39799886383116,0.017048891010805613,-0.0038955453430992524,-0.9324177498150003,-0.3609588617442617
1763658746.612578,766935.5372502982,3403948.720152571,83.3940384183079,0.01699830454440071,-0.0035075631642368732,-0.9323713291889468,-0.36108511344238664
1763658746.622554,766935.3815721584,3403948.854920523,83.39003985095769,0.01728066205494737,-0.0033385180627792535,-0.9323074092358645,-0.3612383253476814
1763658746.6325836,766935.225960124,3403948.9896679404,83.38610218185931,0.017189988613762017,-0.0029939675204651763,-0.9322621937853662,-0.3613623423773447
1763658746.642534,766935.070336991,3403949.124496182,83.38217641972005,0.017460779635684355,-0.0027798233464804162,-0.9322031972391033,-0.3615032403919361
1763658746.6526768,766934.9147663747,3403949.259390971,83.37826788891107,0.017433576904405675,-0.002409221508731645,-0.9321601865242544,-0.36161810340068334
1763658746.6625745,766934.7592074794,3403949.3943067477,83.37433315813541,0.017623271873833904,-0.0021669562664387914,-0.9321067446385735,-0.3617481737179629
1763658746.6798022,766934.6037448022,3403949.5293095135,83.37032741028816,0.017677369549773433,-0.0019402959485650597,-0.9320559823233991,-0.3618775921117472
1763658746.6837432,766934.4482649225,3403949.6643170286,83.3664109762758,0.01757956814050319,-0.0016906836608132324,-0.9320084009675365,-0.36200613378600094
1763658746.6925867,766934.2928723464,3403949.7994189486,83.36251283623278,0.017690281147895413,-0.0015338167758090302,-0.9319535980309919,-0.36214250299584405
1763658746.7033772,766934.137483232,3403949.9345326778,83.35872329305857,0.017643741436098148,-0.0012854550047624504,-0.9319084864655038,-0.36226180981044714
1763658746.7125628,766933.9821485094,3403950.0697534345,83.35491842031479,0.01783993940021117,-0.0011561864014212348,-0.9318527936915669,-0.36239587564488646
1763658746.722784,766933.8268696666,3403950.2049801415,83.35112409759313,0.017848005794576714,-0.0009551366865509069,-0.9318079051005641,-0.36251146794986366
1763658746.732873,766933.6716160448,3403950.34027808,83.34730179887265,0.01796650807226758,-0.0008154623304294159,-0.93175782576677,-0.3626346559986491
1763658746.742957,766933.516409022,3403950.475634418,83.34353073313832,0.017938349890927487,-0.0006570623518353282,-0.9317122288364734,-0.3627535065424281
1763658746.7528138,766933.3612238523,3403950.6110118404,83.33975639380515,0.01805083706638435,-0.0005597889586237189,-0.9316641051254526,-0.36287167034409634
1763658746.7628639,766933.2060661325,3403950.7464990937,83.33595879748464,0.0180597698882591,-0.0004524896657678596,-0.9316167216747304,-0.3629930080052692
1763658746.7771435,766933.0509695087,3403950.882020708,83.3321650903672,0.01808578742607083,-0.0003206943334302971,-0.9315704210421327,-0.3631106609392059
1763658746.7826004,766932.895926904,3403951.0175998094,83.32845493592322,0.018032323878968463,-0.00023035209796418848,-0.9315196500173876,-0.36324361503668384
1763658746.7927403,766932.7409023303,3403951.153238778,83.32476987689734,0.018059910043586837,-0.0002006017127906528,-0.9314657122795751,-0.3633805529409553
1763658746.8035688,766932.5858993996,3403951.288926611,83.32107389718294,0.01812843270410378,-0.0001878897621031654,-0.9314109106198827,-0.36351759270133144
1763658746.812782,766932.4309524238,3403951.4246509424,83.31731967907399,0.018128068419930424,-0.00011724388412250562,-0.9313604876849975,-0.3636468085497213
1763658746.82276,766932.2760627399,3403951.560428924,83.31355429627001,0.018195900120899097,-2.0702118516305323e-05,-0.9313106996947191,-0.3637709298780556
1763658746.832907,766932.121244859,3403951.696248395,83.30980084650218,0.018177753359458634,0.00011548664931507364,-0.9312645416559313,-0.363889968809261
1763658746.842858,766931.9664610014,3403951.832157908,83.30605202354491,0.01819909460377589,0.0002070790043649795,-0.931214799613527,-0.36401613570641006
1763658746.8557618,766931.8117249284,3403951.9681087458,83.30230858176947,0.018179865176981218,0.00026481105282094575,-0.9311631483731014,-0.36414916379026124
1763658746.8625405,766931.6569857995,3403952.1041461728,83.29859277326614,0.018180203604028715,0.00031746826078407966,-0.9311067933491524,-0.3642931769740937
1763658746.8758488,766931.5023161061,3403952.2402098477,83.29486674908549,0.01820967278722472,0.0004025746431147864,-0.9310550438047989,-0.3644238619468862
1763658746.8878095,766931.3476486598,3403952.3763581733,83.29110933095217,0.01822909720102819,0.0005210879117000418,-0.9310039605343235,-0.3645532251290984
1763658746.8958287,766931.1930315071,3403952.5125174755,83.28729334194213,0.01825196983049639,0.0006373373001410092,-0.930952878710062,-0.3646823234267336
1763658746.903781,766931.0384287914,3403952.648748771,83.28348336648196,0.018208040010221395,0.0007527773777175287,-0.9308986956141246,-0.36482258579908017
1763658746.9126124,766930.88391035,3403952.7849957272,83.27975476905704,0.01816741899697713,0.0008417921651076403,-0.9308438660299543,-0.3649642905098347
1763658746.9225776,766930.7293979399,3403952.921278872,83.27609826810658,0.018143207026781002,0.000897874052415943,-0.9307889015119613,-0.36510551719075157
1763658746.9325612,766930.5748911614,3403953.0576469325,83.27240414172411,0.018231859051528347,0.0009164832326474873,-0.9307298364646205,-0.3652515994332535
1763658746.9426055,766930.4204428123,3403953.1940357303,83.26861596945673,0.01827070107057584,0.000990002376924138,-0.9306734574227404,-0.3653930993142668
1763658746.952611,766930.2660667049,3403953.330511985,83.26483540516347,0.018220919279158608,0.0011082666347613616,-0.9306178460413876,-0.3655368578884718
1763658746.9625785,766930.111728405,3403953.4670088245,83.26110390946269,0.01816538009366645,0.0012122830060011473,-0.9305638557029166,-0.3656767148661335
1763658746.9726872,766929.9574305081,3403953.603558022,83.25742996577173,0.01818181105648442,0.0012607726163218914,-0.9305041634183668,-0.36582760155598065
1763658746.982539,766929.80313371,3403953.740155227,83.25377148296684,0.01818119238270924,0.0013437296790987877,-0.9304484213186106,-0.36596908872170825
1763658746.992664,766929.6489079592,3403953.8767960244,83.2500685211271,0.018240195213370947,0.0014642299253755757,-0.9303925908571253,-0.36610760465670417
1763658747.0116694,766929.4946743257,3403954.0135184918,83.24639248196036,0.018231612375602158,0.0016633558271782981,-0.9303418375550203,-0.3662361353721479
1763658747.0128922,766929.3405309818,3403954.150279722,83.2427380522713,0.018297231917573653,0.0018199884672939256,-0.9302856429045687,-0.3663748374981096
1763658747.0264888,766929.1863600364,3403954.2870993675,83.23913200758398,0.018298625759792256,0.0019567893212234806,-0.9302291357500969,-0.36651751154956147
1763658747.0332687,766929.0322477453,3403954.4239016697,83.23550149146467,0.01835926056982462,0.0020504375978781138,-0.9301694555921172,-0.3666654021590409
1763658747.0429533,766928.87823506,3403954.560815198,83.23164353426546,0.018327851569474668,0.002167065596761844,-0.9301096441316385,-0.3668179978911385
1763658747.0529437,766928.7243006187,3403954.6977351136,83.22782000247389,0.018353528646831912,0.0022773375648623417,-0.9300490408075224,-0.366969676421408
1763658747.0628538,766928.5703927435,3403954.834698685,83.22400501277298,0.01833143443682847,0.002399637067549854,-0.9299868332036823,-0.36712762129975823
1763658747.0726473,766928.4165354217,3403954.97172416,83.22017036098987,0.01837577126553452,0.0025542090073609122,-0.9299264609602935,-0.36727725801171934
1763658747.0826418,766928.2627336967,3403955.108783515,83.21639880537987,0.01836588777130127,0.0027639232585247057,-0.9298705487445134,-0.3674177696739377
1763658747.0928316,766928.1089109534,3403955.245917011,83.2126776529476,0.018352016011255044,0.002934191223944522,-0.9298159959054497,-0.3675551765225739
1763658747.1035542,766927.9551291736,3403955.3830944444,83.20897883735597,0.01843962871466029,0.0030266269581646615,-0.929756319022724,-0.367700974787171
1763658747.1127493,766927.8013645106,3403955.5202720673,83.20525539107621,0.01848980472266445,0.0031240788239082,-0.9296974127315447,-0.3678465549833133
1763658747.1237965,766927.6476484884,3403955.657519623,83.20150864683092,0.018499801659599597,0.0032366982872963643,-0.9296325965822992,-0.36800885382610593
1763658747.1328096,766927.4939756665,3403955.7948168204,83.19775510579348,0.018495755967196305,0.003402798111500736,-0.9295710434591425,-0.3681630116381807
1763658747.1425867,766927.3403389791,3403955.932166901,83.19410663470626,0.018453860400692707,0.003571640877603144,-0.9295062245173349,-0.36832713313206117
1763658747.152602,766927.1867455984,3403956.0695580454,83.19051304645836,0.018551843277003176,0.0037113763389501906,-0.929440758250364,-0.3684859993265478
1763658747.1628084,766927.0331892276,3403956.206965829,83.18696559499949,0.018608186816483067,0.0038797528639266474,-0.9293787391275642,-0.368637819761859
1763658747.1726775,766926.8796374971,3403956.3444268317,83.18339421786368,0.018660156489872775,0.004017958549768431,-0.9293156086305701,-0.3687928336132075
1763658747.1827803,766926.7261500249,3403956.481940246,83.17980118468404,0.018781614603453886,0.004144398058799068,-0.9292519269988891,-0.36894570208428884
1763658747.193089,766926.5727098412,3403956.619519864,83.1762332515791,0.018799526616990168,0.0042939059880103,-0.9291895415368203,-0.36910017077879664
1763658747.2037451,766926.4193256821,3403956.757158345,83.17275587283075,0.018808654387683407,0.004473849290991211,-0.9291266529433859,-0.3692558489487567
1763658747.2128253,766926.2659758215,3403956.894885712,83.16928457189351,0.01899492590615543,0.004593203010310776,-0.9290623420275235,-0.36940663218499303
1763658747.2228608,766926.1126965251,3403957.0326248785,83.16578567400575,0.018973807535970826,0.004770016878417327,-0.9290023635363012,-0.36955628814909025
1763658747.2339134,766925.9593817154,3403957.170455228,83.16226592473686,0.019125206968352796,0.004860792105749138,-0.9289405230528829,-0.36970272353440764
1763658747.2428782,766925.8061341569,3403957.308271392,83.15878073498607,0.019126749588455692,0.005028346492105867,-0.9288836047335605,-0.3698433885294185
1763658747.2528365,766925.6529023501,3403957.446158112,83.1553517030552,0.019212452981274934,0.005169401868437966,-0.9288223695363967,-0.3699907631057267
1763658747.2628937,766925.4997063207,3403957.5841216124,83.15188798401505,0.019373419684109973,0.005281824886678483,-0.9287589915448702,-0.37013985000289484
1763658747.272646,766925.3465905143,3403957.722131774,83.14833527803421,0.01943413057757957,0.005437635122808061,-0.9286942571338858,-0.37029680454941155
1763658747.282763,766925.193531228,3403957.8602316333,83.14480668399483,0.019499257787476725,0.005612657728725233,-0.9286323956590203,-0.37044588100226805
1763658747.292974,766925.0405526173,3403957.9983152403,83.14131467789412,0.019509159835699674,0.005781489163730899,-0.9285739222061931,-0.37058931185904626
1763658747.3037515,766924.8876140777,3403958.136491335,83.13788139913231,0.01958053609598505,0.00587906381205332,-0.9285145571711055,-0.3707327289790229
1763658747.312845,766924.7346383624,3403958.274675109,83.13444390892982,0.019681092411900532,0.005946464508163874,-0.9284570197450364,-0.3708704041137446
1763658747.3228917,766924.5817074596,3403958.4129525125,83.13101859949529,0.01975809756064537,0.006041278138404516,-0.928397847140644,-0.37101288112928893
1763658747.332632,766924.4288478685,3403958.551278702,83.1275559393689,0.019934559434698428,0.006162624303828161,-0.9283420235406036,-0.37114110892000607
1763658747.342702,766924.2760497397,3403958.6896505435,83.1240917565301,0.020004193114699555,0.0062907158500335476,-0.9282869136398353,-0.37127303311303506
1763658747.3528738,766924.1232915652,3403958.82811383,83.12064751982689,0.020164194810995125,0.006333797528497567,-0.9282288632198918,-0.37140875830006975
1763658747.3627129,766923.970557047,3403958.9665812072,83.11714547034353,0.020222580968996238,0.0064000725045564736,-0.9281721733061581,-0.3715460980699598
1763658747.3725772,766923.8178507295,3403959.105097747,83.11358210910112,0.020205677883855154,0.0064758449359425,-0.9281145097162693,-0.37168972392003025
1763658747.3826044,766923.6651748833,3403959.24367327,83.10999568551779,0.020334461766450432,0.006541519726728706,-0.9280583879786564,-0.37182165978704257
1763658747.3926213,766923.512559532,3403959.3822963284,83.10647410340607,0.020262988521707232,0.006693760959038419,-0.9280052197925339,-0.3719555308073843
1763658747.403495,766923.3599775523,3403959.52100734,83.10298262443393,0.02042516494448849,0.006783134873457253,-0.9279480029134191,-0.3720877660005446
1763658747.4125998,766923.2074804744,3403959.659749072,83.09944463614374,0.020601380544999177,0.006881888926196702,-0.9278895484537598,-0.3722219883278329
1763658747.4226584,766923.0550276891,3403959.798542172,83.0958320517093,0.020699002449743067,0.007005065850510076,-0.9278341134103472,-0.3723524383457836
1763658747.4400005,766922.9026180529,3403959.937345586,83.09225842822343,0.020768624860543844,0.007121224716400645,-0.9277820804766715,-0.3724759905367319
1763658747.4438624,766922.7501882885,3403960.076242084,83.08867242280394,0.020846909664292597,0.007189319914087237,-0.927729146081673,-0.37260213572548323
1763658747.455757,766922.5978256727,3403960.2151467935,83.08503123372793,0.020960857446486212,0.0072378609392277134,-0.9276761694700184,-0.3727266832701494
1763658747.4676647,766922.4454645421,3403960.3541424675,83.08130343351513,0.021060389828920136,0.007278258665709275,-0.9276189587690851,-0.37286264798610164
1763658747.475717,766922.2931585565,3403960.4931708802,83.07748830877244,0.021040580442113065,0.00735899070111728,-0.9275647997328625,-0.3729968921144711
1763658747.4826295,766922.1409149251,3403960.63221919,83.073735085316,0.02093994632836199,0.007446566022797119,-0.9275083064491426,-0.37314127186640317
1763658747.4926496,766921.988657142,3403960.7713330905,83.07003535050899,0.020967333751192384,0.007457142443149424,-0.9274504294154557,-0.37328335473074004
1763658747.50354,766921.8364395463,3403960.9104647003,83.06632839143276,0.020985914974379488,0.007454354649227135,-0.9273906291718736,-0.3734309104689222
1763658747.512778,766921.684280211,3403961.0496469587,83.06258458923548,0.02102457378040086,0.0074382307239009736,-0.9273298349491477,-0.37358000111654416
1763658747.5226634,766921.5321484135,3403961.1888831565,83.05878245830536,0.021051088342365323,0.007414537046060158,-0.9272680788209793,-0.37373223880158435
1763658747.5328069,766921.380085319,3403961.328148814,83.05496572516859,0.021083721797003074,0.007406011264535957,-0.9272028643658032,-0.37389233207460404
1763658747.5442615,766921.2280510671,3403961.4674809095,83.0511119114235,0.021139143149234933,0.007413495427773272,-0.927138899058114,-0.37404764210694713
1763658747.5526206,766921.0760654311,3403961.6068801535,83.04718163330108,0.02108356005093416,0.007447633773687213,-0.9270760611564726,-0.37420581646648937
1763658747.5626228,766920.9241308919,3403961.7463432867,83.04325303342193,0.02105006451210408,0.007463042851453075,-0.927015562225572,-0.3743572427068028
1763658747.572939,766920.7721761324,3403961.885849867,83.03937087301165,0.02096428895746831,0.007472049178538898,-0.9269528806069238,-0.37451705462382784
1763658747.5826561,766920.6203038932,3403962.0253732074,83.0355009092018,0.02104359470288806,0.0074445691874965875,-0.9268861592723415,-0.3746782529864266
1763658747.5926712,766920.4684598072,3403962.1649666736,83.03163019753993,0.021085743811345883,0.007444906924731586,-0.9268214469197735,-0.3748359245034307
1763658747.603549,766920.3166862086,3403962.304624556,83.02777992747724,0.021033879168559498,0.007447339363915517,-0.9267550371914088,-0.3750029521268748
1763658747.612766,766920.1649508636,3403962.4443668225,83.02397893276066,0.021158250979508825,0.007412741093301403,-0.9266874797422846,-0.37516355709725413
1763658747.622644,766920.0132947216,3403962.584121664,83.02028342336416,0.021163598549937337,0.007406996383320045,-0.9266242632500632,-0.3753194815850519
1763658747.6326778,766919.8616401105,3403962.723992549,83.01656898669899,0.021274534937644397,0.0073208629613100455,-0.9265608698217225,-0.3754713752656811
1763658747.642976,766919.7101005483,3403962.8638362316,83.01275369059294,0.021437344022223304,0.0071694377626968665,-0.9265000563835598,-0.37561507552905843
1763658747.6529872,766919.5585224174,3403963.003762867,83.00891396589577,0.02131902308984837,0.007040476026251846,-0.9264397364677033,-0.37577299749379445
1763658747.6629257,766919.4070528273,3403963.143791132,83.00504889991134,0.021428776251811672,0.006814253521483214,-0.926372630881448,-0.3759363273894652
1763658747.6742196,766919.2556507534,3403963.2838478517,83.00122266076505,0.021291911988316384,0.006668847883101931,-0.9263135214783507,-0.3760923302570406
1763658747.6837559,766919.1043066932,3403963.424018126,82.99743336252868,0.021347498944503288,0.0064261332580253395,-0.9262497200482771,-0.37625050858524134
1763658747.695733,766918.9530000043,3403963.564176557,82.99359763227403,0.02144279021038271,0.006179935031266851,-0.9261914253200536,-0.37639269229703476
1763658747.703737,766918.8017141947,3403963.70449954,82.98966941516846,0.021430365493269658,0.005957090541090371,-0.9261285954993483,-0.37655155969072085
1763658747.7145112,766918.6504918156,3403963.844833681,82.98558960668743,0.02140427449051563,0.00573261566165874,-0.9260684173518963,-0.3767045002844597
1763658747.7225163,766918.4993132392,3403963.985244607,82.98147522099316,0.021339483783549003,0.005488458030549873,-0.9260038608875858,-0.376870472286677
1763658747.7325299,766918.3481943704,3403964.1257154895,82.97736964002252,0.0212182551396392,0.005274160508389365,-0.9259430809076914,-0.37702968026261996
1763658747.742579,766918.1971862192,3403964.266200443,82.97326817922294,0.02116331686015871,0.005017790071420492,-0.9258817699788007,-0.3771868022919133
1763658747.7526553,766918.0461951965,3403964.406837755,82.96908660139889,0.02105040893738058,0.004754269247919243,-0.9258179139551553,-0.37735323956104067
1763658747.7627778,766917.895324751,3403964.5474870605,82.96486900467426,0.02095800881675352,0.004466812960845968,-0.925755061483307,-0.37751606003777954
1763658747.7726927,766917.7444545233,3403964.688231437,82.96065010875463,0.02071187560209193,0.0041832852522470845,-0.9256927167626425,-0.37768573241008174
1763658747.7826355,766917.5936487333,3403964.829045642,82.95643585640937,0.020636899218770294,0.0038501526370794733,-0.9256284297501489,-0.3778509028090035
1763658747.7957253,766917.4428807028,3403964.969925392,82.9521716190502,0.02049830117200988,0.0035907321011939084,-0.9255701474493265,-0.3780037413077692
1763658747.803579,766917.2922141447,3403965.1109082885,82.94780971575528,0.020402597375885415,0.0033730713962753563,-0.9255132888114637,-0.37815011390063236
1763658747.8127408,766917.1416049368,3403965.2519876063,82.94341792818159,0.020201717207725633,0.0032109268030685693,-0.9254642463247065,-0.3782823143441513
1763658747.8226728,766916.9910890796,3403965.3930773884,82.93901623506099,0.01993615296442907,0.002981086259177479,-0.9254103294702614,-0.3784301587339952
1763658747.8327665,766916.8405845235,3403965.5342626385,82.93461921997368,0.019716007404212997,0.0027019361717708235,-0.9253505833130071,-0.3785898526839277
1763658747.8425925,766916.6901376063,3403965.675505666,82.93022586777806,0.019529804970814725,0.0024222629275959754,-0.9252900898821652,-0.37874921640310544
1763658747.8526528,766916.5397889925,3403965.8168156506,82.92578544002026,0.019207035327673212,0.002213216529543007,-0.9252300779492546,-0.37891357104824197
1763658747.862554,766916.3894644827,3403965.958240818,82.92133377306163,0.01903254901382253,0.0019860988534696877,-0.9251740723941013,-0.3790603556943075
1763658747.872561,766916.23925923,3403966.0996725755,82.91686199326068,0.018735790781285146,0.001783857097669754,-0.9251174068319832,-0.37921441372147524
1763658747.8825564,766916.0890826716,3403966.2412061985,82.91246741916984,0.018475403070745966,0.0016169754874022536,-0.9250687102965371,-0.37934670962319944
1763658747.8943694,766915.93894547,3403966.382743194,82.90813658386469,0.018163354353206096,0.001433875779941007,-0.9250183701972534,-0.37948524524216254
1763658747.9034667,766915.7888388849,3403966.524376801,82.90386995114386,0.017845800862346398,0.0012266103262209872,-0.9249607186761626,-0.37964153055845457
1763658747.9125743,766915.6387885365,3403966.6660380675,82.89965456258506,0.017715986665561484,0.0009617436062333336,-0.9249003885726907,-0.37979532656917603
1763658747.9225037,766915.4887727478,3403966.807764203,82.89551097992808,0.01741165556899886,0.0007439687789183701,-0.9248375625188909,-0.3799628451768924
1763658747.9325063,766915.3387895579,3403966.9495708845,82.89145682472736,0.017230661894775595,0.0005349292553958607,-0.9247765731329582,-0.38011985994659936
1763658747.9426074,766915.1889017954,3403967.0914023216,82.88746707327664,0.017044513089057585,0.00028883596070052205,-0.9247109794283296,-0.38028805617852895
1763658747.9526505,766915.0390523184,3403967.233279535,82.88353790622205,0.016793508583579184,1.4813418777149048e-05,-0.9246418767397322,-0.3804673147975288
1763658747.9638643,766914.889171625,3403967.375193753,82.87966280151159,0.016643102840948415,-0.0002701871679385171,-0.9245716260860363,-0.38064450917272175
1763658747.9727952,766914.7393835491,3403967.5171297207,82.87584497313946,0.016414314250851395,-0.00045479184347855216,-0.9245009428975579,-0.38082590515034515
1763658747.9827871,766914.589654021,3403967.659140842,82.87211361527443,0.016256094324514293,-0.0006078245334116134,-0.9244327173204985,-0.38099805917365026
1763658747.9927554,766914.4400025255,3403967.801225728,82.8685055654496,0.016127923976336264,-0.0008496034166460874,-0.9243618080208817,-0.3811750465529112
1763658748.0050557,766914.2904045361,3403967.9433463356,82.86499961093068,0.015978472490921613,-0.0011153124883256527,-0.9242902137084275,-0.38135422554069015
1763658748.012639,766914.1408181137,3403968.0854821512,82.86159740760922,0.01586759541211545,-0.0014305121395445913,-0.9242166064986994,-0.38153615467329427
1763658748.0262299,766913.991259783,3403968.227749693,82.85820340178907,0.01577453410379212,-0.0017534222160994735,-0.9241408296711306,-0.38172217189874463
1763658748.0330403,766913.8417783714,3403968.3700480014,82.85482094995677,0.015670160010189213,-0.0020616454204720556,-0.9240652710401174,-0.38190780374452854
1763658748.042679,766913.692365298,3403968.5125556584,82.85175471194088,0.015566955872497634,-0.0023541170111673814,-0.9239912002918439,-0.3820895049608127
1763658748.0528686,766913.5429873292,3403968.6551058516,82.84871697612107,0.015489536094093106,-0.002635663186501919,-0.9239182919538504,-0.3822670759354465
1763658748.0663521,766913.3936734191,3403968.797686287,82.84570024628192,0.01535020778122236,-0.002919212551639087,-0.9238455197829321,-0.38244647324319214
1763658748.0798705,766913.244403684,3403968.9403304616,82.842693711631,0.015210793914107656,-0.0032608708490836887,-0.9237681721834833,-0.38263607060834515
1763658748.083755,766913.095200631,3403969.083077315,82.83969841524959,0.015172067692691273,-0.00361191590269004,-0.9236889782388538,-0.3828255920200513
1763658748.0928025,766912.9460530514,3403969.225875094,82.8367553409189,0.015004743777338552,-0.0038658484862953996,-0.9236145657913544,-0.38300919928600313
1763658748.10374,766912.7970157765,3403969.3687359532,82.83384374156594,0.01500422684336309,-0.0041454148251492415,-0.9235387241735679,-0.3831891356296771
1763658748.112789,766912.6480357698,3403969.5116850757,82.83089825510979,0.015048979793564402,-0.004388040158558615,-0.923465301215747,-0.3833615927049156
1763658748.1228764,766912.4991117902,3403969.6546716527,82.82796055544168,0.014953449301301564,-0.0046095377892644805,-0.9233938751792983,-0.38353474131650833
1763658748.1327977,766912.3502426757,3403969.797739675,82.82506055850536,0.014958871663784418,-0.004910211787913676,-0.923321102733015,-0.3837059593316647
1763658748.1428921,766912.2013983573,3403969.940841639,82.8221611334011,0.01495158829138999,-0.005178989840167942,-0.9232522734359527,-0.3838682946886145
1763658748.1527748,766912.052588176,3403970.084051897,82.81929953675717,0.014907523567490782,-0.005419348016229101,-0.9231823592915552,-0.3840348003775716
1763658748.162903,766911.9039257898,3403970.2272895314,82.8163749659434,0.015104413378819487,-0.005691796342088204,-0.9231106493865475,-0.38419550900554333
1763658748.1726172,766911.7552464695,3403970.370626405,82.81344706378877,0.015014134174086993,-0.005867465470033162,-0.9230406155806401,-0.38436463236420915
1763658748.182717,766911.6066399468,3403970.513992439,82.81052021961659,0.015053648069035905,-0.006131446634759783,-0.9229658195750929,-0.3845385402505912
1763658748.1928122,766911.4581033182,3403970.6573874475,82.80757064558566,0.015170193084388259,-0.006402302491949839,-0.9228939447425281,-0.38470201782959146
1763658748.2037623,766911.3096171131,3403970.800842002,82.80464057065547,0.015054844417603453,-0.0066043773888596145,-0.9228286631314245,-0.38485970477816345
1763658748.2157867,766911.1611334796,3403970.94436745,82.80165245197713,0.015140322179556256,-0.00691308833999515,-0.9227602819113838,-0.38501485942847197
1763658748.222761,766911.0127409694,3403971.08793342,82.79853385873139,0.015214474157542329,-0.007209899492975956,-0.9226904896307817,-0.3851737237537355
1763658748.2328286,766910.8643918664,3403971.2315615024,82.79538560844958,0.015141219945638109,-0.007432177259817945,-0.9226245470860658,-0.3853303145535891
1763658748.2427273,766910.7161499369,3403971.375240127,82.79216695483774,0.015178668045217517,-0.007693097006969988,-0.9225539681807098,-0.3854926719003103
1763658748.25274,766910.5679048754,3403971.519020011,82.78887201473117,0.015130899957526088,-0.007893910025376767,-0.9224862863412793,-0.38565242584905635
1763658748.262865,766910.419674175,3403971.6628266904,82.78551543038338,0.015094595928921211,-0.008114912505525068,-0.9224197262816995,-0.3858084368377197
1763658748.2728672,766910.2715140716,3403971.806656885,82.78205839451402,0.015154777035556323,-0.008343117698817114,-0.9223556654308167,-0.38595433870827467
1763658748.282729,766910.1233512613,3403971.950533439,82.77854108251631,0.01503980521512134,-0.008496341536333891,-0.9222984099050076,-0.38609229405193163
1763658748.292702,766909.9752809397,3403972.0944767427,82.77494246605784,0.014976752470169316,-0.00872795163548889,-0.9222347866918689,-0.3862415280120699
1763658748.303557,766909.8272777051,3403972.2384841572,82.77124252356589,0.01495767237604022,-0.00898296809832251,-0.9221713729616927,-0.3863878015817559
1763658748.3125756,766909.6793235098,3403972.3825417217,82.76754322461784,0.014702599840329025,-0.009165409582349397,-0.922113972525693,-0.38653027112764166
1763658748.3225813,766909.5313882184,3403972.526669538,82.76385666616261,0.014651280463030316,-0.00939054913815732,-0.9220571819015896,-0.38666226977994134
1763658748.3327346,766909.3835395875,3403972.6707879812,82.76023700553924,0.014539866883391723,-0.009586477531986257,-0.922008992338901,-0.38677656310297104
1763658748.3425395,766909.2357140476,3403972.814989806,82.75657469406724,0.01446290268750947,-0.009890084954346397,-0.921958757261522,-0.38689153592995196
1763658748.3526356,766909.0879406806,3403972.9592188993,82.75287607405335,0.014432441006684435,-0.010252011142916807,-0.9219142182603328,-0.3869893733470643
1763658748.3625636,766908.9401995505,3403973.1035166243,82.74913397151977,0.014233439769109391,-0.010572489027192945,-0.9218709095842548,-0.3870912782928694
1763658748.3725162,766908.7925129582,3403973.247908164,82.74537878017873,0.014143031652757801,-0.01087920718784811,-0.9218318472668429,-0.38717910954909884
1763658748.3826067,766908.6449044535,3403973.3923480404,82.74160069134086,0.01403142716281973,-0.011190275373933304,-0.9217965956178588,-0.3872582253434467
1763658748.3926587,766908.4973698091,3403973.5368712745,82.73776734806597,0.01387470204679751,-0.011500740799568981,-0.9217613591504852,-0.38733864044428135
1763658748.4037554,766908.3498415713,3403973.6814440778,82.73391264397651,0.013705443599558954,-0.011826595368568584,-0.9217291090527908,-0.38741159247301316
1763658748.4128847,766908.2023965903,3403973.8260496613,82.73006153199822,0.013496882005982145,-0.012103463287332687,-0.9216987511484684,-0.38748258345882153
1763658748.4228613,766908.054975723,3403973.9707041965,82.72625616006553,0.013392469024019638,-0.012376521130072628,-0.9216763608220657,-0.3875308367084496
1763658748.432958,766907.9076544056,3403974.115367421,82.72241014055908,0.013279919958564137,-0.012612278721264119,-0.9216563451112444,-0.38757470978836334
1763658748.4429693,766907.7602833663,3403974.2601346825,82.71854159235954,0.013219326425196458,-0.01283950622828569,-0.9216395569828084,-0.3876092407221611
1763658748.4526873,766907.6130201911,3403974.4049191084,82.71462114527822,0.013125607439967697,-0.013051035945490463,-0.9216200204309388,-0.38765181133454946
1763658748.4626112,766907.4658131092,3403974.549738328,82.71074772253633,0.012910374187059722,-0.01323541515190525,-0.9216038718780601,-0.38769117782517964
1763658748.4725282,766907.3186235852,3403974.694586898,82.70691010169685,0.012824549023320649,-0.013489674439979227,-0.9215856930631046,-0.3877284745375932
1763658748.482558,766907.1714372798,3403974.839476831,82.70310248807073,0.012684441038028465,-0.013684748799567416,-0.9215753989127335,-0.38775071466688704
1763658748.4927716,766907.0242441979,3403974.984378628,82.69928570929915,0.012647019727885563,-0.013861868840549012,-0.9215730942067664,-0.38775112316847826
1763658748.503871,766906.877109372,3403975.129318509,82.69546115025878,0.012528442370551202,-0.014043448179800447,-0.9215728361965634,-0.38774905193902265
1763658748.5126765,766906.729965077,3403975.2742918744,82.69166714604944,0.01240853973351276,-0.014310193926240828,-0.921569958561548,-0.3877499941564691
1763658748.5319276,766906.5828175846,3403975.419317097,82.68792566470802,0.012303116656371975,-0.014661932679587042,-0.9215574656130001,-0.3877699042261833
1763658748.5360475,766906.4357337689,3403975.5643108627,82.6841731397435,0.012222183730278132,-0.014959497796499091,-0.9215484579399726,-0.38778250517396745
1763658748.5558162,766906.2887089371,3403975.7093041455,82.68043861258775,0.012153476314836167,-0.015193625336820319,-0.9215454643494017,-0.38778267612109074
1763658748.5559075,766906.1416605541,3403975.8543795375,82.67664235644042,0.01208118755419599,-0.015362041592152351,-0.9215525679268987,-0.387761417798032
1763658748.5638778,766905.994645867,3403975.9994328525,82.67284298781306,0.012023797946933831,-0.01555055455701512,-0.9215673597745478,-0.38772053071003293
1763658748.5725586,766905.8476219983,3403976.144514863,82.66905345302075,0.01185725973991576,-0.015754206624265507,-0.9215831007912936,-0.3876800210237878
1763658748.58266,766905.7006275323,3403976.289542656,82.66533841658384,0.011701457338219999,-0.016036990747605565,-0.9215964686899218,-0.3876413803016767
1763658748.5926013,766905.5535749837,3403976.434617675,82.66166344843805,0.011504952859195228,-0.0163644140467581,-0.9216032881165386,-0.3876173646076737
1763658748.6035252,766905.4065580575,3403976.5796828717,82.65794625878334,0.011485271385931826,-0.016717988878947425,-0.9216087221431692,-0.38758993879958914
1763658748.6126325,766905.2595295799,3403976.724835273,82.65418840851635,0.011330159342541073,-0.01692828784391761,-0.9216212355688638,-0.38755562014821443
1763658748.6250648,766905.112573226,3403976.8699600445,82.65044632181525,0.011168964070660023,-0.01711180881226588,-0.9216404023805376,-0.387506656640375
1763658748.6326556,766904.9655858523,3403977.015075608,82.64677592460066,0.011049057473855107,-0.01735047896471688,-0.9216656172666842,-0.38743950386745063
1763658748.6426187,766904.8185346224,3403977.1601610957,82.6431251084432,0.010921999181388245,-0.01765968817608212,-0.9216901981847645,-0.387370654435174
1763658748.652825,766904.6714383117,3403977.305227007,82.6394143179059,0.01079927195383246,-0.017973770015457503,-0.9217146991791131,-0.38730134602639277
1763658748.662521,766904.5243483136,3403977.450278171,82.6356068495661,0.010626169126872993,-0.01825600646535127,-0.9217378459171122,-0.3872378418513692
1763658748.6729374,766904.3772730024,3403977.5953936884,82.6317376382649,0.010392458189125927,-0.018491090346867335,-0.9217597119960779,-0.38718097800831935
1763658748.6877522,766904.2302999262,3403977.740477028,82.62786846235394,0.01011613683820754,-0.018726850852987052,-0.9217806328399277,-0.38712715450330065
1763658748.6957576,766904.0833286047,3403977.8855779674,82.62410654127598,0.009764336733329541,-0.01895234754655403,-0.9218074396977267,-0.387061378037844
1763658748.7035224,766903.936295683,3403978.0306495414,82.62044791970402,0.009485422486702491,-0.019233273326713207,-0.9218374917398111,-0.3869828765982316
1763658748.7125015,766903.78917565,3403978.175699353,82.6168060451746,0.009249979766147385,-0.019497332628484416,-0.9218742104905753,-0.38688788030523596
1763658748.7225435,766903.6420280499,3403978.320763203,82.61317677889019,0.009112289519918194,-0.01972571711886545,-0.9219124145624386,-0.3867885237949887
1763658748.7326605,766903.4949414979,3403978.4658175213,82.6095131142065,0.00890850767897547,-0.01987535312835958,-0.9219526031990442,-0.3866898062833601
1763658748.7427373,766903.347861418,3403978.61088547,82.60592086240649,0.00874947688111909,-0.019996460641641033,-0.9219926071631375,-0.3865918009381918
1763658748.7527766,766903.2007577133,3403978.7559602913,82.60235104057938,0.008614466803847183,-0.020116112005657116,-0.9220297558528892,-0.38650001593961514
1763658748.7626417,766903.0536401563,3403978.900970942,82.59882825054228,0.008419771843522052,-0.020218179258744123,-0.9220656437286965,-0.3864133555206769
1763658748.7726336,766902.9064840688,3403979.0459510246,82.59535924624652,0.00824143137052204,-0.020366116436824653,-0.9220991626629989,-0.38632943756131666
1763658748.7826614,766902.759228766,3403979.1908804025,82.59196438454092,0.008036997513478538,-0.02049097511661014,-0.9221330447656237,-0.3862462612906681
1763658748.7925372,766902.6119793069,3403979.3358171606,82.58867787010968,0.008002374792917821,-0.020682877928945666,-0.9221695066332691,-0.38614968806669137
1763658748.8037648,766902.4647522803,3403979.4806508925,82.58540914393961,0.007871287528529525,-0.020827623588995856,-0.922206336121687,-0.38605663644767513
1763658748.8126998,766902.3174730012,3403979.6255483786,82.58225851226598,0.007843939142973815,-0.02102089443751334,-0.9222429606411799,-0.3859592156738318
1763658748.8226998,766902.1701781934,3403979.770339852,82.57911570370197,0.007697163794428743,-0.02118218820699201,-0.9222749745250898,-0.3858768455570125
1763658748.8328261,766902.0228094679,3403979.9151882636,82.5761688677594,0.007686830170924672,-0.0213595311020648,-0.9223060734294416,-0.38579293667482917
1763658748.842846,766901.8754690231,3403980.059907318,82.57322622090578,0.0077238784419572295,-0.021544314002472753,-0.9223407463920492,-0.38569901708577625
1763658748.8537629,766901.7280532463,3403980.2046138896,82.57038514968008,0.007692116619861849,-0.021663258400720933,-0.9223740921004521,-0.3856132373236645
1763658748.8626611,766901.5805529526,3403980.3493215316,82.56756329908967,0.007888267107298024,-0.02186877600137706,-0.9224091971727044,-0.3855136895746411
1763658748.8746498,766901.433065196,3403980.4939333485,82.56468102615327,0.007913196321124432,-0.022002071551500878,-0.9224408017808614,-0.38542996430130755
1763658748.8826637,766901.285468625,3403980.638603933,82.56178811378777,0.00801757849016443,-0.02216276490467743,-0.9224712384038325,-0.3853457468360501
1763658748.892766,766901.1379715903,3403980.783134815,82.55880503356457,0.008171960991588418,-0.022320449457549338,-0.9224935320833731,-0.3852800278419678
1763658748.9035077,766900.9904158795,3403980.9277145676,82.55597557686269,0.008154027286686783,-0.02233549096382309,-0.9225269039676895,-0.38519962245334866
1763658748.9128137,766900.8428879604,3403981.0722338157,82.55303755402565,0.00844265730905096,-0.0225387000764831,-0.9225564962299955,-0.3851106851286505
1763658748.9237232,766900.695183282,3403981.216746385,82.55006016045809,0.008424039943692792,-0.02254323540924637,-0.9226042849643994,-0.3849963265456434
1763658748.9327295,766900.5475052428,3403981.361244461,82.54688992351294,0.00869096740827238,-0.022695194227223783,-0.9226407931330409,-0.38489396213935384
1763658748.9427817,766900.3998197538,3403981.5056326096,82.54378778859973,0.008576134022497666,-0.02258403142445326,-0.9226972115899577,-0.38476780943052397
1763658748.9558187,766900.2520733569,3403981.65010277,82.54079034086317,0.00874735810053532,-0.022717916952773313,-0.9227363711263425,-0.384662149653662
1763658748.9626489,766900.1043234492,3403981.79448414,82.53766732104123,0.008944064578450532,-0.022850190393105634,-0.9227808853954873,-0.38454298856764446
1763658748.9758546,766899.9564913947,3403981.9388636104,82.53449344076216,0.009093956662331648,-0.02294106158360808,-0.9228199668316248,-0.3844402638414969
1763658748.9838953,766899.8087534725,3403982.0831989124,82.53106697462499,0.009266774848450957,-0.02300244978325143,-0.9228632597748911,-0.3843285286646553
1763658748.992995,766899.6608493263,3403982.227525803,82.52778651937842,0.00913046791835509,-0.02285858881104049,-0.9229245697916997,-0.38419312584683923
1763658749.0079396,766899.5129868812,3403982.371806786,82.52442702651024,0.009376169447813262,-0.02297228717045275,-0.92296987135861,-0.3840715793090072
1763658749.014147,766899.3649729155,3403982.516000534,82.52101434953511,0.009491688733690063,-0.02291611475254632,-0.92303616501571,-0.3839127473824255
1763658749.0266855,766899.1477995137,3403981.967107108,83.79979828838259,0.009792632305770172,-0.023004396272480757,-0.9230848571132686,-0.3837828144573949
1763658749.0330715,766899.1477995137,3403981.967107108,83.79979828838259,0.009496984367079589,-0.02278110641090685,-0.9231592106258677,-0.38362468679068507
1763658749.0428374,766899.1477995137,3403981.967107108,83.79979828838259,0.009569541216430983,-0.022855741019004984,-0.9232044364679757,-0.3835095924083603
1763658749.0530984,766899.1477995137,3403981.967107108,83.79979828838259,0.009359459273020449,-0.022821229000514406,-0.9232661345790375,-0.38336827825017755
1763658749.0630844,766899.1477995137,3403981.967107108,83.79979828838259,0.009301760288991875,-0.02290476120086105,-0.9233166308820013,-0.3832430668734501
1763658749.0758295,766899.1477995137,3403981.967107108,83.79979828838259,0.009394972694525126,-0.02300018583845172,-0.923375288584352,-0.38309372530913416
1763658749.0827506,766899.1477995137,3403981.967107108,83.79979828838259,0.009123092636545031,-0.022910751377639215,-0.923443144165929,-0.3829420663037692
1763658749.0927796,766899.1477995137,3403981.967107108,83.79979828838259,0.009297501090413308,-0.023018308661347686,-0.9234992379201714,-0.38279612263018936
1763658749.103476,766899.1477995137,3403981.967107108,83.79979828838259,0.009017502679071221,-0.022822388329998486,-0.9235788934339891,-0.3826223344756494
1763658749.112599,766897.6671482438,3403983.4035308273,83.75361499097198,0.009164167153837551,-0.02281188532348205,-0.9236420024248062,-0.3824671061477821
1763658749.123911,766897.6671482438,3403983.4035308273,83.75361499097198,0.008860923979171011,-0.02265830588858159,-0.9237192344289394,-0.3822968233539337
1763658749.1325963,766897.6671482438,3403983.4035308273,83.75361499097198,0.00899014943676976,-0.022803855529996784,-0.9237737407924862,-0.38215342103444244
1763658749.1425207,766897.6671482438,3403983.4035308273,83.75361499097198,0.008636080005975814,-0.022698367762444608,-0.9238468846464012,-0.381991015538573
1763658749.1525273,766897.6671482438,3403983.4035308273,83.75361499097198,0.008534978891449264,-0.022710566148119803,-0.9239101870923591,-0.38183943026816475
1763658749.1625233,766897.6671482438,3403983.4035308273,83.75361499097198,0.008415604158164726,-0.022712350645327773,-0.9239805418802844,-0.38167169787846855
1763658749.1726143,766897.6671482438,3403983.4035308273,83.75361499097198,0.008201092838729575,-0.022734182599938566,-0.9240528182495533,-0.38150004993816344
1763658749.182579,766897.6671482438,3403983.4035308273,83.75361499097198,0.008081414287803523,-0.022825196128702225,-0.9241209083124613,-0.3813322016097601
1763658749.197844,766897.6671482438,3403983.4035308273,83.75361499097198,0.007886698335696541,-0.02283238815772536,-0.9241984352839339,-0.3811479165089386
1763658749.2042437,766897.6671482438,3403983.4035308273,83.75361499097198,0.007795924056670254,-0.022944315153721126,-0.924265171070056,-0.3809812010021877
1763658749.2127576,766896.1866315613,3403984.838358749,83.71705270372331,0.007557033121628267,-0.02303887281767657,-0.9243389596029092,-0.38080124651831254
1763658749.223054,766896.1866315613,3403984.838358749,83.71705270372331,0.007628369344397064,-0.0232127211156794,-0.9244029723711625,-0.380633842729349
1763658749.2327754,766896.1866315613,3403984.838358749,83.71705270372331,0.007157295990495921,-0.023131038150830285,-0.9244781538795457,-0.38046533506698926
1763658749.242788,766896.1866315613,3403984.838358749,83.71705270372331,0.007180130866132943,-0.02326272005106643,-0.9245407015471536,-0.3803048550298402
1763658749.2527826,766896.1866315613,3403984.838358749,83.71705270372331,0.006780631901740747,-0.02330768074992783,-0.9246104157729451,-0.38013991383864665
1763658749.262773,766896.1866315613,3403984.838358749,83.71705270372331,0.006463589010042993,-0.023400299623753437,-0.9246696778349013,-0.37999557219437113
1763658749.2729466,766896.1866315613,3403984.838358749,83.71705270372331,0.006401186185807517,-0.023511563920437198,-0.9247309518559668,-0.3798406216520129
1763658749.2829213,766896.1866315613,3403984.838358749,83.71705270372331,0.00604401173833354,-0.02347559565146784,-0.9247905796190687,-0.3797035029845555
1763658749.2927837,766896.1866315613,3403984.838358749,83.71705270372331,0.006224887904575677,-0.02362823342869117,-0.924844922282424,-0.3795587267920894
1763658749.304761,766896.1866315613,3403984.838358749,83.71705270372331,0.005985681682363039,-0.02360321201860275,-0.9249029613653096,-0.3794226825782601
1763658749.3128498,766894.7037390072,3403986.2678713654,83.66806795820594,0.00611562161546229,-0.023649911517027004,-0.9249513520287174,-0.379299719532906
1763658749.331916,766894.7037390072,3403986.2678713654,83.66806795820594,0.005861313853454975,-0.023592840181426884,-0.9250098702447573,-0.3791645590530081
1763658749.3328881,766894.7037390072,3403986.2678713654,83.66806795820594,0.0058882391320652025,-0.023700572003556117,-0.9250506456295242,-0.37905793033127305
1763658749.3476744,766894.7037390072,3403986.2678713654,83.66806795820594,0.00576960752813294,-0.023679804270422905,-0.9251006266725235,-0.37893905714348064
1763658749.3528812,766894.7037390072,3403986.2678713654,83.66806795820594,0.005718480764287395,-0.023582233627341187,-0.9251432214987941,-0.3788419155132219
1763658749.3626215,766894.7037390072,3403986.2678713654,83.66806795820594,0.005829828764307165,-0.023497809863876937,-0.9251919208110231,-0.3787265183403314
1763658749.3725944,766894.7037390072,3403986.2678713654,83.66806795820594,0.005896735294555313,-0.023435966734542363,-0.9252387001991943,-0.3786150177024002
1763658749.3825834,766894.7037390072,3403986.2678713654,83.66806795820594,0.0060264717086959164,-0.02343828224552994,-0.9252810049284272,-0.3785094324884958
1763658749.3927643,766894.7037390072,3403986.2678713654,83.66806795820594,0.006105579316692153,-0.02341982317537318,-0.925321727939475,-0.37840974298602037
1763658749.403565,766894.7037390072,3403986.2678713654,83.66806795820594,0.006279338473276996,-0.02333409239070555,-0.9253675994174083,-0.3783000079158112
1763658749.4126024,766893.2058191367,3403987.694428839,83.65914140362293,0.0062829534563887054,-0.023244379906812898,-0.9254163391613588,-0.3781862272899443
1763658749.4225225,766893.2058191367,3403987.694428839,83.65914140362293,0.006612637377390528,-0.02321455283784929,-0.9254641518035363,-0.37806541932582916
1763658749.4325984,766893.2058191367,3403987.694428839,83.65914140362293,0.00651641613144876,-0.02306835912613478,-0.9255137579652393,-0.37795458846942165
1763658749.4426384,766893.2058191367,3403987.694428839,83.65914140362293,0.006672696681325387,-0.022976813323347913,-0.9255613676149965,-0.3778408341446971
1763658749.4525802,766893.2058191367,3403987.694428839,83.65914140362293,0.006653325298857201,-0.022899535390060836,-0.9256099293858497,-0.3777268896487371
1763658749.4628046,766893.2058191367,3403987.694428839,83.65914140362293,0.006695857924277385,-0.022865454085811907,-0.925654073214647,-0.3776200117012349
1763658749.4724965,766893.2058191367,3403987.694428839,83.65914140362293,0.006894376516603365,-0.022851553269939828,-0.9257020683107133,-0.37749960902081225
1763658749.4825065,766893.2058191367,3403987.694428839,83.65914140362293,0.007096425937070034,-0.02271584707422531,-0.9257584510962624,-0.37736576587505855
1763658749.4925723,766893.2058191367,3403987.694428839,83.65914140362293,0.007162853006294708,-0.02248411615296147,-0.9258186565575295,-0.3772306631593482
1763658749.503686,766893.2058191367,3403987.694428839,83.65914140362293,0.007048819768072252,-0.022323744841291432,-0.9258730608211134,-0.37710879040653644
1763658749.5129805,766891.7033125185,3403989.1139408187,83.62077385745943,0.0071583406531381625,-0.022305616876892503,-0.9259159086607506,-0.37700258315265117
1763658749.523801,766891.7033125185,3403989.1139408187,83.62077385745943,0.007185594328229894,-0.0221992476769099,-0.9259686821107156,-0.3768787077918754
1763658749.5327663,766891.7033125185,3403989.1139408187,83.62077385745943,0.007269390810722885,-0.022037775737400657,-0.926022451859141,-0.3767544439692437
1763658749.542591,766891.7033125185,3403989.1139408187,83.62077385745943,0.007323112071877041,-0.02192276786112774,-0.9260811136863415,-0.37661589869833567
1763658749.5527658,766891.7033125185,3403989.1139408187,83.62077385745943,0.007107729579481932,-0.021794635388612746,-0.9261263225768627,-0.3765162794339166
1763658749.5625696,766891.7033125185,3403989.1139408187,83.62077385745943,0.007152001011267824,-0.02180681740966444,-0.9261610513059115,-0.37642930098482597
1763658749.5725737,766891.7033125185,3403989.1139408187,83.62077385745943,0.007248751767464462,-0.021744272817243296,-0.9261988193153241,-0.37633813160024426
1763658749.5825655,766891.7033125185,3403989.1139408187,83.62077385745943,0.007181725118788645,-0.021686672241811873,-0.9262331295121613,-0.37625829009538436
1763658749.5925918,766891.7033125185,3403989.1139408187,83.62077385745943,0.007408067872291501,-0.021731612374869008,-0.9262781915162297,-0.3761403587431309
1763658749.603496,766891.7033125185,3403989.1139408187,83.62077385745943,0.007442361952265981,-0.021661227899565063,-0.9263234435043763,-0.37603228647105413
1763658749.612642,766890.1982234031,3403990.5259248745,83.5886828256771,0.007181470892211912,-0.02141104842159133,-0.926376002676297,-0.37592219294263224
1763658749.6227026,766890.1982234031,3403990.5259248745,83.5886828256771,0.007235099723495912,-0.021382227462493946,-0.9264142691427846,-0.3758284922798877
1763658749.635848,766890.1982234031,3403990.5259248745,83.5886828256771,0.007092992799807867,-0.02139698807998216,-0.9264444648368042,-0.3757559206818896
1763658749.6428075,766890.1982234031,3403990.5259248745,83.5886828256771,0.007283449262950909,-0.021509843225469887,-0.9264688325431584,-0.3756857467849518
1763658749.6529415,766890.1982234031,3403990.5259248745,83.5886828256771,0.007443981867466466,-0.021503833617303965,-0.9264979809105582,-0.37561105367437614
1763658749.6629853,766890.1982234031,3403990.5259248745,83.5886828256771,0.007259766694119829,-0.021229692560952192,-0.9265370197502945,-0.37553394916246513
1763658749.6725953,766890.1982234031,3403990.5259248745,83.5886828256771,0.007207714156792235,-0.02109965171922039,-0.9265683340448662,-0.3754650128830688
1763658749.6825705,766890.1982234031,3403990.5259248745,83.5886828256771,0.007357435716898894,-0.021057375241019933,-0.9265902754167156,-0.37541033095908
1763658749.692553,766890.1982234031,3403990.5259248745,83.5886828256771,0.007556252756050662,-0.020986987739324413,-0.9266163784251522,-0.37534588931300555
1763658749.7034636,766890.1982234031,3403990.5259248745,83.5886828256771,0.0076160122684674515,-0.020803713041631935,-0.9266427748953108,-0.3752897142410464
1763658749.7126367,766888.6899332755,3403991.93822465,83.55573657806963,0.008059969957831929,-0.020669840462034357,-0.9266676757576411,-0.3752263494019096
1763658749.7227395,766888.6899332755,3403991.93822465,83.55573657806963,0.007695932480659073,-0.02025104172388286,-0.9266935762418707,-0.37519286198487695
1763658749.732797,766888.6899332755,3403991.93822465,83.55573657806963,0.008016472808520001,-0.02016310201609413,-0.926696063702241,-0.37518474249304257
1763658749.7428412,766888.6899332755,3403991.93822465,83.55573657806963,0.008044487912818862,-0.019917505666093738,-0.92671390471894,-0.3751531926864504
1763658749.7528818,766888.6899332755,3403991.93822465,83.55573657806963,0.008092957731988148,-0.019730616919403372,-0.9267225041978675,-0.3751407829127101
1763658749.7627134,766888.6899332755,3403991.93822465,83.55573657806963,0.008489810007473904,-0.01967637135956707,-0.9267343830911581,-0.37510551413276794
1763658749.7725697,766888.6899332755,3403991.93822465,83.55573657806963,0.008289864337976174,-0.01938153671849208,-0.9267403132093454,-0.3751106850735289
1763658749.7827053,766888.6899332755,3403991.93822465,83.55573657806963,0.008456256274467226,-0.019201885166582045,-0.9267351917640183,-0.3751288627684867
1763658749.792548,766888.6899332755,3403991.93822465,83.55573657806963,0.008543080966732336,-0.019037101096144583,-0.926723217316189,-0.3751648744706552
1763658749.8035793,766888.6899332755,3403991.93822465,83.55573657806963,0.00848056384656937,-0.018899375144782293,-0.9267023699802559,-0.37522474749003165
1763658749.812532,766887.1744373695,3403993.342189409,83.53713022358716,0.008535190502337087,-0.01881433617235076,-0.926683417836375,-0.37527458531664093
1763658749.8226266,766887.1744373695,3403993.342189409,83.53713022358716,0.008643112363577654,-0.018682914538848044,-0.9266650556731288,-0.3753240198912423
1763658749.8326373,766887.1744373695,3403993.342189409,83.53713022358716,0.008501716692486328,-0.01850764242888385,-0.926645181323477,-0.37538499692314026
1763658749.842712,766887.1744373695,3403993.342189409,83.53713022358716,0.008562196050943223,-0.018426042281857284,-0.9266180500920982,-0.37545460312550444
1763658749.8526618,766887.1744373695,3403993.342189409,83.53713022358716,0.008381783092439733,-0.018270953640269635,-0.9265858683201657,-0.37554566512560267
1763658749.8626072,766887.1744373695,3403993.342189409,83.53713022358716,0.008311643085186518,-0.018088662671611938,-0.9265560729743911,-0.3756295522269938
1763658749.8725019,766887.1744373695,3403993.342189409,83.53713022358716,0.008454157608611599,-0.018004440801566067,-0.9265255546584296,-0.37570568786676756
1763658749.8825161,766887.1744373695,3403993.342189409,83.53713022358716,0.008402892006362364,-0.017854059039158127,-0.9264970308402511,-0.3757843474999385
1763658749.8925345,766887.1744373695,3403993.342189409,83.53713022358716,0.008448898859808457,-0.017702598970035406,-0.9264677027989497,-0.37586278050400207
1763658749.903454,766887.1744373695,3403993.342189409,83.53713022358716,0.008468556914891538,-0.017541591171728294,-0.9264303470119122,-0.3759619505459709
1763658749.9125628,766885.661410989,3403994.747187179,83.5039194393903,0.008558573702765786,-0.017330133549826637,-0.9263967844526404,-0.3760524099685144
1763658749.9225175,766885.661410989,3403994.747187179,83.5039194393903,0.008717664752627897,-0.017224463165544938,-0.9263600947146131,-0.3761439818875917
1763658749.9325893,766885.661410989,3403994.747187179,83.5039194393903,0.008935407727805813,-0.017064776366990192,-0.9263327934867688,-0.37621338042031666
1763658749.9426792,766885.661410989,3403994.747187179,83.5039194393903,0.008925250451959792,-0.01684545144077028,-0.9263033872475903,-0.3762959014442855
1763658749.9526832,766885.661410989,3403994.747187179,83.5039194393903,0.009068864734689762,-0.01660181476236307,-0.9262788212818018,-0.37636376111923403
1763658749.9626396,766885.661410989,3403994.747187179,83.5039194393903,0.00932205189846331,-0.016452750201748727,-0.926251709645967,-0.37643083924822696
1763658749.9727008,766885.661410989,3403994.747187179,83.5039194393903,0.009326739885091277,-0.0162580115515495,-0.9262339401746411,-0.37648290406347157
1763658749.9826365,766885.661410989,3403994.747187179,83.5039194393903,0.009651226251445646,-0.016242817160963617,-0.9262025892878267,-0.3765525040668886
1763658749.9927483,766885.661410989,3403994.747187179,83.5039194393903,0.009725073749580256,-0.016091032118945612,-0.9261838749143503,-0.3766031485191691
1763658750.004747,766885.661410989,3403994.747187179,83.5039194393903,0.00966001842830981,-0.015949266578043273,-0.9261556073639112,-0.37668036302410557
1763658750.0131962,766885.661410989,3403994.747187179,83.5039194393903,0.01003357603673163,-0.015976725415085245,-0.9261317712693504,-0.3767280369741833
1763658750.0267487,766884.1472887099,3403996.1541472357,83.4768050685525,0.009991691050153328,-0.015787612351111324,-0.9261072175116416,-0.37679747753807236
1763658750.0335047,766884.1472887099,3403996.1541472357,83.4768050685525,0.010394887620630743,-0.015785125298208285,-0.9260812805410998,-0.3768504185509559
1763658750.0479925,766884.1472887099,3403996.1541472357,83.4768050685525,0.010356593351113056,-0.015580040937172817,-0.9260668098210627,-0.37689556517209793
1763658750.0532377,766884.1472887099,3403996.1541472357,83.4768050685525,0.01047867173745198,-0.01552453191440151,-0.9260432025606448,-0.376952481539361
1763658750.0628426,766884.1472887099,3403996.1541472357,83.4768050685525,0.010412935494347067,-0.015375466796297713,-0.9260259585432633,-0.37700277173943525
1763658750.0757616,766884.1472887099,3403996.1541472357,83.4768050685525,0.010562258729903625,-0.01533985620109898,-0.9259975148956144,-0.3770699270816998
1763658750.0828416,766884.1472887099,3403996.1541472357,83.4768050685525,0.010494134648576674,-0.015168959195197118,-0.9259815581887572,-0.3771179254679272
1763658750.0927937,766884.1472887099,3403996.1541472357,83.4768050685525,0.010640379675055708,-0.01511715073297268,-0.9259576771500665,-0.37717454076453844
1763658750.1036093,766884.1472887099,3403996.1541472357,83.4768050685525,0.010631429507995806,-0.015030424596680456,-0.9259395196821808,-0.37722283193596895
1763658750.1157386,766882.6349144694,3403997.565726669,83.45019153039902,0.010752633763650807,-0.015001746614413041,-0.9259215644903187,-0.3772646085673319
1763658750.1243994,766882.6349144694,3403997.565726669,83.45019153039902,0.010811091055329607,-0.014967586738969361,-0.9259067884073026,-0.37730055769728127
1763658750.1356924,766882.6349144694,3403997.565726669,83.45019153039902,0.010942688275477327,-0.014954288980211148,-0.925895344884561,-0.377325373034337
1763658750.1437712,766882.6349144694,3403997.565726669,83.45019153039902,0.010880627933774879,-0.014957675350610454,-0.9258736235098611,-0.37738032960475376
1763658750.1528597,766882.6349144694,3403997.565726669,83.45019153039902,0.010899034667754803,-0.014966279728148062,-0.9258430486143813,-0.37745446195115845
1763658750.162751,766882.6349144694,3403997.565726669,83.45019153039902,0.010785012974324937,-0.014908483849419788,-0.9258185284813444,-0.37752016227625945
1763658750.1728075,766882.6349144694,3403997.565726669,83.45019153039902,0.010704665187527853,-0.014919011376020459,-0.9257908978957219,-0.37758978616511596
1763658750.1827722,766882.6349144694,3403997.565726669,83.45019153039902,0.010935183217621155,-0.015032500412325327,-0.9257746821578323,-0.3776184364870378
1763658750.19314,766882.6349144694,3403997.565726669,83.45019153039902,0.01083747098342537,-0.014992167037417072,-0.925756297127674,-0.37766792619795364
1763658750.2035754,766882.6349144694,3403997.565726669,83.45019153039902,0.01090847629870231,-0.014888165139290628,-0.9257421006828849,-0.37770479306842947
1763658750.2130356,766881.1289657806,3403998.976877217,83.41173628438264,0.010940352768638997,-0.014769794285451873,-0.925727432196926,-0.37774446804175543
1763658750.2227242,766881.1289657806,3403998.976877217,83.41173628438264,0.01093618664766935,-0.014708469713650477,-0.9257082760366802,-0.37779392321408184
1763658750.2329545,766881.1289657806,3403998.976877217,83.41173628438264,0.011226378237489981,-0.014751614756598296,-0.9256853308296479,-0.37783994836510737
1763658750.2426803,766881.1289657806,3403998.976877217,83.41173628438264,0.011014466358964121,-0.014601026029673496,-0.925667983243428,-0.3778945307460175
1763658750.252818,766881.1289657806,3403998.976877217,83.41173628438264,0.010818259882812403,-0.01450044579764237,-0.925644162167268,-0.3779624152881266
1763658750.262806,766881.1289657806,3403998.976877217,83.41173628438264,0.010929293997266777,-0.014542386010124076,-0.9256196494834317,-0.3780176371970265
1763658750.272816,766881.1289657806,3403998.976877217,83.41173628438264,0.010879794076190425,-0.014560337712433515,-0.9255835784325182,-0.3781066859797828
1763658750.2829423,766881.1289657806,3403998.976877217,83.41173628438264,0.011101466816568449,-0.014578953051745558,-0.9255584915230733,-0.3781609317895865
1763658750.295444,766881.1289657806,3403998.976877217,83.41173628438264,0.010943494707528728,-0.0143773484711912,-0.9255346951533217,-0.37823148975458387
1763658750.303392,766881.1289657806,3403998.976877217,83.41173628438264,0.011049376269965713,-0.014284045744363674,-0.9255157537832852,-0.3782782928217993
1763658750.3127062,766879.6223994666,3404000.394886139,83.37271938938648,0.01091048419179507,-0.014219872855339427,-0.9254916621257055,-0.3783436795910267
1763658750.322567,766879.6223994666,3404000.394886139,83.37271938938648,0.011094575238273919,-0.014332602575963697,-0.9254570097116539,-0.37841882891743855
1763658750.332579,766879.6223994666,3404000.394886139,83.37271938938648,0.010984297988995235,-0.014251382378902078,-0.9254295867208627,-0.3784921707507734
1763658750.3426206,766879.6223994666,3404000.394886139,83.37271938938648,0.010946070687044491,-0.014226652912373707,-0.9253915324892852,-0.3785872389298893
1763658750.352661,766879.6223994666,3404000.394886139,83.37271938938648,0.010875967867371336,-0.014216542507190556,-0.9253526665197349,-0.37868462578629386
1763658750.36264,766879.6223994666,3404000.394886139,83.37271938938648,0.010702658212108095,-0.014190418449326156,-0.9253138502290388,-0.3787853794772698
1763658750.372575,766879.6223994666,3404000.394886139,83.37271938938648,0.01072495896157223,-0.014224000958396182,-0.9252792293907108,-0.37886805184673544
1763658750.382517,766879.6223994666,3404000.394886139,83.37271938938648,0.010715938018358432,-0.014235464114571675,-0.9252460859166179,-0.3789488101707246
1763658750.392609,766879.6223994666,3404000.394886139,83.37271938938648,0.010575842539371941,-0.014225337885591811,-0.9252155205226458,-0.3790277455551673
1763658750.4106605,766879.6223994666,3404000.394886139,83.37271938938648,0.01060987549630103,-0.014269098146847998,-0.9251836574042933,-0.37910291933991236
1763658750.4125397,766878.1204151483,3404001.806932824,83.34677705261856,0.010579337420829128,-0.01426808402621059,-0.9251548333089048,-0.3791741470658699
1763658750.422556,766878.1204151483,3404001.806932824,83.34677705261856,0.010500619361358737,-0.014288161821311927,-0.9251224467420114,-0.37925458989822386
1763658750.4328198,766878.1204151483,3404001.806932824,83.34677705261856,0.010485106284492809,-0.014395874996823405,-0.9250886074090284,-0.37933348095218733
1763658750.4426653,766878.1204151483,3404001.806932824,83.34677705261856,0.010198210619280251,-0.014363835093262438,-0.9250623596014428,-0.37940652022624716
1763658750.452718,766878.1204151483,3404001.806932824,83.34677705261856,0.010153778629482399,-0.014388765779394658,-0.9250436816253713,-0.3794523043596758
1763658750.4626994,766878.1204151483,3404001.806932824,83.34677705261856,0.010169239178888564,-0.01444242071680615,-0.9250221225995241,-0.37950240547305103
1763658750.4727626,766878.1204151483,3404001.806932824,83.34677705261856,0.010116185100269667,-0.014529546574992195,-0.9250074092833624,-0.37953635905697397
1763658750.482661,766878.1204151483,3404001.806932824,83.34677705261856,0.010085786364183712,-0.014687128470471707,-0.9249878091257587,-0.37957886945855784
1763658750.4926143,766878.1204151483,3404001.806932824,83.34677705261856,0.010037380440832334,-0.014807582733020594,-0.9249711545247289,-0.37961605575196744
1763658750.5035844,766878.1204151483,3404001.806932824,83.34677705261856,0.009797913908391711,-0.014881047342387268,-0.9249519627368156,-0.3796661980508007
1763658750.5127137,766876.6215230073,3404003.229844182,83.31735836341977,0.009868336039986159,-0.015037469437236953,-0.9249351010687265,-0.3796992879473318
1763658750.5226314,766876.6215230073,3404003.229844182,83.31735836341977,0.009786673292214233,-0.015071943988640858,-0.9249266335513859,-0.3797206605882469
1763658750.5327578,766876.6215230073,3404003.229844182,83.31735836341977,0.009665829647137835,-0.015065033713518326,-0.9249273702070636,-0.3797222357701591
1763658750.5427098,766876.6215230073,3404003.229844182,83.31735836341977,0.009729279644038193,-0.015124206599727418,-0.9249204213871965,-0.3797351887740556
1763658750.5529954,766876.6215230073,3404003.229844182,83.31735836341977,0.009877654346949493,-0.015190870419423824,-0.9249237354967426,-0.37972062482205854
1763658750.5638645,766876.6215230073,3404003.229844182,83.31735836341977,0.009852605301745572,-0.01523721468724527,-0.9249217293799781,-0.379724305224321
1763658750.5726628,766876.6215230073,3404003.229844182,83.31735836341977,0.010290004265066065,-0.015418470977089243,-0.9249171402185979,-0.379716565736608
1763658750.582837,766876.6215230073,3404003.229844182,83.31735836341977,0.010116660833331691,-0.015322464719589807,-0.924918712632866,-0.3797212797171925
1763658750.5929186,766876.6215230073,3404003.229844182,83.31735836341977,0.01035166069850487,-0.015431461810016688,-0.9249068342189204,-0.37973946479438175
1763658750.6038756,766876.6215230073,3404003.229844182,83.31735836341977,0.010123627213111303,-0.015442114428346282,-0.9249065530766142,-0.37974586416440154
1763658750.6127846,766875.1229774008,3404004.6510313116,83.28670402895659,0.010247106184138108,-0.01568946059596195,-0.924886818067309,-0.37978047791637076
1763658750.6225698,766875.1229774008,3404004.6510313116,83.28670402895659,0.01030377456251659,-0.015797055770881988,-0.9248842941500364,-0.3797806310139122
1763658750.6325414,766875.1229774008,3404004.6510313116,83.28670402895659,0.010320291156314497,-0.015819780240788835,-0.9248771416716883,-0.37979665474670743
1763658750.6437893,766875.1229774008,3404004.6510313116,83.28670402895659,0.01050474173129066,-0.015850194198763278,-0.924878772411218,-0.3797863584808423
1763658750.6600523,766875.1229774008,3404004.6510313116,83.28670402895659,0.01042342402773772,-0.015826304317745746,-0.9248763946079223,-0.37979538572793525
1763658750.667817,766875.1229774008,3404004.6510313116,83.28670402895659,0.010514344098851932,-0.01592361586619073,-0.9248668386773353,-0.379812082141825
1763658750.6725535,766875.1229774008,3404004.6510313116,83.28670402895659,0.010515649171036987,-0.016019663727482657,-0.9248553150940475,-0.37983606679574317
1763658750.682944,766875.1229774008,3404004.6510313116,83.28670402895659,0.010512018209677697,-0.016138129917817153,-0.9248349559695779,-0.37988072134903644
1763658750.6925342,766875.1229774008,3404004.6510313116,83.28670402895659,0.010542441318536171,-0.016222624663314977,-0.9248119263784155,-0.37993234161929773
1763658750.7035453,766875.1229774008,3404004.6510313116,83.28670402895659,0.010465378664934688,-0.016197412656933644,-0.924789424644634,-0.3799903153214133
1763658750.7125838,766873.6270081623,3404006.0769933634,83.26136534940451,0.010314297274172116,-0.01611588575566604,-0.9247744475312987,-0.38003435988240797
1763658750.722617,766873.6270081623,3404006.0769933634,83.26136534940451,0.010414333406105725,-0.016157811069614687,-0.9247536575918932,-0.3800804382911079
1763658750.732596,766873.6270081623,3404006.0769933634,83.26136534940451,0.0102523411201963,-0.01612391282945219,-0.9247354187782237,-0.3801306541094606
1763658750.7426434,766873.6270081623,3404006.0769933634,83.26136534940451,0.010321837971858053,-0.016232038297642925,-0.9247197683921895,-0.3801622423890646
1763658750.752715,766873.6270081623,3404006.0769933634,83.26136534940451,0.010241998592172898,-0.01629078773720674,-0.9247097524010626,-0.38018625108505044
1763658750.7627318,766873.6270081623,3404006.0769933634,83.26136534940451,0.010116237107341108,-0.01627915937268715,-0.924706977990428,-0.3801968642331454
1763658750.772562,766873.6270081623,3404006.0769933634,83.26136534940451,0.009946105343413142,-0.016258203353507077,-0.9246984846276811,-0.3802229061215065
1763658750.7825835,766873.6270081623,3404006.0769933634,83.26136534940451,0.009852896591918679,-0.016259461431108548,-0.9246909340731144,-0.38024364134816263
1763658750.7926173,766873.6270081623,3404006.0769933634,83.26136534940451,0.009758180594543206,-0.016261564950101587,-0.9246911183579399,-0.3802455457290722
1763658750.8035955,766873.6270081623,3404006.0769933634,83.26136534940451,0.009697311550568077,-0.016335915440073675,-0.9246858798015465,-0.38025665505164546
1763658750.812639,766872.1284365566,3404007.50149764,83.23056604620069,0.009733796418979767,-0.01638621064524319,-0.924685405190528,-0.3802547129695998
1763658750.822567,766872.1284365566,3404007.50149764,83.23056604620069,0.009553371569237116,-0.01631023650331348,-0.9246842301581473,-0.38026541227634747
1763658750.8326223,766872.1284365566,3404007.50149764,83.23056604620069,0.009451728298076162,-0.016245582681620078,-0.9246849690539644,-0.38026892310729693
1763658750.8425598,766872.1284365566,3404007.50149764,83.23056604620069,0.009295989388078135,-0.016226781918104102,-0.9246822218630288,-0.3802802449514453
1763658750.85271,766872.1284365566,3404007.50149764,83.23056604620069,0.009147136909119637,-0.01628686554331764,-0.9246733781971457,-0.3803027893016537
1763658750.8625274,766872.1284365566,3404007.50149764,83.23056604620069,0.009174081290429455,-0.016357967732465596,-0.9246781529754282,-0.3802874788026698
1763658750.8725257,766872.1284365566,3404007.50149764,83.23056604620069,0.008906906099173235,-0.016295711978097423,-0.9246943617858977,-0.38025708944901854
1763658750.8825295,766872.1284365566,3404007.50149764,83.23056604620069,0.008968107291895306,-0.016386874881733224,-0.9247058824500631,-0.3802237161796482
1763658750.8927207,766872.1284365566,3404007.50149764,83.23056604620069,0.00906065753654115,-0.01647532767347123,-0.9247160056377179,-0.38019307855414886
1763658750.9034243,766872.1284365566,3404007.50149764,83.23056604620069,0.008928523564577765,-0.016442665163851164,-0.9247232082813275,-0.3801800998147516
1763658750.9126515,766870.6326971299,3404008.9272883367,83.20990762673318,0.008940000765660545,-0.01649290937709877,-0.924734475397071,-0.38015024705857114
1763658750.9226224,766870.6326971299,3404008.9272883367,83.20990762673318,0.008654945471526704,-0.01653567077334082,-0.9247349776108109,-0.3801537645402102
1763658750.9326413,766870.6326971299,3404008.9272883367,83.20990762673318,0.008663509242646868,-0.01668724778880981,-0.9247342600162796,-0.38014869159446163
1763658750.9426434,766870.6326971299,3404008.9272883367,83.20990762673318,0.008520212659325748,-0.016796599040479962,-0.9247351868332583,-0.3801448598486788
1763658750.95276,766870.6326971299,3404008.9272883367,83.20990762673318,0.008427407780603914,-0.016838021207661886,-0.9247417000327058,-0.38012925178224666
1763658750.9628112,766870.6326971299,3404008.9272883367,83.20990762673318,0.008418556429857942,-0.016933458247260898,-0.9247516582513022,-0.3801009819257144
1763658750.9726622,766870.6326971299,3404008.9272883367,83.20990762673318,0.008326567226872805,-0.0170109058726032,-0.9247633638356241,-0.3800710700211614
1763658750.9853148,766870.6326971299,3404008.9272883367,83.20990762673318,0.008660505415098085,-0.017229982902949154,-0.9247848331529731,-0.38000149434620245
1763658750.9926383,766870.6326971299,3404008.9272883367,83.20990762673318,0.008559776613368736,-0.0172376909928158,-0.924808640363596,-0.3799454841716142
1763658751.0053535,766870.6326971299,3404008.9272883367,83.20990762673318,0.008612110046194891,-0.01728583902815736,-0.9248276368303732,-0.3798958718970136
1763658751.0125895,766870.6326971299,3404008.9272883367,83.20990762673318,0.00860323003948037,-0.017298908826777478,-0.9248470908997677,-0.379848115225714
1763658751.0263793,766869.1438222289,3404010.352376215,83.16988516692072,0.008595545092484917,-0.01734814072668762,-0.9248644122722982,-0.37980386718687653
1763658751.0330405,766869.1438222289,3404010.352376215,83.16988516692072,0.008770453771519087,-0.017478336644178537,-0.924882674463122,-0.3797494244455639
1763658751.0431638,766869.1438222289,3404010.352376215,83.16988516692072,0.008807380716650255,-0.01757543703507612,-0.924897389536845,-0.3797082470606448
1763658751.0529194,766869.1438222289,3404010.352376215,83.16988516692072,0.008599093987401704,-0.01758884443969754,-0.9249154462623712,-0.3796684150665558
1763658751.062859,766869.1438222289,3404010.352376215,83.16988516692072,0.008700280325180509,-0.017729645472689192,-0.9249304114860356,-0.37962310085392453
1763658751.072784,766869.1438222289,3404010.352376215,83.16988516692072,0.008869247807185635,-0.017865486793844882,-0.9249468970576677,-0.3795726523978588
1763658751.0829172,766869.1438222289,3404010.352376215,83.16988516692072,0.009015961167186264,-0.01799224734977198,-0.9249647241262333,-0.37951976312389546
1763658751.0929396,766869.1438222289,3404010.352376215,83.16988516692072,0.0091236535993871,-0.018096283149202266,-0.9249848348639287,-0.37946322450658254
1763658751.1036117,766869.1438222289,3404010.352376215,83.16988516692072,0.009090520383057707,-0.018114687488854368,-0.9250078975832925,-0.37940691868346715
1763658751.1128302,766867.6475052331,3404011.779860391,83.14656920172274,0.00895710202029416,-0.018095631128619092,-0.9250259965160699,-0.37936687286439086
1763658751.1227982,766867.6475052331,3404011.779860391,83.14656920172274,0.0089947210547432,-0.0181752485693863,-0.9250380145030492,-0.379332871047112
1763658751.1327727,766867.6475052331,3404011.779860391,83.14656920172274,0.008929432319882583,-0.01820250948902176,-0.9250509157163634,-0.3793016441027695
1763658751.1427763,766867.6475052331,3404011.779860391,83.14656920172274,0.008888853905777601,-0.01821361678503551,-0.925066360395291,-0.3792643949870052
1763658751.1526477,766867.6475052331,3404011.779860391,83.14656920172274,0.009026137856279568,-0.018270460650920084,-0.925080022284525,-0.37922509341163785
1763658751.162595,766867.6475052331,3404011.779860391,83.14656920172274,0.008832219204312302,-0.018179516052128163,-0.925094305199601,-0.37919918721867635
1763658751.1725094,766867.6475052331,3404011.779860391,83.14656920172274,0.008972486067855145,-0.01824648056769333,-0.9251045436070696,-0.3791676988328652
1763658751.1828523,766867.6475052331,3404011.779860391,83.14656920172274,0.008846391759634833,-0.018256759628830378,-0.9251155072551466,-0.3791434165546637
1763658751.1926029,766867.6475052331,3404011.779860391,83.14656920172274,0.009032297488564277,-0.01833542286067321,-0.9251249410370697,-0.3791122173469969
1763658751.2035675,766867.6475052331,3404011.779860391,83.14656920172274,0.009025329501015259,-0.01831601164488817,-0.9251406427047344,-0.37907500360838015
1763658751.2127867,766866.1508532637,3404013.2001970834,83.11983532272279,0.009064620383173218,-0.018314509614170697,-0.9251553160151471,-0.3790383260882923
1763658751.222721,766866.1508532637,3404013.2001970834,83.11983532272279,0.009048439542405109,-0.018336829539756502,-0.925169989188908,-0.3790018173155286
1763658751.232936,766866.1508532637,3404013.2001970834,83.11983532272279,0.009044406552908633,-0.018343300291882806,-0.9251840465587933,-0.37896728359794324
1763658751.242831,766866.1508532637,3404013.2001970834,83.11983532272279,0.00899137878205956,-0.018351078229618345,-0.9252000489704246,-0.37892909946391273
1763658751.2527103,766866.1508532637,3404013.2001970834,83.11983532272279,0.009124427883746011,-0.01840356920256149,-0.9252164171541577,-0.3788834053964677
1763658751.2627091,766866.1508532637,3404013.2001970834,83.11983532272279,0.009213634548370587,-0.018446684795585092,-0.9252318535061288,-0.37884145234659167
1763658751.2727108,766866.1508532637,3404013.2001970834,83.11983532272279,0.009231826314717778,-0.018422692760243733,-0.9252492194855321,-0.3787997619003614
1763658751.2828312,766866.1508532637,3404013.2001970834,83.11983532272279,0.009178511822082906,-0.018361387014704043,-0.9252678478221721,-0.37875853016685185
1763658751.2957957,766866.1508532637,3404013.2001970834,83.11983532272279,0.009165549726457063,-0.018289496826341223,-0.9252899213628909,-0.37870839497997155
1763658751.3077812,766866.1508532637,3404013.2001970834,83.11983532272279,0.0091782534348547,-0.018265057121026572,-0.9253117192135243,-0.3786560043606374
1763658751.3125494,766864.6495679226,3404014.6191915004,83.08726931735873,0.009362005109054737,-0.01831528700967884,-0.9253333501210914,-0.3785962153479202
1763658751.3225343,766864.6495679226,3404014.6191915004,83.08726931735873,0.00927518846519319,-0.018262284462450793,-0.9253595773898886,-0.37853680452230004
1763658751.3326344,766864.6495679226,3404014.6191915004,83.08726931735873,0.0092274946122219,-0.018251346714282635,-0.9253794048777989,-0.3784900245902226
1763658751.342519,766864.6495679226,3404014.6191915004,83.08726931735873,0.009186394402235454,-0.018275343568648485,-0.9254007430048288,-0.37843769212572576
1763658751.3526254,766864.6495679226,3404014.6191915004,83.08726931735873,0.0091010643449819,-0.018286816636702927,-0.9254206856079177,-0.37839043013011786
1763658751.3628654,766864.6495679226,3404014.6191915004,83.08726931735873,0.009156376143320159,-0.01829083057040278,-0.9254496955018988,-0.37831794484059245
1763658751.3728607,766864.6495679226,3404014.6191915004,83.08726931735873,0.009138692921461737,-0.018255649995950037,-0.9254843125650849,-0.37823538006226376
1763658751.3840308,766864.6495679226,3404014.6191915004,83.08726931735873,0.009147805327364218,-0.018283689209827647,-0.92551625397681,-0.3781556399041321
1763658751.392696,766864.6495679226,3404014.6191915004,83.08726931735873,0.009140416134831342,-0.018285280465499744,-0.9255469629534727,-0.3780805743208488
1763658751.4036856,766864.6495679226,3404014.6191915004,83.08726931735873,0.009018363066014785,-0.018294839001838335,-0.9255718871278311,-0.37802202284011455
1763658751.4128945,766863.1529080574,3404016.0405441197,83.0642813174054,0.008927656885619849,-0.018307096681543213,-0.9255947925409915,-0.3779674948651327
1763658751.4228501,766863.1529080574,3404016.0405441197,83.0642813174054,0.008891295521388336,-0.018372806657130723,-0.9256119232996203,-0.3779232095083193
1763658751.4327056,766863.1529080574,3404016.0405441197,83.0642813174054,0.008773729547648369,-0.01831761150246277,-0.9256360348490236,-0.3778695777217935
1763658751.4426882,766863.1529080574,3404016.0405441197,83.0642813174054,0.008647073175299856,-0.01825446169908741,-0.9256667383628481,-0.3778003338302711
1763658751.4526951,766863.1529080574,3404016.0405441197,83.0642813174054,0.008618983801249022,-0.018278570417295824,-0.9257008476987967,-0.37771622622209833
1763658751.4625285,766863.1529080574,3404016.0405441197,83.0642813174054,0.008568355806928852,-0.01839043493447623,-0.9257292109191033,-0.37764242774452844
1763658751.4725406,766863.1529080574,3404016.0405441197,83.0642813174054,0.00858392045330649,-0.01854511882873392,-0.9257582712548498,-0.3775632636797591
1763658751.4852207,766863.1529080574,3404016.0405441197,83.0642813174054,0.00851771160529545,-0.018650811917460132,-0.925784713157501,-0.3774947161056855
1763658751.4958916,766863.1529080574,3404016.0405441197,83.0642813174054,0.008383968101158063,-0.018687720308060728,-0.9258127132741836,-0.3774272090462758
1763658751.503714,766863.1529080574,3404016.0405441197,83.0642813174054,0.008231878528346972,-0.018748444770434112,-0.9258368727493436,-0.37736827775039644
1763658751.5128896,766861.6598062562,3404017.4566798094,83.02401610091329,0.008132418289570495,-0.018832748787964197,-0.9258614198094834,-0.37730600665006697
1763658751.523284,766861.6598062562,3404017.4566798094,83.02401610091329,0.008045677402940061,-0.018914953228194524,-0.9258936370875781,-0.3772246869178093
1763658751.5327535,766861.6598062562,3404017.4566798094,83.02401610091329,0.00804352456257905,-0.01906293785868126,-0.925919802304876,-0.3771530535638105
1763658751.542679,766861.6598062562,3404017.4566798094,83.02401610091329,0.0081404813305487,-0.019196691439940232,-0.9259464265119093,-0.37707881779714464
1763658751.5526628,766861.6598062562,3404017.4566798094,83.02401610091329,0.00805739199632087,-0.019269047586979473,-0.9259733542028089,-0.37701078173668673
1763658751.5625844,766861.6598062562,3404017.4566798094,83.02401610091329,0.007960578730383153,-0.01932460591453331,-0.9259996282061217,-0.37694545673697905
1763658751.5725732,766861.6598062562,3404017.4566798094,83.02401610091329,0.007924516753885549,-0.01940436712511279,-0.9260272855552559,-0.3768741686264206
1763658751.5825777,766861.6598062562,3404017.4566798094,83.02401610091329,0.007781329598658471,-0.019519598547500752,-0.9260524343666392,-0.3768094014032066
1763658751.5928068,766861.6598062562,3404017.4566798094,83.02401610091329,0.007848467262798815,-0.019699239360718726,-0.926079808780694,-0.3767313755170219
1763658751.6034036,766861.6598062562,3404017.4566798094,83.02401610091329,0.007776054906549357,-0.01980391144230875,-0.9261125460431061,-0.37664690377491683
1763658751.612585,766860.1600498622,3404018.8718929,82.99956851173192,0.007753686856729029,-0.0198741476691359,-0.9261448425331125,-0.3765642431828458
1763658751.6226604,766860.1600498622,3404018.8718929,82.99956851173192,0.007828179407261666,-0.019943396975039815,-0.9261749347383781,-0.37648502066699063
1763658751.6327288,766860.1600498622,3404018.8718929,82.99956851173192,0.007823071249888493,-0.02001562759994669,-0.9262050212309216,-0.37640726992796963
1763658751.643847,766860.1600498622,3404018.8718929,82.99956851173192,0.007827323980342929,-0.020113450278126107,-0.9262314018873855,-0.3763370461101917
1763658751.6557996,766860.1600498622,3404018.8718929,82.99956851173192,0.007891594687540325,-0.02021567680811678,-0.926258880030498,-0.37626258956894015
1763658751.6638935,766860.1600498622,3404018.8718929,82.99956851173192,0.007673694197117756,-0.020198427031904956,-0.9262874077731806,-0.3761977886214208
1763658751.6726117,766860.1600498622,3404018.8718929,82.99956851173192,0.0076549740130617975,-0.0202381257136236,-0.9263147142486006,-0.3761287941742729
1763658751.6827083,766860.1600498622,3404018.8718929,82.99956851173192,0.0076001303229286344,-0.020304718830101348,-0.9263447862494292,-0.37605224823261474
1763658751.6927612,766860.1600498622,3404018.8718929,82.99956851173192,0.007645307496030529,-0.020399642194057873,-0.926369681666593,-0.3759848624088219
1763658751.7033298,766860.1600498622,3404018.8718929,82.99956851173192,0.007747178242711282,-0.020499765431231026,-0.9263926227667143,-0.37592080193831834
1763658751.7126124,766858.6583542943,3404020.2862246973,82.96168049518019,0.007703367467316661,-0.020477266195811302,-0.926412665858283,-0.3758735322367865
1763658751.722648,766858.6583542943,3404020.2862246973,82.96168049518019,0.007795505137638281,-0.02047542178233012,-0.9264349769102624,-0.3758167382644983
1763658751.7325287,766858.6583542943,3404020.2862246973,82.96168049518019,0.0076951077517782695,-0.02042023862546599,-0.9264609026577405,-0.3757578941523015
1763658751.7437959,766858.6583542943,3404020.2862246973,82.96168049518019,0.007720958463322253,-0.020487799941259207,-0.9264780397806613,-0.3757114300339528
1763658751.7538521,766858.6583542943,3404020.2862246973,82.96168049518019,0.007739852808238975,-0.020519011074604007,-0.926492102843781,-0.37567465742466044
1763658751.762634,766858.6583542943,3404020.2862246973,82.96168049518019,0.007692159208569759,-0.020564050257046156,-0.9265008549476579,-0.3756515889823903
1763658751.772697,766858.6583542943,3404020.2862246973,82.96168049518019,0.007815594056686569,-0.02064628887588551,-0.9265102491376795,-0.3756213592010309
1763658751.7827811,766858.6583542943,3404020.2862246973,82.96168049518019,0.007738364466377324,-0.020628270831574303,-0.9265234755785416,-0.37559132226363273
1763658751.7928286,766858.6583542943,3404020.2862246973,82.96168049518019,0.007745116063087274,-0.020647117396160763,-0.9265378104623437,-0.37555478362556444
1763658751.8036761,766858.6583542943,3404020.2862246973,82.96168049518019,0.007733744817970623,-0.02067156905432954,-0.9265527313294151,-0.37551685912875243
1763658751.8129053,766857.1548386072,3404021.6940266974,82.93080595508218,0.0076982122851808514,-0.020753735683248425,-0.9265651265935544,-0.3754824711800446
1763658751.8228962,766857.1548386072,3404021.6940266974,82.93080595508218,0.007763818396952211,-0.02084199645510466,-0.9265750222811487,-0.37545181101221675
1763658751.8328562,766857.1548386072,3404021.6940266974,82.93080595508218,0.007692464220540339,-0.020801984535680586,-0.9265888041375215,-0.3754214851078588
1763658751.8429496,766857.1548386072,3404021.6940266974,82.93080595508218,0.0076792414229176036,-0.020766895550764244,-0.9266019098238809,-0.3753913504745265
1763658751.8527603,766857.1548386072,3404021.6940266974,82.93080595508218,0.007730945802707806,-0.020763512982234465,-0.9266165739316417,-0.37535427787733905
1763658751.862815,766857.1548386072,3404021.6940266974,82.93080595508218,0.007676529352818841,-0.020780131070437743,-0.9266296451389786,-0.3753222053108518
1763658751.8726459,766857.1548386072,3404021.6940266974,82.93080595508218,0.00763320661207569,-0.020819434908214085,-0.9266426368704592,-0.37528883386091094
1763658751.8824806,766857.1548386072,3404021.6940266974,82.93080595508218,0.0075892746710308455,-0.020775855110356636,-0.9266571163593087,-0.3752563862948261
1763658751.8926017,766857.1548386072,3404021.6940266974,82.93080595508218,0.007555050494879135,-0.02069081914223863,-0.9266740456789699,-0.37521996785913897
1763658751.9036326,766857.1548386072,3404021.6940266974,82.93080595508218,0.007565036735308332,-0.020648851812913635,-0.9266896858224938,-0.37518345023229577
1763658751.912653,766855.6501850216,3404023.099878501,82.90008178167045,0.00755445475721931,-0.020650490551179786,-0.9267062114254545,-0.3751427530404894
1763658751.922515,766855.6501850216,3404023.099878501,82.90008178167045,0.0075781893841325235,-0.020728388305538394,-0.9267207823981876,-0.37510198138000317
1763658751.932726,766855.6501850216,3404023.099878501,82.90008178167045,0.007567862810619622,-0.020775859850040903,-0.9267336794379761,-0.37506769854963773
1763658751.9426425,766855.6501850216,3404023.099878501,82.90008178167045,0.007496475095060234,-0.02077539990684038,-0.9267510737378035,-0.37502617634731583
1763658751.9525878,766855.6501850216,3404023.099878501,82.90008178167045,0.007454210701912073,-0.020776757744069355,-0.9267631696665181,-0.37499705122857185
1763658751.9625487,766855.6501850216,3404023.099878501,82.90008178167045,0.007584752873788905,-0.020785412174473907,-0.9267806613233902,-0.3749507220443244
1763658751.9725187,766855.6501850216,3404023.099878501,82.90008178167045,0.007536548801301329,-0.020742171268695136,-0.9267943157950793,-0.3749203368359157
1763658751.9827178,766855.6501850216,3404023.099878501,82.90008178167045,0.007507782653944608,-0.02071815872194208,-0.9268081254477234,-0.3748881029092156
1763658751.9927557,766855.6501850216,3404023.099878501,82.90008178167045,0.007418029321753749,-0.02070037236344134,-0.9268186985989275,-0.3748647320732998
1763658752.0054333,766855.6501850216,3404023.099878501,82.90008178167045,0.007454937818345261,-0.020731035125702065,-0.9268268220531346,-0.3748422201508638
1763658752.0127268,766855.6501850216,3404023.099878501,82.90008178167045,0.007633064152134463,-0.020791273993146106,-0.9268375437128776,-0.3748087870123525
1763658752.026189,766854.1451611989,3404024.505571408,82.87103232648224,0.007668679850536155,-0.020783795712759658,-0.9268456372292063,-0.3747884602469858
1763658752.0331476,766854.1451611989,3404024.505571408,82.87103232648224,0.00759583374564412,-0.020722188212863753,-0.9268570502727411,-0.37476512989483507
1763658752.0429084,766854.1451611989,3404024.505571408,82.87103232648224,0.007472732513876469,-0.020658374614871022,-0.9268642853296188,-0.37475323401868393
1763658752.054495,766854.1451611989,3404024.505571408,82.87103232648224,0.007530409776511344,-0.02068829438990889,-0.9268696320148805,-0.37473720478814815
1763658752.063903,766854.1451611989,3404024.505571408,82.87103232648224,0.007622814477598602,-0.020761096328693596,-0.9268722758008621,-0.3747247709057961
1763658752.072658,766854.1451611989,3404024.505571408,82.87103232648224,0.007731531436888175,-0.020859061766602936,-0.9268734793985185,-0.3747141259033898
1763658752.0826194,766854.1451611989,3404024.505571408,82.87103232648224,0.00778872003945695,-0.020870654010989448,-0.9268750541595083,-0.37470840078400836
1763658752.0927029,766854.1451611989,3404024.505571408,82.87103232648224,0.007691765359627448,-0.02078301744832185,-0.9268766255783687,-0.3747113874542
1763658752.103566,766854.1451611989,3404024.505571408,82.87103232648224,0.0077216554871676925,-0.020755088043684904,-0.9268745303376337,-0.3747175034185453
1763658752.1126778,766852.6373695727,3404025.9138875674,82.84344803076237,0.007721861949971926,-0.020753556135429643,-0.9268712179673371,-0.3747257771484428
1763658752.1228154,766852.6373695727,3404025.9138875674,82.84344803076237,0.007799233883508074,-0.020815736391141912,-0.926865688170905,-0.3747344034923926
1763658752.1328733,766852.6373695727,3404025.9138875674,82.84344803076237,0.007875729886986604,-0.020877472875793075,-0.9268590541348871,-0.37474577752557825
1763658752.142951,766852.6373695727,3404025.9138875674,82.84344803076237,0.007881845816728149,-0.020906105050378057,-0.9268537096860037,-0.37475727093605155
1763658752.1529682,766852.6373695727,3404025.9138875674,82.84344803076237,0.007902021817611314,-0.020953883691183284,-0.9268446555869196,-0.37477656973110574
1763658752.1638856,766852.6373695727,3404025.9138875674,82.84344803076237,0.008005546704468028,-0.021000213996649187,-0.9268350222547116,-0.37479560263717837
1763658752.1725144,766852.6373695727,3404025.9138875674,82.84344803076237,0.007998379002000386,-0.0209664406134635,-0.9268267097875886,-0.3748182017000451
1763658752.1826534,766852.6373695727,3404025.9138875674,82.84344803076237,0.008022868745336453,-0.020931406072851873,-0.9268208714221864,-0.3748340727750445
1763658752.192678,766852.6373695727,3404025.9138875674,82.84344803076237,0.008010745231471973,-0.020875664239242413,-0.9268141536587656,-0.3748540505065843
1763658752.2034626,766852.6373695727,3404025.9138875674,82.84344803076237,0.008000637942298624,-0.020835939478948073,-0.926804989611155,-0.3748791333889005
1763658752.212753,766851.1288478994,3404027.3176434757,82.82152886595577,0.007975728700936865,-0.02076938156895177,-0.926792280028388,-0.3749147772770692
1763658752.2230945,766851.1288478994,3404027.3176434757,82.82152886595577,0.00805514470576077,-0.020732443487358088,-0.9267769229139733,-0.3749530845118091
1763658752.2329268,766851.1288478994,3404027.3176434757,82.82152886595577,0.008075118778596554,-0.020703651189385712,-0.9267586424629364,-0.37499942653875473
1763658752.2427685,766851.1288478994,3404027.3176434757,82.82152886595577,0.008199424666798986,-0.020760546866069783,-0.9267371017082136,-0.37504681500636144
1763658752.2530768,766851.1288478994,3404027.3176434757,82.82152886595577,0.008134996108395931,-0.02074235968516765,-0.9267187379046742,-0.3750945976275526
1763658752.262973,766851.1288478994,3404027.3176434757,82.82152886595577,0.008123588263244065,-0.02073976432782584,-0.9266994490746905,-0.3751426403036856
1763658752.2729366,766851.1288478994,3404027.3176434757,82.82152886595577,0.008034930875587048,-0.020655979225335016,-0.9266790333601476,-0.3751995995983596
1763658752.2828488,766851.1288478994,3404027.3176434757,82.82152886595577,0.008135026272237122,-0.020599654595433607,-0.9266579941619931,-0.3752524982378805
1763658752.2957728,766851.1288478994,3404027.3176434757,82.82152886595577,0.008132618756495635,-0.02048099284916203,-0.9266388940893862,-0.3753062075224354
1763658752.3035219,766851.1288478994,3404027.3176434757,82.82152886595577,0.008228439877094079,-0.020428887283294016,-0.9266178500432376,-0.3753589126726625
1763658752.3128407,766849.6176933605,3404028.7212538687,82.78618410974741,0.008366717293019783,-0.02041842405274781,-0.9265945518322307,-0.37541393489822455
1763658752.3242357,766849.6176933605,3404028.7212538687,82.78618410974741,0.008340494868419944,-0.02040513608214481,-0.9265621485346632,-0.37549520831782646
1763658752.332811,766849.6176933605,3404028.7212538687,82.78618410974741,0.008478939372899987,-0.020465034488436035,-0.9265238731194738,-0.3755832830281285
1763658752.342719,766849.6176933605,3404028.7212538687,82.78618410974741,0.008462273077472028,-0.020435851684710855,-0.926485313190921,-0.3756803566089178
1763658752.35271,766849.6176933605,3404028.7212538687,82.78618410974741,0.008525504032929112,-0.02035365405896119,-0.9264524610700099,-0.37576439682965496
1763658752.3626733,766849.6176933605,3404028.7212538687,82.78618410974741,0.008567017122755299,-0.02021031484984021,-0.9264270125496571,-0.37583392583640746
1763658752.373677,766849.6176933605,3404028.7212538687,82.78618410974741,0.008477285413606893,-0.020036929973308817,-0.9264037233893576,-0.3759026447893066
1763658752.3826094,766849.6176933605,3404028.7212538687,82.78618410974741,0.008640385420484724,-0.020039879167697408,-0.9263738137013305,-0.37597247807676354
1763658752.3925476,766849.6176933605,3404028.7212538687,82.78618410974741,0.00872879979048975,-0.02004661643544956,-0.9263417429944129,-0.376049087766186
1763658752.4034226,766849.6176933605,3404028.7212538687,82.78618410974741,0.008864209130325325,-0.020074527054114655,-0.926304958506903,-0.37613503294105965
1763658752.4126065,766848.1099792928,3404030.1218223735,82.75444939360023,0.008763741246097368,-0.019966759886365707,-0.9262713460474911,-0.3762258880385306
1763658752.4225316,766848.1099792928,3404030.1218223735,82.75444939360023,0.008883775833714237,-0.01988969273688207,-0.9262375167434256,-0.37631043199297665
1763658752.4326196,766848.1099792928,3404030.1218223735,82.75444939360023,0.008844996928274229,-0.01975647272267757,-0.9262080796534904,-0.37639080886691484
1763658752.44266,766848.1099792928,3404030.1218223735,82.75444939360023,0.00884276285783903,-0.019702819319735155,-0.9261766349749813,-0.3764710417579476
1763658752.4526818,766848.1099792928,3404030.1218223735,82.75444939360023,0.008929206836748206,-0.01967600273914632,-0.926144506708376,-0.3765494348360841
1763658752.4627202,766848.1099792928,3404030.1218223735,82.75444939360023,0.00884050436425394,-0.01952697584024134,-0.9261161087939817,-0.3766291222534633
1763658752.4726655,766848.1099792928,3404030.1218223735,82.75444939360023,0.008909610345556585,-0.01940618279346417,-0.9260876505865292,-0.37670370630510047
1763658752.4825943,766848.1099792928,3404030.1218223735,82.75444939360023,0.009085110339087843,-0.01930184811345454,-0.9260582733815423,-0.3767770875877787
1763658752.492782,766848.1099792928,3404030.1218223735,82.75444939360023,0.00909992311115865,-0.01914121265455181,-0.9260290335971205,-0.37685678222989066
1763658752.5035293,766848.1099792928,3404030.1218223735,82.75444939360023,0.009244359426233077,-0.019089374903724837,-0.9259984161310085,-0.37693112223249386
1763658752.512754,766846.6032170377,3404031.5297394143,82.7185177616775,0.009264008484901248,-0.01903206915194364,-0.9259686364383768,-0.37700668803489457
1763658752.5238137,766846.6032170377,3404031.5297394143,82.7185177616775,0.009302261400928075,-0.01901674274632373,-0.9259387364150897,-0.37707994886253987
1763658752.5326943,766846.6032170377,3404031.5297394143,82.7185177616775,0.009373175283981149,-0.018995036774859243,-0.9259093202869413,-0.37715151168832944
1763658752.5426092,766846.6032170377,3404031.5297394143,82.7185177616775,0.00933500763556058,-0.01893045820237714,-0.9258821157231412,-0.3772224849723721
1763658752.5526161,766846.6032170377,3404031.5297394143,82.7185177616775,0.009308238546993561,-0.01889414216160282,-0.9258495981911021,-0.37730477020109904
1763658752.562634,766846.6032170377,3404031.5297394143,82.7185177616775,0.009346206326681074,-0.018915722503388348,-0.9258152555600255,-0.37738701149058973
1763658752.5725324,766846.6032170377,3404031.5297394143,82.7185177616775,0.00934992197052513,-0.018956856413121507,-0.9257773375669136,-0.3774778639888626
1763658752.5825567,766846.6032170377,3404031.5297394143,82.7185177616775,0.009342716089333274,-0.018965045630593792,-0.925744959807552,-0.3775570289257205
1763658752.592676,766846.6032170377,3404031.5297394143,82.7185177616775,0.009389900720042019,-0.0189678088093201,-0.9257123268495002,-0.37763572382962496
1763658752.6057136,766846.6032170377,3404031.5297394143,82.7185177616775,0.00935571940309589,-0.01892989794776443,-0.9256811630885773,-0.3777148577711979
1763658752.6132743,766845.0975306022,3404032.94076498,82.69339681230485,0.009398675120255997,-0.018928893788803202,-0.9256475064272429,-0.37779631513679884
1763658752.6227834,766845.0975306022,3404032.94076498,82.69339681230485,0.009283385361860078,-0.018852442120839513,-0.9256145974389134,-0.37788360799365434
1763658752.6327922,766845.0975306022,3404032.94076498,82.69339681230485,0.009207506396435932,-0.01878015589425076,-0.9255830167796261,-0.3779664093800846
1763658752.642794,766845.0975306022,3404032.94076498,82.69339681230485,0.009112651564364915,-0.01877216294319379,-0.9255482292233967,-0.37805428295594706
1763658752.6528394,766845.0975306022,3404032.94076498,82.69339681230485,0.009192879935282023,-0.01885908476253076,-0.9255107632046189,-0.3781397269169416
1763658752.66271,766845.0975306022,3404032.94076498,82.69339681230485,0.009119253289542299,-0.018891795291475545,-0.9254726335097068,-0.37823318722015165
1763658752.6726518,766845.0975306022,3404032.94076498,82.69339681230485,0.009073033151075487,-0.01890354691793042,-0.9254364478153372,-0.37832223968237977
1763658752.682846,766845.0975306022,3404032.94076498,82.69339681230485,0.009033464914095592,-0.018933172687908242,-0.9254002736844258,-0.3784101808202386
1763658752.6928365,766845.0975306022,3404032.94076498,82.69339681230485,0.009000707193745388,-0.0189778848474652,-0.9253656732977724,-0.3784933260163108
1763658752.703434,766845.0975306022,3404032.94076498,82.69339681230485,0.009058598534862388,-0.019032318540259947,-0.925331135644055,-0.37857364151674616
1763658752.7125673,766843.596705986,3404034.3508968716,82.65454138629138,0.008981798771121957,-0.019013144896063792,-0.9252999411322502,-0.3786526727129371
1763658752.722514,766843.596705986,3404034.3508968716,82.65454138629138,0.009006867870074955,-0.01900104118515155,-0.9252683929646122,-0.37872976876096637
1763658752.732568,766843.596705986,3404034.3508968716,82.65454138629138,0.009024907463929414,-0.01896907663881753,-0.925238272575535,-0.37880451969080087
1763658752.742533,766843.596705986,3404034.3508968716,82.65454138629138,0.008993235913374555,-0.018905323168880897,-0.9252112865015667,-0.37887436676793346
1763658752.7527003,766843.596705986,3404034.3508968716,82.65454138629138,0.008928149667907424,-0.018868326758740915,-0.9251836130232804,-0.37894532136183146
1763658752.7627778,766843.596705986,3404034.3508968716,82.65454138629138,0.008972126723418721,-0.018930597587871294,-0.925153484403368,-0.3790147275678507
1763658752.772583,766843.596705986,3404034.3508968716,82.65454138629138,0.008878005721439399,-0.01900322869636352,-0.9251206524560855,-0.3790934406089749
1763658752.7826107,766843.596705986,3404034.3508968716,82.65454138629138,0.008825215223171756,-0.019084494978044618,-0.925086555418159,-0.37917378945842645
1763658752.7930305,766843.596705986,3404034.3508968716,82.65454138629138,0.008692626553823656,-0.019064028407721888,-0.9250573626642102,-0.3792490960374208
1763658752.80344,766843.596705986,3404034.3508968716,82.65454138629138,0.008584559553492195,-0.019042006924839816,-0.9250284619878123,-0.37932314959940056
1763658752.812644,766842.0973350087,3404035.7674720027,82.62772489152849,0.008608789406263102,-0.01910046296049368,-0.9250013160877961,-0.3793858541056833
1763658752.8226902,766842.0973350087,3404035.7674720027,82.62772489152849,0.008508415961718804,-0.01916429365824067,-0.9249721608636619,-0.3794559768057567
1763658752.8326638,766842.0973350087,3404035.7674720027,82.62772489152849,0.008571912936953936,-0.01926145988442307,-0.9249410179082148,-0.3795255351918199
1763658752.842651,766842.0973350087,3404035.7674720027,82.62772489152849,0.008508528833681571,-0.01924891991366644,-0.9249135702077633,-0.3795944831853758
1763658752.8527157,766842.0973350087,3404035.7674720027,82.62772489152849,0.008435271322349107,-0.019220217201037615,-0.9248852246104561,-0.37966663106695236
1763658752.8626122,766842.0973350087,3404035.7674720027,82.62772489152849,0.008460557579145576,-0.019212495826955847,-0.9248589439738915,-0.37973047378508823
1763658752.872525,766842.0973350087,3404035.7674720027,82.62772489152849,0.008359216387750482,-0.019164665723155613,-0.9248336702361013,-0.37979668440722936
1763658752.8825145,766842.0973350087,3404035.7674720027,82.62772489152849,0.008471341176104118,-0.01920299699786112,-0.9248062412010245,-0.3798590495441837
1763658752.892504,766842.0973350087,3404035.7674720027,82.62772489152849,0.008476031213504617,-0.019192668303939463,-0.9247808162325648,-0.3799213606872792
1763658752.9033828,766842.0973350087,3404035.7674720027,82.62772489152849,0.008432439403954713,-0.019189172102109332,-0.9247516029194585,-0.37999360854838926
1763658752.912645,766840.603431289,3404037.186692933,82.59402828011662,0.008536029176453781,-0.0191992016673185,-0.9247252043636502,-0.38005502664198687
1763658752.9227152,766840.603431289,3404037.186692933,82.59402828011662,0.008572698254379934,-0.01918376418032974,-0.9246994170608085,-0.3801177187713218
1763658752.932658,766840.603431289,3404037.186692933,82.59402828011662,0.008552723222058542,-0.019172030348205468,-0.9246764502509176,-0.3801746263615929
1763658752.942636,766840.603431289,3404037.186692933,82.59402828011662,0.008584327806696542,-0.019224496876066,-0.9246508230153474,-0.3802335907478582
1763658752.9525669,766840.603431289,3404037.186692933,82.59402828011662,0.008491416853084601,-0.019214596032805245,-0.9246286592402975,-0.3802900704075944
1763658752.9626231,766840.603431289,3404037.186692933,82.59402828011662,0.008472562446171117,-0.01920026966819914,-0.9246081344895012,-0.3803411139570752
1763658752.972496,766840.603431289,3404037.186692933,82.59402828011662,0.008513823751654121,-0.01918005908639968,-0.9245892648388458,-0.38038708112044295
1763658752.9825847,766840.603431289,3404037.186692933,82.59402828011662,0.00859353585956866,-0.01913536068387659,-0.9245745493441395,-0.38042330609205544
1763658752.9925601,766840.603431289,3404037.186692933,82.59402828011662,0.008678171336367887,-0.01913067081554898,-0.9245570663858752,-0.3804641083891465
1763658753.0052726,766840.603431289,3404037.186692933,82.59402828011662,0.008801021208735119,-0.019122258334606276,-0.9245424178639304,-0.38049730463195824
1763658753.0126326,766840.603431289,3404037.186692933,82.59402828011662,0.008744870589651961,-0.019082154568199155,-0.9245242682708938,-0.3805447095855811
1763658753.0264053,766839.1066880714,3404038.6084765047,82.56163881532848,0.00870227177948251,-0.019026004265200513,-0.9245067377105196,-0.3805910844402808
1763658753.0330439,766839.1066880714,3404038.6084765047,82.56163881532848,0.008729196447994452,-0.018964106108144002,-0.9244886973155173,-0.38063737644213197
1763658753.0477736,766839.1066880714,3404038.6084765047,82.56163881532848,0.008770800543341032,-0.018872047419237134,-0.9244740846606319,-0.3806764842683641
1763658753.0529704,766839.1066880714,3404038.6084765047,82.56163881532848,0.008735488272039233,-0.018770889096624166,-0.924463567691796,-0.3807078367695199
1763658753.0633502,766839.1066880714,3404038.6084765047,82.56163881532848,0.008832391929644016,-0.01877822503037283,-0.9244499674914054,-0.3807382627509999
1763658753.073021,766839.1066880714,3404038.6084765047,82.56163881532848,0.008868858965429393,-0.01875387462778917,-0.924440240164009,-0.38076223275504295
1763658753.0828688,766839.1066880714,3404038.6084765047,82.56163881532848,0.00890630373364122,-0.018794078176137558,-0.9244260481336607,-0.38079383124112703
1763658753.0927303,766839.1066880714,3404038.6084765047,82.56163881532848,0.009036805069363125,-0.01886305473352482,-0.9244126418407386,-0.3808198904013345
1763658753.1035516,766839.1066880714,3404038.6084765047,82.56163881532848,0.009055281116273524,-0.018859432725886596,-0.9244042835457364,-0.3808399194457648
1763658753.112676,766837.6144293818,3404040.02830008,82.53121826425195,0.009070372892397482,-0.018845702117889208,-0.9243974835877641,-0.38085674496309757
1763658753.1227434,766837.6144293818,3404040.02830008,82.53121826425195,0.009055412829505411,-0.018846549373867597,-0.9243889980604285,-0.3808776540308225
1763658753.1327934,766837.6144293818,3404040.02830008,82.53121826425195,0.009005692355342926,-0.01886721008345341,-0.9243761535748175,-0.3809089820299505
1763658753.1428063,766837.6144293818,3404040.02830008,82.53121826425195,0.009051731366178931,-0.018891960599862985,-0.9243643703304285,-0.38093525807884737
1763658753.1558378,766837.6144293818,3404040.02830008,82.53121826425195,0.00905642375163132,-0.018824952257916642,-0.9243581355268344,-0.3809535925105211
1763658753.1631784,766837.6144293818,3404040.02830008,82.53121826425195,0.009070916900023086,-0.018705105777894013,-0.924359291956746,-0.3809563450812361
1763658753.1726732,766837.6144293818,3404040.02830008,82.53121826425195,0.009132186808016387,-0.0186637978222486,-0.9243572395643223,-0.38096188717505614
1763658753.1828377,766837.6144293818,3404040.02830008,82.53121826425195,0.009244275388648786,-0.018677181462291463,-0.924355088487764,-0.3809637471623008
1763658753.1928575,766837.6144293818,3404040.02830008,82.53121826425195,0.009169755279578128,-0.01866110797006105,-0.9243520032565848,-0.380973821558622
1763658753.2036798,766837.6144293818,3404040.02830008,82.53121826425195,0.00917135130102947,-0.018664162141780818,-0.9243458740330779,-0.38098850445240995
1763658753.2127721,766836.120569309,3404041.448109853,82.49759131949395,0.009258268398074056,-0.01861884563553825,-0.9243480555881639,-0.38098332664809625
1763658753.2227955,766836.120569309,3404041.448109853,82.49759131949395,0.009205604369663518,-0.018516126915417805,-0.9243507128411509,-0.38098316178316544
1763658753.2329557,766836.120569309,3404041.448109853,82.49759131949395,0.009334965073447967,-0.018451935657998207,-0.9243590898202919,-0.38096280338656713
1763658753.2480495,766836.120569309,3404041.448109853,82.49759131949395,0.009214700179791315,-0.018329864576106556,-0.9243650736008656,-0.3809571052915069
1763658753.2529588,766836.120569309,3404041.448109853,82.49759131949395,0.009242378362017262,-0.018318094774171824,-0.9243686237386155,-0.380948386653147
1763658753.262869,766836.120569309,3404041.448109853,82.49759131949395,0.00932580619788054,-0.018353677040529842,-0.924371692065593,-0.3809371953296817
1763658753.272758,766836.120569309,3404041.448109853,82.49759131949395,0.00924901242719433,-0.018309933563118053,-0.924375981412284,-0.38093076416865074
1763658753.282746,766836.120569309,3404041.448109853,82.49759131949395,0.009335863631925227,-0.018282999977084987,-0.9243848852951774,-0.38090833201691204
1763658753.2926285,766836.120569309,3404041.448109853,82.49759131949395,0.009238612277340626,-0.018217734678217447,-0.9243953036050159,-0.3808885465058949
1763658753.3033652,766836.120569309,3404041.448109853,82.49759131949395,0.00917318912194445,-0.018205546616533286,-0.9244036815222375,-0.3808703772438333
1763658753.3125691,766834.6323768985,3404042.872365985,82.4690384939313,0.009172737089737558,-0.018211208346359403,-0.9244125429480519,-0.3808486093254961
1763658753.3225906,766834.6323768985,3404042.872365985,82.4690384939313,0.009023695900838829,-0.0181540956657969,-0.9244236082940548,-0.3808280375070175
1763658753.332823,766834.6323768985,3404042.872365985,82.4690384939313,0.00905828932868703,-0.018166864397442285,-0.9244366932936311,-0.38079484309105355
1763658753.342598,766834.6323768985,3404042.872365985,82.4690384939313,0.009060721839476071,-0.018172027250883276,-0.9244498326062993,-0.38076263963199664
1763658753.3526292,766834.6323768985,3404042.872365985,82.4690384939313,0.009094567217813892,-0.01815127658221559,-0.9244609238591631,-0.380735893058455
1763658753.3627403,766834.6323768985,3404042.872365985,82.4690384939313,0.009027113191501646,-0.01810722154316678,-0.9244729576549227,-0.3807103759029612
1763658753.3726158,766834.6323768985,3404042.872365985,82.4690384939313,0.008983421868590765,-0.01808637057296988,-0.9244829911611241,-0.38068803551570823
1763658753.3826566,766834.6323768985,3404042.872365985,82.4690384939313,0.009064808154599178,-0.0181003737893678,-0.9244943842990596,-0.3806577716549451
1763658753.3926423,766834.6323768985,3404042.872365985,82.4690384939313,0.009073747520593041,-0.0180328028569791,-0.9245102327387446,-0.3806222729799271
1763658753.4034083,766834.6323768985,3404042.872365985,82.4690384939313,0.009085467451536721,-0.017929564548124447,-0.9245288492552775,-0.3805816494407137
1763658753.4125602,766833.1450005558,3404044.29408738,82.43734538648278,0.009084059724542681,-0.017828303365025104,-0.9245486825479776,-0.38053825702134664
1763658753.422506,766833.1450005558,3404044.29408738,82.43734538648278,0.009080149570690022,-0.017800518937308094,-0.9245649463671806,-0.38050013450508685
1763658753.432683,766833.1450005558,3404044.29408738,82.43734538648278,0.009223552072139977,-0.017857106987685965,-0.9245788257346653,-0.38046030649768176
1763658753.442741,766833.1450005558,3404044.29408738,82.43734538648278,0.00923739808651575,-0.017846829170482338,-0.9245977862862543,-0.38041437244103854
1763658753.4528122,766833.1450005558,3404044.29408738,82.43734538648278,0.009204895756866827,-0.01781348131978016,-0.9246160886709258,-0.38037223656341357
1763658753.4628692,766833.1450005558,3404044.29408738,82.43734538648278,0.009328996490791996,-0.01784242683981632,-0.9246353472105451,-0.38032103848955684
1763658753.472848,766833.1450005558,3404044.29408738,82.43734538648278,0.009331605738204149,-0.01783095594312775,-0.9246557278765617,-0.38027195932591
1763658753.4825299,766833.1450005558,3404044.29408738,82.43734538648278,0.009387550162635412,-0.017850924199361528,-0.9246767694678258,-0.38021847721240204
1763658753.4927015,766833.1450005558,3404044.29408738,82.43734538648278,0.009407208593983685,-0.01785990942395751,-0.9246984890258803,-0.3801647438349478
1763658753.5039213,766833.1450005558,3404044.29408738,82.43734538648278,0.0093576624604974,-0.017857648899415934,-0.9247187896938005,-0.3801166906573472
1763658753.512686,766831.6486749662,3404045.716444404,82.40652817580849,0.00951101167580895,-0.017907187107224054,-0.9247383738530712,-0.3800629069382948
1763658753.5228448,766831.6486749662,3404045.716444404,82.40652817580849,0.009575559015454954,-0.017901477589414058,-0.9247612585651899,-0.3800058689370248
1763658753.532828,766831.6486749662,3404045.716444404,82.40652817580849,0.00970346509311107,-0.017920355420392046,-0.9247832946693058,-0.3799481037291507
1763658753.5428104,766831.6486749662,3404045.716444404,82.40652817580849,0.009701145669524267,-0.017904298008051173,-0.9248082915610345,-0.37988807265495755
1763658753.5526714,766831.6486749662,3404045.716444404,82.40652817580849,0.009670267116958075,-0.01789266121651534,-0.9248328224648525,-0.3798296843325599
1763658753.5625901,766831.6486749662,3404045.716444404,82.40652817580849,0.009653070026869685,-0.017879916849991597,-0.9248588163805341,-0.37976742432137517
1763658753.572557,766831.6486749662,3404045.716444404,82.40652817580849,0.009735790994465941,-0.017910034090892566,-0.9248837208872821,-0.37970323660757926
1763658753.5825636,766831.6486749662,3404045.716444404,82.40652817580849,0.009759912891498133,-0.017905626445230166,-0.9249078165722802,-0.379644127421262
1763658753.5926135,766831.6486749662,3404045.716444404,82.40652817580849,0.009817103754488804,-0.017912015919837064,-0.9249316281684264,-0.37958433499456296
1763658753.6033945,766831.6486749662,3404045.716444404,82.40652817580849,0.00976141191390836,-0.017868352698111337,-0.9249554532295812,-0.37952977004467403
1763658753.6125753,766830.1574561317,3404047.139176504,82.38349103648216,0.009894418123580506,-0.0179080571667463,-0.9249796650675095,-0.37946544136469973
1763658753.6225739,766830.1574561317,3404047.139176504,82.38349103648216,0.009844550797055963,-0.017915147028980387,-0.9250077464320657,-0.37939794591853754
1763658753.632566,766830.1574561317,3404047.139176504,82.38349103648216,0.009932103843569975,-0.017998530642988293,-0.9250332066374181,-0.37932963610299375
1763658753.642657,766830.1574561317,3404047.139176504,82.38349103648216,0.009904613063752222,-0.017979873088361756,-0.9250640826999931,-0.37925593693731946
1763658753.65262,766830.1574561317,3404047.139176504,82.38349103648216,0.009822493375268268,-0.017932073773374545,-0.9250952973913781,-0.3791841902010638
1763658753.6626236,766830.1574561317,3404047.139176504,82.38349103648216,0.009841501107048973,-0.017932593622640467,-0.925126647612401,-0.3791071785384256
1763658753.67261,766830.1574561317,3404047.139176504,82.38349103648216,0.009819721876436118,-0.0179486130939634,-0.9251578494516025,-0.3790308350891239
1763658753.682605,766830.1574561317,3404047.139176504,82.38349103648216,0.009876799630079244,-0.018009466099489363,-0.9251865383468099,-0.37895643182525013
1763658753.692708,766830.1574561317,3404047.139176504,82.38349103648216,0.009954835778355674,-0.01804929385266052,-0.9252197216887824,-0.37887147007155103
1763658753.7034662,766830.1574561317,3404047.139176504,82.38349103648216,0.009865032774650256,-0.01803808809925922,-0.925249727666546,-0.37880106911024025
1763658753.7125487,766828.6646856584,3404048.560283367,82.35614578332752,0.009930722538894607,-0.018070819041559393,-0.9252786865169085,-0.3787270501648475
1763658753.7225425,766828.6646856584,3404048.560283367,82.35614578332752,0.009850305564835116,-0.01804219229507541,-0.9253076138318874,-0.3786598348943357
1763658753.7325609,766828.6646856584,3404048.560283367,82.35614578332752,0.009835277993435178,-0.018054914939519308,-0.925337626152132,-0.3785862715160917
1763658753.7425616,766828.6646856584,3404048.560283367,82.35614578332752,0.00982469142804196,-0.01804624174400085,-0.9253686139791961,-0.378511211008977
1763658753.7526577,766828.6646856584,3404048.560283367,82.35614578332752,0.009824324200583,-0.01805654074093576,-0.9253988230788737,-0.3784368669074251
1763658753.7625968,766828.6646856584,3404048.560283367,82.35614578332752,0.009744233284362264,-0.0180260169685298,-0.9254290187740297,-0.3783665469368117
1763658753.7724936,766828.6646856584,3404048.560283367,82.35614578332752,0.009832572359992119,-0.018071209835465323,-0.9254585848008687,-0.3782897827251503
1763658753.7826362,766828.6646856584,3404048.560283367,82.35614578332752,0.009803622895783194,-0.018053035841240697,-0.9254887381184123,-0.3782176258333567
1763658753.7926116,766828.6646856584,3404048.560283367,82.35614578332752,0.009831548462593837,-0.01807772700899265,-0.9255183936475124,-0.37814314678590216
1763658753.8034499,766828.6646856584,3404048.560283367,82.35614578332752,0.009780853084128927,-0.018088190385231614,-0.925544073850658,-0.37808110193642597
1763658753.8125813,766827.1674232087,3404049.9755123407,82.31515801977366,0.009735471084500269,-0.018079476577629653,-0.9255692526731036,-0.3780210465511071
1763658753.8230927,766827.1674232087,3404049.9755123407,82.31515801977366,0.009715705426063695,-0.018058406599815315,-0.9255910489821235,-0.37796919062712175
1763658753.8325741,766827.1674232087,3404049.9755123407,82.31515801977366,0.009763243873414457,-0.01799152340678519,-0.9256179243490887,-0.37790533507514285
1763658753.8426332,766827.1674232087,3404049.9755123407,82.31515801977366,0.009729365865930853,-0.01786847023838592,-0.9256490777284494,-0.37783573429687334
1763658753.8526819,766827.1674232087,3404049.9755123407,82.31515801977366,0.00978877713556852,-0.017785175893011533,-0.9256814209351762,-0.3777588838082801
1763658753.862765,766827.1674232087,3404049.9755123407,82.31515801977366,0.009828611987830726,-0.017726446300997838,-0.9257119663689144,-0.3776857513983393
1763658753.8726215,766827.1674232087,3404049.9755123407,82.31515801977366,0.009774089409546431,-0.017665348195131082,-0.9257388160071967,-0.37762421424870596
1763658753.8826728,766827.1674232087,3404049.9755123407,82.31515801977366,0.009761599661909037,-0.017640528183498677,-0.9257646900838131,-0.37756226179462
1763658753.8927233,766827.1674232087,3404049.9755123407,82.31515801977366,0.009694435615463848,-0.017625615610264066,-0.9257861677640473,-0.3775120225492375
1763658753.9034286,766827.1674232087,3404049.9755123407,82.31515801977366,0.009758056874242926,-0.017646457791034045,-0.9258109599959116,-0.37744860471979075
1763658753.912767,766825.6706757607,3404051.3918617107,82.28696425165981,0.009786013351464763,-0.017650221411850908,-0.925837295200616,-0.3773831030165566
1763658753.922706,766825.6706757607,3404051.3918617107,82.28696425165981,0.009778147862973801,-0.01761731323598024,-0.9258672783446751,-0.3773112786405135
1763658753.9387152,766825.6706757607,3404051.3918617107,82.28696425165981,0.009755654459388429,-0.017575027097499484,-0.9258962898131189,-0.3772426356324162
1763658753.9426498,766825.6706757607,3404051.3918617107,82.28696425165981,0.009804353165265652,-0.01755185773097515,-0.9259204114519886,-0.37718324274254633
1763658753.952894,766825.6706757607,3404051.3918617107,82.28696425165981,0.009764340397760335,-0.017474078639518872,-0.9259454013174959,-0.3771265411122343
1763658753.9625661,766825.6706757607,3404051.3918617107,82.28696425165981,0.009849049023107355,-0.017431941294776702,-0.9259690631312245,-0.3770681871756334
1763658753.9747827,766825.6706757607,3404051.3918617107,82.28696425165981,0.009865709983995961,-0.017355219386602734,-0.9259956216621464,-0.3770060646582356
1763658753.9825077,766825.6706757607,3404051.3918617107,82.28696425165981,0.00990821964492946,-0.017320454154590555,-0.9260192777521074,-0.37694843982010556
1763658753.9927773,766825.6706757607,3404051.3918617107,82.28696425165981,0.009952143056624946,-0.01731153259656393,-0.9260426779850005,-0.37689020183351457
1763658754.0052567,766825.6706757607,3404051.3918617107,82.28696425165981,0.009961595424389857,-0.0173348138242603,-0.9260625437861614,-0.3768400666630114
1763658754.0127425,766825.6706757607,3404051.3918617107,82.28696425165981,0.009957646651108761,-0.017362459130506977,-0.9260814429154614,-0.37679245132264816
1763658754.0273986,766824.16917366,3404052.8008661023,82.24353298544884,0.01005210976961105,-0.017384227425198167,-0.9261052410122785,-0.3767304424858685
1763658754.0330012,766824.16917366,3404052.8008661023,82.24353298544884,0.009972059119919666,-0.01731974290732107,-0.9261316167202447,-0.3766706957724199
1763658754.0428658,766824.16917366,3404052.8008661023,82.24353298544884,0.010120328751117829,-0.017320013520507774,-0.9261614861401899,-0.3765932788409978
1763658754.0528243,766824.16917366,3404052.8008661023,82.24353298544884,0.010118042355305484,-0.017314777255497325,-0.9261867164498001,-0.3765315258772185
1763658754.0629356,766824.16917366,3404052.8008661023,82.24353298544884,0.010255492033746658,-0.017381982401359818,-0.9262107273492503,-0.3764656426742246
1763658754.0727322,766824.16917366,3404052.8008661023,82.24353298544884,0.010348889658733516,-0.017421241565146905,-0.9262354473848499,-0.3764004474398875
1763658754.0826561,766824.16917366,3404052.8008661023,82.24353298544884,0.010361084318385432,-0.017384584037626993,-0.9262642843537248,-0.37633083809364887
1763658754.0926926,766824.16917366,3404052.8008661023,82.24353298544884,0.010402517015135254,-0.017340628329268633,-0.9262945653228692,-0.37625718398751246
1763658754.1035562,766824.16917366,3404052.8008661023,82.24353298544884,0.01044730328664751,-0.01729558519110401,-0.9263233547219267,-0.3761871330649808
1763658754.112846,766822.6662670837,3404054.212540959,82.21384964603931,0.010431106900016137,-0.01729166116983805,-0.9263521795153035,-0.37611677703882673
1763658754.1228442,766822.6662670837,3404054.212540959,82.21384964603931,0.010405894913042807,-0.01733421589191295,-0.9263791034780106,-0.3760491975124383
1763658754.1328878,766822.6662670837,3404054.212540959,82.21384964603931,0.01046755268307716,-0.017388989427171424,-0.9264071698366423,-0.37597580914573653
1763658754.1428316,766822.6662670837,3404054.212540959,82.21384964603931,0.0104418327898186,-0.017385206037566676,-0.9264386505066757,-0.3758991215557577
1763658754.1526377,766822.6662670837,3404054.212540959,82.21384964603931,0.010530269993330142,-0.01743280235891176,-0.9264704643777506,-0.3758160313922998
1763658754.1626434,766822.6662670837,3404054.212540959,82.21384964603931,0.01063439539412472,-0.01745857692892668,-0.9265019326190284,-0.37573431647831107
1763658754.1728592,766822.6662670837,3404054.212540959,82.21384964603931,0.0105295932288379,-0.017407404504655267,-0.9265338373094127,-0.3756609618466377
1763658754.182533,766822.6662670837,3404054.212540959,82.21384964603931,0.01062795664149161,-0.01743141965875604,-0.9265636688136915,-0.3755834924232142
1763658754.1926224,766822.6662670837,3404054.212540959,82.21384964603931,0.010542599106356621,-0.01742272434036689,-0.9265948526225394,-0.3755093625651119
1763658754.2034853,766822.6662670837,3404054.212540959,82.21384964603931,0.01054108156952395,-0.0174422550177678,-0.9266239472889396,-0.3754366972605428
1763658754.2125661,766821.1612073772,3404055.6203659833,82.18262466602027,0.010615122514728579,-0.017418413922078966,-0.9266521757058854,-0.3753660390738427
1763658754.222748,766821.1612073772,3404055.6203659833,82.18262466602027,0.010554115258370035,-0.01730907405371777,-0.926684466008133,-0.3752930948815033
1763658754.2328563,766821.1612073772,3404055.6203659833,82.18262466602027,0.010615701103435722,-0.01727251213214269,-0.926713376265219,-0.3752216484504139
1763658754.2439067,766821.1612073772,3404055.6203659833,82.18262466602027,0.010723604311328676,-0.017264956010428104,-0.9267451573992715,-0.37514042549628174
1763658754.2527835,766821.1612073772,3404055.6203659833,82.18262466602027,0.010720198704893548,-0.01725167112219146,-0.9267743529080408,-0.37506900161850376
1763658754.2677498,766821.1612073772,3404055.6203659833,82.18262466602027,0.010728567776173288,-0.017276328158226387,-0.9268022013826681,-0.3749988077728804
1763658754.2727401,766821.1612073772,3404055.6203659833,82.18262466602027,0.010807159418193277,-0.017312831657068428,-0.9268242740455588,-0.37494031018983154
1763658754.283776,766821.1612073772,3404055.6203659833,82.18262466602027,0.01080029128240767,-0.017290556845805303,-0.9268514661084593,-0.37487431243655045
1763658754.2926586,766821.1612073772,3404055.6203659833,82.18262466602027,0.010855584042885995,-0.017275038839199786,-0.9268777014119177,-0.37480855907189686
1763658754.3034346,766821.1612073772,3404055.6203659833,82.18262466602027,0.010822078344692024,-0.01724063885124279,-0.9269063418016938,-0.37474027875330373
1763658754.3128307,766819.6556612916,3404057.0257969536,82.14878910686821,0.010775458634610184,-0.017246528330923747,-0.9269311115533339,-0.374680078448595
1763658754.3228438,766819.6556612916,3404057.0257969536,82.14878910686821,0.01080308036032385,-0.017300561744285653,-0.9269537191959722,-0.37462085698318437
1763658754.3328006,766819.6556612916,3404057.0257969536,82.14878910686821,0.01073510114884455,-0.01730620294411887,-0.9269817206298879,-0.37455325730933603
1763658754.3428686,766819.6556612916,3404057.0257969536,82.14878910686821,0.01065004911345044,-0.017290498295011725,-0.9270079719692823,-0.3744914351864266
1763658754.3528113,766819.6556612916,3404057.0257969536,82.14878910686821,0.010720741353794664,-0.017283868559828646,-0.9270342725570961,-0.3744246133695902
1763658754.3628461,766819.6556612916,3404057.0257969536,82.14878910686821,0.010714419366394903,-0.017236575253843645,-0.9270651328717122,-0.37435055910832343
1763658754.3726022,766819.6556612916,3404057.0257969536,82.14878910686821,0.010663897688974992,-0.017221801701398736,-0.9270943820576303,-0.3742802393787538
1763658754.385719,766819.6556612916,3404057.0257969536,82.14878910686821,0.010717445149984163,-0.017281707261732882,-0.9271211882257422,-0.37420954197677114
1763658754.395813,766819.6556612916,3404057.0257969536,82.14878910686821,0.010697318584453379,-0.017349953541762688,-0.9271420238839084,-0.37415533410022567
1763658754.4038959,766819.6556612916,3404057.0257969536,82.14878910686821,0.010870579047437597,-0.01743478409588416,-0.9271643004554906,-0.37409119045439193
1763658754.412539,766818.1456195344,3404058.428468219,82.11761591862887,0.01089985591638849,-0.01740497950736852,-0.9271925272258679,-0.37402176044430596
1763658754.4238057,766818.1456195344,3404058.428468219,82.11761591862887,0.010873266594401125,-0.017340327312353597,-0.9272179710634612,-0.37396245701838304
1763658754.4326694,766818.1456195344,3404058.428468219,82.11761591862887,0.010950735253464822,-0.0173137309335123,-0.9272460264086793,-0.3738918595367987
1763658754.442554,766818.1456195344,3404058.428468219,82.11761591862887,0.01094125647173539,-0.017316934206262572,-0.9272715158861766,-0.37382876898744394
1763658754.452608,766818.1456195344,3404058.428468219,82.11761591862887,0.011028054388718367,-0.017343972356815472,-0.9272995141420541,-0.3737555079342589
1763658754.462758,766818.1456195344,3404058.428468219,82.11761591862887,0.011024990443981557,-0.01737156477462395,-0.9273256889785878,-0.373689369508123
1763658754.47276,766818.1456195344,3404058.428468219,82.11761591862887,0.011006612761279292,-0.017404440787913596,-0.927350210422071,-0.37362752461043885
1763658754.4825542,766818.1456195344,3404058.428468219,82.11761591862887,0.011115926544598254,-0.01743795767967659,-0.9273789419951348,-0.3735514044318415
1763658754.4925756,766818.1456195344,3404058.428468219,82.11761591862887,0.011145499566787806,-0.017427893835481777,-0.9274085056579854,-0.3734775896745189
1763658754.5035036,766818.1456195344,3404058.428468219,82.11761591862887,0.011258346114662088,-0.017443886273642052,-0.9274365763523276,-0.3734037457207782
1763658754.5126095,766816.6354080488,3404059.83160057,82.09100482054055,0.011211811892256202,-0.017499428049612666,-0.9274634390493475,-0.37333582003175975
1763658754.5225947,766816.6354080488,3404059.83160057,82.09100482054055,0.011251683390085086,-0.01757711112477609,-0.9274868442294704,-0.3732728205571025
1763658754.532589,766816.6354080488,3404059.83160057,82.09100482054055,0.011373930049691155,-0.017565704312223308,-0.9275177121853928,-0.3731929438368514
1763658754.5458953,766816.6354080488,3404059.83160057,82.09100482054055,0.011160291914474006,-0.017430230063842825,-0.9275502575029465,-0.3731248514512569
1763658754.5526824,766816.6354080488,3404059.83160057,82.09100482054055,0.011179164854190831,-0.017444999169746265,-0.9275762117525176,-0.3730590699446655
1763658754.562684,766816.6354080488,3404059.83160057,82.09100482054055,0.011137087041591822,-0.017482081851146556,-0.9276001112055221,-0.3729991632669979
1763658754.5725996,766816.6354080488,3404059.83160057,82.09100482054055,0.011101241352297894,-0.01749708197249979,-0.9276230995085546,-0.3729423545550008
1763658754.5825348,766816.6354080488,3404059.83160057,82.09100482054055,0.011172740213869665,-0.017490556589087353,-0.9276499949870998,-0.37287362082447095
1763658754.5925245,766816.6354080488,3404059.83160057,82.09100482054055,0.011055891761613538,-0.01739644258053837,-0.9276804553648972,-0.37280571854100425
1763658754.6035004,766816.6354080488,3404059.83160057,82.09100482054055,0.011124396182975158,-0.017373648786480272,-0.9277090997840451,-0.3727334574669747
1763658754.6158373,766815.1213218095,3404061.228778826,82.06505740433931,0.01123052254808039,-0.01736072258007211,-0.9277400072419162,-0.37265394085876036
1763658754.6239033,766815.1213218095,3404061.228778826,82.06505740433931,0.011068076466559388,-0.017286398638579534,-0.9277674612434463,-0.37259390220899874
1763658754.6358633,766815.1213218095,3404061.228778826,82.06505740433931,0.01113036357812526,-0.017312790248479332,-0.9277878137023969,-0.37254013883843057
1763658754.6425614,766815.1213218095,3404061.228778826,82.06505740433931,0.011046531267077515,-0.017280311538097302,-0.9278081942227605,-0.37249338210659805
1763658754.6525977,766815.1213218095,3404061.228778826,82.06505740433931,0.01100680717216387,-0.017238705415025292,-0.9278286582802111,-0.37244551025006606
1763658754.6626215,766815.1213218095,3404061.228778826,82.06505740433931,0.011091496394964545,-0.017209740709144248,-0.9278552526837379,-0.3723780788387541
1763658754.6726809,766815.1213218095,3404061.228778826,82.06505740433931,0.011024834458685597,-0.017139277245742778,-0.9278819728533874,-0.3723167235759871
1763658754.6828074,766815.1213218095,3404061.228778826,82.06505740433931,0.011038212589477747,-0.01712485571693441,-0.9279086524565574,-0.3722504934526744
1763658754.6928983,766815.1213218095,3404061.228778826,82.06505740433931,0.010927297984069745,-0.017089742213882576,-0.9279333926493425,-0.3721937045089718
1763658754.7035112,766815.1213218095,3404061.228778826,82.06505740433931,0.010921769124488126,-0.01705767706095275,-0.9279555701967256,-0.37214004131958883
1763658754.7128408,766813.6088828332,3404062.629417456,82.0162703609094,0.0109458438596026,-0.01702036148058621,-0.9279808770393158,-0.37207793222201896
1763658754.727716,766813.6088828332,3404062.629417456,82.0162703609094,0.010963265376116627,-0.01700261898332188,-0.9280017145048736,-0.37202625664866157
1763658754.7327714,766813.6088828332,3404062.629417456,82.0162703609094,0.011012213240622317,-0.016979461969159244,-0.9280241743397539,-0.3719698386587261
1763658754.7429173,766813.6088828332,3404062.629417456,82.0162703609094,0.010935211155963796,-0.016936898255709473,-0.9280449363963361,-0.3719222481427682
1763658754.7530007,766813.6088828332,3404062.629417456,82.0162703609094,0.010929874020168059,-0.01690768886590643,-0.9280660280215262,-0.3718711007102662
1763658754.762921,766813.6088828332,3404062.629417456,82.0162703609094,0.010874833240723917,-0.01686396943518436,-0.9280897174783509,-0.3718155737026493
1763658754.772864,766813.6088828332,3404062.629417456,82.0162703609094,0.010871106853718197,-0.016842749134426873,-0.9281101805521952,-0.37176556267726213
1763658754.794207,766813.6088828332,3404062.629417456,82.0162703609094,0.010963447321713317,-0.016824054274907227,-0.9281326989640686,-0.3717074752197655
1763658754.794317,766813.6088828332,3404062.629417456,82.0162703609094,0.010880425662507333,-0.01675996640102567,-0.9281548545952485,-0.3716574844597001
1763658754.8034,766813.6088828332,3404062.629417456,82.0162703609094,0.010905304260740706,-0.016758387170393865,-0.9281738706285376,-0.3716093334146311
1763658754.8125892,766812.0944203216,3404064.0212892746,81.96587102022022,0.010918781814949038,-0.016746949696379323,-0.928192872090021,-0.37156198955332176
1763658754.8225832,766812.0944203216,3404064.0212892746,81.96587102022022,0.010908789170656711,-0.01671396980327254,-0.9282141374454873,-0.3715106412723265
1763658754.832651,766812.0944203216,3404064.0212892746,81.96587102022022,0.011005113279343929,-0.016667579036455868,-0.9282367759213116,-0.3714533175487613
1763658754.842644,766812.0944203216,3404064.0212892746,81.96587102022022,0.010989507055649717,-0.01653765843945558,-0.9282638571775885,-0.37139190627395163
1763658754.8526528,766812.0944203216,3404064.0212892746,81.96587102022022,0.01094322222355042,-0.016422450169955055,-0.9282880538541498,-0.3713379028451804
1763658754.862526,766812.0944203216,3404064.0212892746,81.96587102022022,0.011036305210345534,-0.016394641959066758,-0.9283077411608656,-0.3712871575790764
1763658754.8726368,766812.0944203216,3404064.0212892746,81.96587102022022,0.011040189804623513,-0.016344733329928748,-0.9283258127045892,-0.3712440563400513
1763658754.8825426,766812.0944203216,3404064.0212892746,81.96587102022022,0.011090929435771373,-0.016287791787135193,-0.9283450996442837,-0.3711968144925205
1763658754.892651,766812.0944203216,3404064.0212892746,81.96587102022022,0.01112648412321162,-0.01619630032570177,-0.9283705566531077,-0.3711360811702554
1763658754.90342,766812.0944203216,3404064.0212892746,81.96587102022022,0.011214857914681055,-0.01612003474617301,-0.9283948345056332,-0.37107600664148815
1763658754.9125881,766810.5744983489,3404065.4131542123,81.93736332468688,0.011318330770811035,-0.016051977613966283,-0.9284211496725276,-0.37100997054524715
1763658754.9232888,766810.5744983489,3404065.4131542123,81.93736332468688,0.011272013540150602,-0.01598588785855406,-0.9284433047003258,-0.3709587888934057
1763658754.9329205,766810.5744983489,3404065.4131542123,81.93736332468688,0.011244008994327717,-0.01594435758230714,-0.9284621107072888,-0.37091435494462766
1763658754.942586,766810.5744983489,3404065.4131542123,81.93736332468688,0.01125537278291448,-0.015885055888251842,-0.9284821643069184,-0.3708663534844936
1763658754.9526064,766810.5744983489,3404065.4131542123,81.93736332468688,0.011232269811829666,-0.015800276121668625,-0.928501909355221,-0.37082123956572693
1763658754.9625423,766810.5744983489,3404065.4131542123,81.93736332468688,0.011350818241294287,-0.01576643090202766,-0.9285237451068157,-0.37076439062385386
1763658754.9725049,766810.5744983489,3404065.4131542123,81.93736332468688,0.011311383480137119,-0.01573577523464567,-0.9285401062050602,-0.3707259218752117
1763658754.9825802,766810.5744983489,3404065.4131542123,81.93736332468688,0.011387325945406087,-0.015754881537537894,-0.9285552992803878,-0.37068472951264253
1763658754.992572,766810.5744983489,3404065.4131542123,81.93736332468688,0.01135475013566641,-0.015716615866413125,-0.9285706812177716,-0.37064881979823905
1763658755.005151,766810.5744983489,3404065.4131542123,81.93736332468688,0.011236301154211262,-0.015646714255052995,-0.9285888385015186,-0.37060989582010995
1763658755.0127525,766810.5744983489,3404065.4131542123,81.93736332468688,0.01125815584997962,-0.015626206680163585,-0.9286052419203499,-0.37056899528926474
1763658755.026402,766809.0517453998,3404066.8001498575,81.89558803196996,0.011141385742013479,-0.015581603829950939,-0.9286211808149687,-0.3705344595144252
1763658755.0346391,766809.0517453998,3404066.8001498575,81.89558803196996,0.011067578040964495,-0.01557107340474788,-0.928635660513921,-0.37050082376589144
1763658755.0426266,766809.0517453998,3404066.8001498575,81.89558803196996,0.010984608958431969,-0.015592994538305557,-0.9286499016016068,-0.3704666748071745
1763658755.0527759,766809.0517453998,3404066.8001498575,81.89558803196996,0.010901008031101103,-0.015590604904405931,-0.9286653768109441,-0.3704304509286567
1763658755.0629725,766809.0517453998,3404066.8001498575,81.89558803196996,0.010921366732479438,-0.015573077051687225,-0.9286846611376068,-0.37038223929822206
1763658755.0757709,766809.0517453998,3404066.8001498575,81.89558803196996,0.010902926886664588,-0.015496551831945874,-0.9287052894644217,-0.3703342657484296
1763658755.0827732,766809.0517453998,3404066.8001498575,81.89558803196996,0.010907658376461455,-0.015398501298107785,-0.9287257760012159,-0.37028683765083265
1763658755.092843,766809.0517453998,3404066.8001498575,81.89558803196996,0.010877120702112646,-0.015329998932152292,-0.9287446962266507,-0.3702431209473558
1763658755.1034968,766809.0517453998,3404066.8001498575,81.89558803196996,0.010876582432909055,-0.015276757870722104,-0.9287603419419033,-0.3702060883609272
1763658755.112839,766807.5301643607,3404068.1892229477,81.85052918177098,0.01093520104119115,-0.015238416308161465,-0.9287767495655113,-0.37016477616479293
1763658755.1227877,766807.5301643607,3404068.1892229477,81.85052918177098,0.010966618371065181,-0.015200483388986157,-0.9287930281635817,-0.3701245593323529
1763658755.132976,766807.5301643607,3404068.1892229477,81.85052918177098,0.011054863087486098,-0.01517664419587033,-0.9288108540666562,-0.3700781766614152
1763658755.1444192,766807.5301643607,3404068.1892229477,81.85052918177098,0.011108907377187496,-0.015124893891692373,-0.9288313051970569,-0.37002734527002423
1763658755.1527636,766807.5301643607,3404068.1892229477,81.85052918177098,0.011151342884611325,-0.015059795447128169,-0.9288519917589393,-0.36997679321602334
1763658755.1627977,766807.5301643607,3404068.1892229477,81.85052918177098,0.011341275891754784,-0.015079688770358302,-0.9288721799096687,-0.36991952075768625
1763658755.1728365,766807.5301643607,3404068.1892229477,81.85052918177098,0.011405390469118516,-0.015083799835454312,-0.9288918349575552,-0.3698680237597687
1763658755.1827266,766807.5301643607,3404068.1892229477,81.85052918177098,0.011506694975853509,-0.015100828098812809,-0.9289121401463438,-0.36981319182825567
1763658755.1929173,766807.5301643607,3404068.1892229477,81.85052918177098,0.011583678034373953,-0.01512043995352781,-0.9289283666429056,-0.3697692257948885
1763658755.2033224,766807.5301643607,3404068.1892229477,81.85052918177098,0.011613178034680299,-0.015149138030656336,-0.9289432721646466,-0.36972967802558393
1763658755.2127845,766806.0075181422,3404069.5761126727,81.81812731921673,0.011707637172624614,-0.015249900207420005,-0.9289549496203322,-0.3696932151817018
1763658755.2229643,766806.0075181422,3404069.5761126727,81.81812731921673,0.011632000227425414,-0.01530159283506613,-0.9289655715415865,-0.3696667752420179
1763658755.2329273,766806.0075181422,3404069.5761126727,81.81812731921673,0.011504352970881686,-0.015362098198074466,-0.9289752074983635,-0.3696440445280389
1763658755.242849,766806.0075181422,3404069.5761126727,81.81812731921673,0.011334850604251146,-0.01544282392352343,-0.9289834621603724,-0.3696251714691172
1763658755.2528093,766806.0075181422,3404069.5761126727,81.81812731921673,0.0111991974543293,-0.015536740440095242,-0.9289939434512902,-0.36959902692471636
1763658755.262845,766806.0075181422,3404069.5761126727,81.81812731921673,0.011006768823558749,-0.015599824162079034,-0.9290075844307596,-0.3695678619635399
1763658755.272827,766806.0075181422,3404069.5761126727,81.81812731921673,0.010831928200844753,-0.015635852785886882,-0.9290213631014834,-0.36953686736261
1763658755.2827964,766806.0075181422,3404069.5761126727,81.81812731921673,0.010602969555466208,-0.015640541886755118,-0.929035802459194,-0.3695070070175881
1763658755.2927496,766806.0075181422,3404069.5761126727,81.81812731921673,0.01032763673684418,-0.01563994797321971,-0.9290496808303055,-0.3694799351736636
1763658755.3033907,766806.0075181422,3404069.5761126727,81.81812731921673,0.010135438684211361,-0.015668101852478383,-0.9290633140939077,-0.36944978261174255
1763658755.3125734,766804.4864211606,3404070.964961077,81.79842233471572,0.009853868490866703,-0.015665025977842948,-0.9290764489052931,-0.36942449881729367
1763658755.3225646,766804.4864211606,3404070.964961077,81.79842233471572,0.00957511364121649,-0.015693374648463883,-0.9290863176122797,-0.36940580614894936
1763658755.3326015,766804.4864211606,3404070.964961077,81.79842233471572,0.009290844858211637,-0.0157172060428803,-0.9290987063049128,-0.36938089227593207
1763658755.343809,766804.4864211606,3404070.964961077,81.79842233471572,0.008943102598477576,-0.015742931701960023,-0.9291082788245617,-0.36936430151951755
1763658755.3536274,766804.4864211606,3404070.964961077,81.79842233471572,0.008670239553854552,-0.015789579996298434,-0.9291191974383021,-0.3693413503268013
1763658755.362631,766804.4864211606,3404070.964961077,81.79842233471572,0.008413762633708195,-0.01585117195576905,-0.9291289744679828,-0.36932004785828587
1763658755.3724976,766804.4864211606,3404070.964961077,81.79842233471572,0.008196899936217545,-0.01592005302086997,-0.9291419756079929,-0.3692892523571792
1763658755.3826985,766804.4864211606,3404070.964961077,81.79842233471572,0.00803449895410252,-0.015985086534667386,-0.9291565968551606,-0.3692532225391841
1763658755.3927908,766804.4864211606,3404070.964961077,81.79842233471572,0.007895848541807424,-0.01604681369322432,-0.929171183815005,-0.36921682858981664
1763658755.4034128,766804.4864211606,3404070.964961077,81.79842233471572,0.007836554469578937,-0.016128332003638043,-0.9291840605412579,-0.3691821324995097
1763658755.4126484,766802.9671049996,3404072.3488085126,81.787671928294,0.0077901270301555725,-0.016208153399477437,-0.92919565077492,-0.36915044665448493
1763658755.4225001,766802.9671049996,3404072.3488085126,81.787671928294,0.0076787708739973265,-0.01625711420875491,-0.9292054140903565,-0.36912605047684843
1763658755.4327111,766802.9671049996,3404072.3488085126,81.787671928294,0.00754770189824289,-0.01631586455536788,-0.9292105636999961,-0.3691131981766597
1763658755.442594,766802.9671049996,3404072.3488085126,81.787671928294,0.007517649937397071,-0.016426914273797756,-0.9292115954668954,-0.3691062885900574
1763658755.4525955,766802.9671049996,3404072.3488085126,81.787671928294,0.007507624965730234,-0.016527265584147542,-0.9292113167376437,-0.3691027145746555
1763658755.467514,766802.9671049996,3404072.3488085126,81.787671928294,0.007555821456992294,-0.016627531309013153,-0.9292120185251225,-0.36909546108445357
1763658755.4726546,766802.9671049996,3404072.3488085126,81.787671928294,0.007649293190824097,-0.016693025139852644,-0.929216828698864,-0.36907846928287125
1763658755.482631,766802.9671049996,3404072.3488085126,81.787671928294,0.007622705057915018,-0.01672376913952133,-0.9292202155278078,-0.3690691005324374
1763658755.4925182,766802.9671049996,3404072.3488085126,81.787671928294,0.007656692241035808,-0.01678855436817068,-0.9292222692504091,-0.3690602848252208
1763658755.503713,766802.9671049996,3404072.3488085126,81.787671928294,0.007724644477451175,-0.016900511615022422,-0.9292200765884744,-0.3690592795741045
1763658755.512674,766801.4409879703,3404073.738380571,81.77680379804224,0.007724224297810803,-0.016998431810432767,-0.9292162761985854,-0.3690643598650747
1763658755.5227587,766801.4409879703,3404073.738380571,81.77680379804224,0.00787813207494804,-0.017139139938532173,-0.9292134180391369,-0.3690617951687782
1763658755.532853,766801.4409879703,3404073.738380571,81.77680379804224,0.00796921431326824,-0.017207925224239924,-0.9292106937996627,-0.3690634978713767
1763658755.5466986,766801.4409879703,3404073.738380571,81.77680379804224,0.008056890494971455,-0.017237826810777304,-0.9292101098422271,-0.3690616691142418
1763658755.552994,766801.4409879703,3404073.738380571,81.77680379804224,0.008181435432384546,-0.01729743795098365,-0.9292052698759006,-0.36906832590924465
1763658755.5628843,766801.4409879703,3404073.738380571,81.77680379804224,0.008341218953836604,-0.017366558012690575,-0.9291999232198516,-0.36907496449553145
1763658755.5727117,766801.4409879703,3404073.738380571,81.77680379804224,0.008415861100612005,-0.017412267887987633,-0.9291931575381998,-0.3690881496243441
1763658755.5837276,766801.4409879703,3404073.738380571,81.77680379804224,0.008500826190885869,-0.01744403182806896,-0.9291848333243238,-0.3691056586232486
1763658755.592981,766801.4409879703,3404073.738380571,81.77680379804224,0.008572597904932432,-0.017434070603935932,-0.929178272153306,-0.3691209859998944
1763658755.607825,766801.4409879703,3404073.738380571,81.77680379804224,0.008628839308228834,-0.01743482405398104,-0.9291689410224644,-0.369143128178748
1763658755.615793,766799.9238303464,3404075.1283542784,81.73207559250295,0.008812218403891472,-0.017448096378185528,-0.9291620646802119,-0.3691554771350217
1763658755.6237407,766799.9238303464,3404075.1283542784,81.73207559250295,0.008859160505482726,-0.017408748561922094,-0.9291564825527292,-0.36917026109762124
1763658755.6327624,766799.9238303464,3404075.1283542784,81.73207559250295,0.008924106983216197,-0.017358043604140443,-0.9291515386675071,-0.3691835272985417
1763658755.642572,766799.9238303464,3404075.1283542784,81.73207559250295,0.009092169613573975,-0.017322436042482885,-0.929145138761434,-0.36919720580912796
1763658755.6525877,766799.9238303464,3404075.1283542784,81.73207559250295,0.009165348051990652,-0.01727698180540476,-0.9291382113640905,-0.3692149597157729
1763658755.6626344,766799.9238303464,3404075.1283542784,81.73207559250295,0.009274336301304708,-0.01726260237947587,-0.9291270057240189,-0.369241108870041
1763658755.6730971,766799.9238303464,3404075.1283542784,81.73207559250295,0.009375299913499816,-0.017245124712860722,-0.9291146227647873,-0.3692705338770165
1763658755.6827016,766799.9238303464,3404075.1283542784,81.73207559250295,0.009369531477300328,-0.017178826052631876,-0.9291036078380726,-0.3693014835031481
1763658755.7021039,766799.9238303464,3404075.1283542784,81.73207559250295,0.009462710330695045,-0.017166187496504323,-0.9290916702160857,-0.3693297272832455
1763658755.7074556,766799.9238303464,3404075.1283542784,81.73207559250295,0.009420177519259899,-0.01709555297435742,-0.9290822057330955,-0.3693578986757052
1763658755.7125633,766798.392738895,3404076.5076523186,81.69874172843993,0.0094174991412945,-0.017019654607302405,-0.9290708177413771,-0.36939011585089915
1763658755.7225978,766798.392738895,3404076.5076523186,81.69874172843993,0.009426185409429789,-0.016900564819596946,-0.9290622518301705,-0.3694169056251466
1763658755.732544,766798.392738895,3404076.5076523186,81.69874172843993,0.009438060430302587,-0.016789657264269297,-0.929053116080548,-0.3694446344518842
1763658755.7425742,766798.392738895,3404076.5076523186,81.69874172843993,0.00950034907502593,-0.01670658390838977,-0.9290458321237871,-0.3694651204579189
1763658755.7525747,766798.392738895,3404076.5076523186,81.69874172843993,0.009585180457702742,-0.016634193262216424,-0.9290365486137847,-0.3694895387827582
1763658755.7625015,766798.392738895,3404076.5076523186,81.69874172843993,0.009544312404610499,-0.01649848126333343,-0.9290275894454232,-0.36951920689722323
1763658755.7726192,766798.392738895,3404076.5076523186,81.69874172843993,0.009562905560313292,-0.016399009859751363,-0.929014619685264,-0.36955575996581164
1763658755.7826734,766798.392738895,3404076.5076523186,81.69874172843993,0.00955688729569156,-0.016316407098130883,-0.9290009508147296,-0.3695939314300947
1763658755.7925918,766798.392738895,3404076.5076523186,81.69874172843993,0.009460291917422252,-0.01621294332181727,-0.928988100345466,-0.3696332679321535
1763658755.803761,766798.392738895,3404076.5076523186,81.69874172843993,0.009412215281338721,-0.0161196622286896,-0.9289765025538439,-0.36966772160408956
1763658755.8128266,766796.8661596461,3404077.8888281267,81.66801333613694,0.009343330281763915,-0.01599846034303065,-0.9289676484240965,-0.3696969835247544
1763658755.8237562,766796.8661596461,3404077.8888281267,81.66801333613694,0.009270761062156263,-0.0158991421196883,-0.928958580249958,-0.3697258801452348
1763658755.832603,766796.8661596461,3404077.8888281267,81.66801333613694,0.009289525963077954,-0.015864791368642245,-0.9289491478348169,-0.36975058328443267
1763658755.8426332,766796.8661596461,3404077.8888281267,81.66801333613694,0.009239829925784489,-0.015827499540753614,-0.9289399465688759,-0.3697765426170837
1763658755.8526866,766796.8661596461,3404077.8888281267,81.66801333613694,0.009225115211102721,-0.01580838258567246,-0.9289295721941515,-0.36980378877528763
1763658755.8625896,766796.8661596461,3404077.8888281267,81.66801333613694,0.009103090395947656,-0.015751987464196544,-0.9289231443788872,-0.3698253648323923
1763658755.8726962,766796.8661596461,3404077.8888281267,81.66801333613694,0.009040529580156368,-0.01574669149356068,-0.9289115593854098,-0.3698562225677477
1763658755.882746,766796.8661596461,3404077.8888281267,81.66801333613694,0.00892254449494691,-0.015677381690513206,-0.9289037479907222,-0.3698816498176878
1763658755.8926823,766796.8661596461,3404077.8888281267,81.66801333613694,0.008807919716233736,-0.015597643404907819,-0.9288948529717824,-0.36991010555676407
1763658755.911925,766796.8661596461,3404077.8888281267,81.66801333613694,0.008721592625041304,-0.015495460382686099,-0.9288883634343568,-0.3699327409217161
1763658755.915696,766795.3471535321,3404079.272044407,81.64236034452915,0.008763645839480739,-0.015428458383170626,-0.9288823364990928,-0.3699496805289946
1763658755.924108,766795.3471535321,3404079.272044407,81.64236034452915,0.008709768323577435,-0.015349653909818536,-0.9288754912305432,-0.3699714176146796
1763658755.9357603,766795.3471535321,3404079.272044407,81.64236034452915,0.00882084146442856,-0.015314555695805141,-0.9288714695890934,-0.36998033748173353
1763658755.9437754,766795.3471535321,3404079.272044407,81.64236034452915,0.008740548450170024,-0.015238848356741783,-0.9288661768644355,-0.3699986564716119
1763658755.9528444,766795.3471535321,3404079.272044407,81.64236034452915,0.008703884874745516,-0.015189980776673748,-0.9288596046774278,-0.3700180288453309
1763658755.9625297,766795.3471535321,3404079.272044407,81.64236034452915,0.008693671722423173,-0.015189273875250538,-0.928850933819016,-0.370040063742654
1763658755.9728231,766795.3471535321,3404079.272044407,81.64236034452915,0.0086229270844316,-0.015160588166654937,-0.9288461378376813,-0.3700549336503444
1763658755.9828682,766795.3471535321,3404079.272044407,81.64236034452915,0.008677406470618073,-0.015153393165750241,-0.9288418205865797,-0.3700647911135507
1763658755.9929466,766795.3471535321,3404079.272044407,81.64236034452915,0.008687053142866736,-0.015113222088582096,-0.9288377994670459,-0.37007630011527387
1763658756.0054572,766795.3471535321,3404079.272044407,81.64236034452915,0.008734332361358007,-0.015092773817667604,-0.9288319568074421,-0.3700906856838574
1763658756.012912,766795.3471535321,3404079.272044407,81.64236034452915,0.00882944938053563,-0.015094553048618458,-0.9288257327118513,-0.37010397666627615
1763658756.0277207,766793.8221659027,3404080.6531939125,81.618213432841,0.009010718802186485,-0.015102924150165035,-0.9288196655604515,-0.3701144924168107
1763658756.0345674,766793.8221659027,3404080.6531939125,81.618213432841,0.009050122157517174,-0.015036208479061071,-0.9288137244384556,-0.3701311565084366
1763658756.0427778,766793.8221659027,3404080.6531939125,81.618213432841,0.009124085331614417,-0.014987813671951792,-0.9288068737010328,-0.3701484943558598
1763658756.0528975,766793.8221659027,3404080.6531939125,81.618213432841,0.009064938692774048,-0.014881882315370779,-0.9288012164289603,-0.370168416839324
1763658756.0631394,766793.8221659027,3404080.6531939125,81.618213432841,0.009072031494885986,-0.01484479060280294,-0.9287924979161967,-0.37019160748335006
1763658756.0727546,766793.8221659027,3404080.6531939125,81.618213432841,0.009096541968946749,-0.014818047466580097,-0.9287840326563,-0.3702133156386818
1763658756.0827487,766793.8221659027,3404080.6531939125,81.618213432841,0.009110030389625394,-0.014798596872986194,-0.9287752468789872,-0.3702358027821827
1763658756.092793,766793.8221659027,3404080.6531939125,81.618213432841,0.009172500469686361,-0.0147565679847231,-0.9287704877664531,-0.3702478764159361
1763658756.1038384,766793.8221659027,3404080.6531939125,81.618213432841,0.00925328381425336,-0.014739310807608333,-0.928765924640221,-0.3702580001603814
1763658756.1127226,766792.2998084133,3404082.038777972,81.59380644094199,0.009273868471916892,-0.014754575242761428,-0.9287598449871759,-0.3702721272420707
1763658756.127868,766792.2998084133,3404082.038777972,81.59380644094199,0.00925401912345272,-0.01479930433988495,-0.9287515942537773,-0.3702915336490769
1763658756.1367896,766792.2998084133,3404082.038777972,81.59380644094199,0.0093036411736467,-0.01487007472876535,-0.9287395627563644,-0.3703176308381635
1763658756.1425276,766792.2998084133,3404082.038777972,81.59380644094199,0.009295899321455959,-0.01485365209711345,-0.9287303073577967,-0.3703416955600268
1763658756.1526468,766792.2998084133,3404082.038777972,81.59380644094199,0.009307599857262903,-0.014827998592253715,-0.9287217421901124,-0.37036390837392363
1763658756.1626866,766792.2998084133,3404082.038777972,81.59380644094199,0.009369205806668125,-0.014771819094849883,-0.9287175899299691,-0.37037501197819944
1763658756.172646,766792.2998084133,3404082.038777972,81.59380644094199,0.009439674564834298,-0.014697947544045204,-0.9287154947473698,-0.3703814151631402
1763658756.182825,766792.2998084133,3404082.038777972,81.59380644094199,0.00945014963788044,-0.014619348530935758,-0.9287114195866255,-0.3703944768078316
1763658756.1926007,766792.2998084133,3404082.038777972,81.59380644094199,0.00949630901476129,-0.014585986388694487,-0.9287044834169103,-0.37041200250193723
1763658756.203447,766792.2998084133,3404082.038777972,81.59380644094199,0.00941250280418144,-0.014544655147073001,-0.9286945079068273,-0.3704407763480014
1763658756.2206059,766790.7783932518,3404083.4214542094,81.56828405708075,0.009561596586087158,-0.014548641264833101,-0.9286842649734768,-0.37046247974490665
1763658756.2397263,766790.7783932518,3404083.4214542094,81.56828405708075,0.009612964973818798,-0.014485549834491374,-0.928678369499185,-0.3704784012256848
1763658756.2398133,766790.7783932518,3404083.4214542094,81.56828405708075,0.00959161683576224,-0.014427110179359007,-0.9286721602211403,-0.3704967991879946
1763658756.2426877,766790.7783932518,3404083.4214542094,81.56828405708075,0.00970235852438146,-0.014441208098498725,-0.9286651179188286,-0.3705110180663029
1763658756.2527823,766790.7783932518,3404083.4214542094,81.56828405708075,0.009751442264435304,-0.014413150886243066,-0.9286568587597384,-0.37053152245630766
1763658756.2627943,766790.7783932518,3404083.4214542094,81.56828405708075,0.009828985120644854,-0.014348313028045762,-0.9286523718496306,-0.37054323529488786
1763658756.272881,766790.7783932518,3404083.4214542094,81.56828405708075,0.009991449752036637,-0.01428162507511131,-0.9286487764024995,-0.37055047726754686
1763658756.282846,766790.7783932518,3404083.4214542094,81.56828405708075,0.009997819382904076,-0.014132498062413824,-0.928648772533176,-0.37055603271128634
1763658756.2926898,766790.7783932518,3404083.4214542094,81.56828405708075,0.010030807491160644,-0.014012907808659481,-0.9286440255253308,-0.37057157901265153
1763658756.303554,766790.7783932518,3404083.4214542094,81.56828405708075,0.010100542193692504,-0.013919262481066562,-0.9286376296544783,-0.3705892415722404
1763658756.3130157,766789.2554270034,3404084.8095278684,81.53610313590616,0.010051006019316973,-0.013806756851597747,-0.9286289290599856,-0.37061659819299064
1763658756.3228228,766789.2554270034,3404084.8095278684,81.53610313590616,0.010114982992313849,-0.013726877968416588,-0.928620157605398,-0.3706398020035509
1763658756.335711,766789.2554270034,3404084.8095278684,81.53610313590616,0.010138232836732222,-0.013587493606852274,-0.9286169703494989,-0.37065228804278266
1763658756.342735,766789.2554270034,3404084.8095278684,81.53610313590616,0.010137811357033196,-0.013465339137720488,-0.9286122529243762,-0.3706685758754169
1763658756.3529818,766789.2554270034,3404084.8095278684,81.53610313590616,0.010225435533404846,-0.013421834115245461,-0.9286045919166225,-0.37068693895050814
1763658756.3627405,766789.2554270034,3404084.8095278684,81.53610313590616,0.010246126995967622,-0.013401480342217303,-0.928591306070901,-0.37072038451609046
1763658756.372591,766789.2554270034,3404084.8095278684,81.53610313590616,0.010222768605865748,-0.013357874327504866,-0.9285799660340945,-0.37075100657395527
1763658756.3825362,766789.2554270034,3404084.8095278684,81.53610313590616,0.010195681491477449,-0.013286539758080865,-0.9285693428446665,-0.37078092112351896
1763658756.3926225,766789.2554270034,3404084.8095278684,81.53610313590616,0.01024855422827274,-0.013203583767036977,-0.9285605869743896,-0.3708043538440641
1763658756.4034677,766789.2554270034,3404084.8095278684,81.53610313590616,0.010260487511194735,-0.013101735281204067,-0.928552585518251,-0.37082767272147443
1763658756.412748,766787.7350984304,3404086.187179169,81.51381867285818,0.010249894912301194,-0.013004051576741837,-0.9285445848528897,-0.3708514368817396
1763658756.422698,766787.7350984304,3404086.187179169,81.51381867285818,0.010201780085791643,-0.012896757746082121,-0.9285366914210484,-0.3708762731795775
1763658756.432904,766787.7350984304,3404086.187179169,81.51381867285818,0.010215345252654346,-0.012833176085447448,-0.9285250471836388,-0.3709072566903354
1763658756.4428875,766787.7350984304,3404086.187179169,81.51381867285818,0.01030898300572343,-0.012762190931531518,-0.9285133837096067,-0.3709363120862552
1763658756.4557745,766787.7350984304,3404086.187179169,81.51381867285818,0.010323094731911554,-0.012654367060555848,-0.9285028027211829,-0.3709660982466743
1763658756.462623,766787.7350984304,3404086.187179169,81.51381867285818,0.010419694203577419,-0.012561851159581576,-0.9284933625851369,-0.3709901690119211
1763658756.4757812,766787.7350984304,3404086.187179169,81.51381867285818,0.01052172830439682,-0.012499253610019419,-0.9284831843706739,-0.37101487602732847
1763658756.4827623,766787.7350984304,3404086.187179169,81.51381867285818,0.010552391959066897,-0.01242806951789025,-0.9284753183341372,-0.37103608093596924
1763658756.4957988,766787.7350984304,3404086.187179169,81.51381867285818,0.010672814590416736,-0.012414446632755293,-0.928467200928848,-0.37105340497409706
1763658756.508503,766787.7350984304,3404086.187179169,81.51381867285818,0.010752368223992812,-0.0123709397701932,-0.92846143505341,-0.37106698862245946
1763658756.512657,766786.2156729714,3404087.574311174,81.48937220871449,0.010915769221141649,-0.012343307825217061,-0.9284566559715054,-0.37107509579120596
1763658756.522579,766786.2156729714,3404087.574311174,81.48937220871449,0.011002358694669343,-0.012279043358430561,-0.9284520095721898,-0.37108629605351656
1763658756.5325468,766786.2156729714,3404087.574311174,81.48937220871449,0.011003457553187405,-0.012199889597728383,-0.928448690763322,-0.37109717761733507
1763658756.5425646,766786.2156729714,3404087.574311174,81.48937220871449,0.011068752032302015,-0.012193653027228,-0.9284408781568101,-0.3711149866573844
1763658756.5526855,766786.2156729714,3404087.574311174,81.48937220871449,0.011202548815921662,-0.012215332473432833,-0.9284344352470342,-0.37112637739739135
1763658756.562669,766786.2156729714,3404087.574311174,81.48937220871449,0.01120577784488412,-0.012184454275475709,-0.9284300563590988,-0.3711382492629138
1763658756.5727,766786.2156729714,3404087.574311174,81.48937220871449,0.011388746555870508,-0.012190309730371324,-0.9284261319504028,-0.371142304665174
1763658756.5825036,766786.2156729714,3404087.574311174,81.48937220871449,0.01145387490459595,-0.01213332573591062,-0.9284236257353702,-0.3711484370607606
1763658756.5925865,766786.2156729714,3404087.574311174,81.48937220871449,0.01149620241342434,-0.012117873482506156,-0.9284172211301139,-0.3711636539066944
1763658756.603389,766786.2156729714,3404087.574311174,81.48937220871449,0.01162963644241333,-0.012132159170280246,-0.9284101071479427,-0.371176824728632
1763658756.6126611,766784.6960664898,3404088.958477545,81.46554032061249,0.011585164435960476,-0.012094900393491325,-0.9284039762112714,-0.37119476599834306
1763658756.6227005,766784.6960664898,3404088.958477545,81.46554032061249,0.011681577028088266,-0.012119016273617255,-0.9283974348194988,-0.3712073183859272
1763658756.6327744,766784.6960664898,3404088.958477545,81.46554032061249,0.011738197853199085,-0.012135962104855243,-0.9283921026999664,-0.37121831417547735
1763658756.6425924,766784.6960664898,3404088.958477545,81.46554032061249,0.011705601843313521,-0.012131335470855709,-0.9283858836139017,-0.3712350477684106
1763658756.6525648,766784.6960664898,3404088.958477545,81.46554032061249,0.011721140003057155,-0.012163522549011083,-0.9283771868235566,-0.3712552525982728
1763658756.6628337,766784.6960664898,3404088.958477545,81.46554032061249,0.01170523056342573,-0.012201072630340455,-0.9283674044370263,-0.37127898376151774
1763658756.673323,766784.6960664898,3404088.958477545,81.46554032061249,0.011679818372776403,-0.012255798860568469,-0.9283596605697755,-0.37129734427253813
1763658756.6878107,766784.6960664898,3404088.958477545,81.46554032061249,0.011643610108054103,-0.012314659094206244,-0.9283540673784533,-0.3713105184302313
1763658756.6939394,766784.6960664898,3404088.958477545,81.46554032061249,0.011597266203603794,-0.012366965645688895,-0.9283485122621665,-0.37132411900917917
1763658756.703684,766784.6960664898,3404088.958477545,81.46554032061249,0.011517829732610084,-0.012401589684262379,-0.9283428488441501,-0.3713395954803117
1763658756.7153518,766783.1781989243,3404090.3437115033,81.43517992272973,0.011431554550360368,-0.012455104601425791,-0.9283351615478435,-0.37135968785514206
1763658756.7225683,766783.1781989243,3404090.3437115033,81.43517992272973,0.011377115662439414,-0.012498848119981719,-0.9283290751414357,-0.3713751045532316
1763658756.7327247,766783.1781989243,3404090.3437115033,81.43517992272973,0.011343909789571699,-0.012532892472784133,-0.9283245392567718,-0.3713863111783391
1763658756.7428746,766783.1781989243,3404090.3437115033,81.43517992272973,0.011320999043459417,-0.01257305080989678,-0.9283231109546353,-0.37138922310898764
1763658756.7527905,766783.1781989243,3404090.3437115033,81.43517992272973,0.011249857719206023,-0.01263292551725707,-0.9283181864366676,-0.37140166211947623
1763658756.762972,766783.1781989243,3404090.3437115033,81.43517992272973,0.0111646425475496,-0.01268797647685417,-0.9283143332536166,-0.3714119878054578
1763658756.7757795,766783.1781989243,3404090.3437115033,81.43517992272973,0.011094421255090475,-0.012755517046545217,-0.9283076917177032,-0.3714283781560578
1763658756.782803,766783.1781989243,3404090.3437115033,81.43517992272973,0.011080960166347823,-0.012803896847222322,-0.9283026863238323,-0.3714396251226764
1763658756.795736,766783.1781989243,3404090.3437115033,81.43517992272973,0.011100279348912001,-0.012828198196984336,-0.9283024358646961,-0.37143883574158887
1763658756.8034127,766783.1781989243,3404090.3437115033,81.43517992272973,0.011108157040744956,-0.012872610863392872,-0.9283019281199538,-0.3714383326818788
1763658756.8126252,766781.6682695814,3404091.729827264,81.40649937465787,0.011155345450245971,-0.012943795545946244,-0.9283027669402601,-0.371432348235594
1763658756.8226755,766781.6682695814,3404091.729827264,81.40649937465787,0.01110631129025291,-0.013031330614278748,-0.9283008791005132,-0.3714354750601504
1763658756.8326895,766781.6682695814,3404091.729827264,81.40649937465787,0.01109357673948208,-0.013119359472260212,-0.9282966209708562,-0.3714433987248304
1763658756.8428898,766781.6682695814,3404091.729827264,81.40649937465787,0.011107868273518168,-0.013210830012957031,-0.9282923701634045,-0.3714503529803088
1763658756.8527768,766781.6682695814,3404091.729827264,81.40649937465787,0.011122794830536636,-0.013262684694336876,-0.928291508314487,-0.3714502123045172
1763658756.863798,766781.6682695814,3404091.729827264,81.40649937465787,0.011134555672990529,-0.013270196417597814,-0.9282936357602636,-0.3714442749107791
1763658756.872563,766781.6682695814,3404091.729827264,81.40649937465787,0.011139518927900327,-0.013279748049557704,-0.9282964685699648,-0.3714367050391325
1763658756.882508,766781.6682695814,3404091.729827264,81.40649937465787,0.011100474899407842,-0.013307652457385417,-0.9282983226168737,-0.37143224155931753
1763658756.8926487,766781.6682695814,3404091.729827264,81.40649937465787,0.011127589998975862,-0.013395391221433597,-0.9282976088240051,-0.3714300602892475
1763658756.9035304,766781.6682695814,3404091.729827264,81.40649937465787,0.011243686629365075,-0.013485369272184154,-0.9282970680669271,-0.37142465958107856
1763658756.9128425,766780.1583082456,3404093.123436309,81.39196632895619,0.0112655771970564,-0.013491618533548532,-0.9282965823174575,-0.37142498335126906
1763658756.9226673,766780.1583082456,3404093.123436309,81.39196632895619,0.011297426427733886,-0.013509633991139795,-0.9282991607872955,-0.3714169167218134
1763658756.932765,766780.1583082456,3404093.123436309,81.39196632895619,0.011306340365292135,-0.013508701260221799,-0.9283005078384046,-0.3714133126380454
1763658756.9427278,766780.1583082456,3404093.123436309,81.39196632895619,0.01129202368137015,-0.013483743317537164,-0.9283050168668641,-0.37140338518534965
1763658756.9526763,766780.1583082456,3404093.123436309,81.39196632895619,0.01130637812772158,-0.013482643146386971,-0.9283077602700853,-0.3713961313338603
1763658756.9625971,766780.1583082456,3404093.123436309,81.39196632895619,0.011395560954679761,-0.013501437289223902,-0.9283097562247472,-0.3713877338841494
1763658756.9727526,766780.1583082456,3404093.123436309,81.39196632895619,0.011378618274977548,-0.013469496178586497,-0.9283166813132411,-0.37137210303739554
1763658756.9840782,766780.1583082456,3404093.123436309,81.39196632895619,0.011407726975120476,-0.01345100707196923,-0.928320114355799,-0.37136329847798266
1763658756.9993818,766780.1583082456,3404093.123436309,81.39196632895619,0.011427036572836792,-0.013430670382500176,-0.9283239073215321,-0.3713539592134746
1763658757.0157597,766780.1583082456,3404093.123436309,81.39196632895619,0.011313344430540469,-0.013429658877719235,-0.9283250594282854,-0.3713545967639214
1763658757.0159109,766780.1583082456,3404093.123436309,81.39196632895619,0.011397987103170637,-0.013499698959805637,-0.9283243284419921,-0.3713512962690653
1763658757.0357935,766778.6436959306,3404094.511572662,81.37612887937576,0.011384936513337477,-0.013456801695979109,-0.9283282683654339,-0.3713434042262456
1763658757.0358531,766778.6436959306,3404094.511572662,81.37612887937576,0.01137929755425267,-0.013387351836375405,-0.9283329404717633,-0.37133440728409506
1763658757.0425923,766778.6436959306,3404094.511572662,81.37612887937576,0.011541251668861512,-0.013352502068016739,-0.9283375714575299,-0.37131908598774616
1763658757.052917,766778.6436959306,3404094.511572662,81.37612887937576,0.01152057106416333,-0.01324415087926583,-0.928345403971701,-0.3713040261490068
1763658757.0626988,766778.6436959306,3404094.511572662,81.37612887937576,0.011596958263077087,-0.013192534829198941,-0.9283505090983103,-0.37129072145790715
1763658757.0797954,766778.6436959306,3404094.511572662,81.37612887937576,0.011743315838114488,-0.013154544984820568,-0.9283517550665135,-0.3712843537563803
1763658757.0829358,766778.6436959306,3404094.511572662,81.37612887937576,0.011719444702037982,-0.013091360797114952,-0.9283543225752601,-0.37128092146538494
1763658757.0928655,766778.6436959306,3404094.511572662,81.37612887937576,0.011846286596899942,-0.013071780822214395,-0.9283527038895167,-0.37128163329341163
1763658757.1044054,766778.6436959306,3404094.511572662,81.37612887937576,0.011831535560418984,-0.012956340201915773,-0.9283570558186639,-0.3712752684014333
1763658757.1197867,766777.1278427229,3404095.8957970394,81.34724561870098,0.011793590457887535,-0.012866274011779144,-0.9283622237356073,-0.3712666854941926
1763658757.1238124,766777.1278427229,3404095.8957970394,81.34724561870098,0.011958612120759405,-0.012893947968287394,-0.9283643211387109,-0.3712552019010602
1763658757.1328447,766777.1278427229,3404095.8957970394,81.34724561870098,0.012030170239400803,-0.012902099186326479,-0.928370120417793,-0.3712381046660618
1763658757.1427093,766777.1278427229,3404095.8957970394,81.34724561870098,0.012136047491824186,-0.012901574919048637,-0.9283723434625668,-0.3712291174055534
1763658757.1528118,766777.1278427229,3404095.8957970394,81.34724561870098,0.012236468117638222,-0.012830385602492589,-0.9283787630628209,-0.3712122335635557
1763658757.1627533,766777.1278427229,3404095.8957970394,81.34724561870098,0.012177120226904046,-0.012701891119812101,-0.928381633752988,-0.371211424682879
1763658757.1720762,766777.1278427229,3404095.8957970394,81.34724561870098,0.01230485520046168,-0.012633072999169725,-0.9283834823649534,-0.37120493757089973
1763658757.1826782,766777.1278427229,3404095.8957970394,81.34724561870098,0.012292178003263928,-0.012520711483101821,-0.9283879019663361,-0.37119811102218414
1763658757.1929286,766777.1278427229,3404095.8957970394,81.34724561870098,0.012311422976188797,-0.012442384265942259,-0.9283920915963886,-0.3711896283564006
1763658757.2035556,766777.1278427229,3404095.8957970394,81.34724561870098,0.012411605957664251,-0.0124071100996685,-0.9283956189004094,-0.371178650333033
1763658757.2128172,766775.6102887013,3404097.276393145,81.30365281552076,0.012355470397330435,-0.012325027498162836,-0.9283980537968968,-0.3711771676094377
1763658757.2230132,766775.6102887013,3404097.276393145,81.30365281552076,0.012443581823495933,-0.012325870377583722,-0.9283969570320572,-0.3711769394297735
1763658757.2330074,766775.6102887013,3404097.276393145,81.30365281552076,0.012411869164965,-0.0122763092273286,-0.9283972652958778,-0.3711788726836728
1763658757.2428653,766775.6102887013,3404097.276393145,81.30365281552076,0.012409510595475943,-0.012282854190405198,-0.9283976341041204,-0.3711778125502519
1763658757.2528787,766775.6102887013,3404097.276393145,81.30365281552076,0.012455789429448368,-0.01228161962181907,-0.9283991401950968,-0.37117253617981893
1763658757.2629983,766775.6102887013,3404097.276393145,81.30365281552076,0.012440879828934555,-0.012223895854461196,-0.9284054858188948,-0.37115906937673404
1763658757.272715,766775.6102887013,3404097.276393145,81.30365281552076,0.012496093980227992,-0.012165816103912387,-0.9284100655242387,-0.37114766709093294
1763658757.282849,766775.6102887013,3404097.276393145,81.30365281552076,0.012562494195967791,-0.012102011382522879,-0.928416246037443,-0.37113205083071926
1763658757.296028,766775.6102887013,3404097.276393145,81.30365281552076,0.01252818120100755,-0.01202967991034796,-0.9284202185731004,-0.3711256245824661
1763658757.303556,766775.6102887013,3404097.276393145,81.30365281552076,0.012517582039989022,-0.01197315142046631,-0.9284241370220649,-0.3711180076199057
1763658757.3229344,766774.0999511995,3404098.660371758,81.2718182746321,0.012523754728973881,-0.011943056247105274,-0.9284256735128231,-0.3711149252418014
1763658757.3230388,766774.0999511995,3404098.660371758,81.2718182746321,0.012549142052034558,-0.011952753935998383,-0.9284264379246334,-0.371111843073864
1763658757.332569,766774.0999511995,3404098.660371758,81.2718182746321,0.012527699720182769,-0.011956444882153775,-0.9284273559774878,-0.3711101518931431
1763658757.342573,766774.0999511995,3404098.660371758,81.2718182746321,0.012412524140325475,-0.011912043147225286,-0.9284303360687101,-0.37110799444348597
1763658757.3526397,766774.0999511995,3404098.660371758,81.2718182746321,0.012346294790575309,-0.011877220781577822,-0.9284374415417118,-0.37109354315984827
1763658757.36294,766774.0999511995,3404098.660371758,81.2718182746321,0.01237557749095013,-0.011899935201725774,-0.9284424311925664,-0.37107935618300925
1763658757.3725145,766774.0999511995,3404098.660371758,81.2718182746321,0.012462414162038657,-0.011938348858540629,-0.928449527022106,-0.3710574616312322
1763658757.3825483,766774.0999511995,3404098.660371758,81.2718182746321,0.012418385195837758,-0.011931379590458854,-0.9284553482533726,-0.37104459595836253
1763658757.3926618,766774.0999511995,3404098.660371758,81.2718182746321,0.012440786083668793,-0.011931944385948249,-0.9284615111329868,-0.3710284057716359
1763658757.4034615,766774.0999511995,3404098.660371758,81.2718182746321,0.01243530159344128,-0.011929431474998553,-0.9284658802548975,-0.3710177369634255
1763658757.4128368,766772.5829117968,3404100.04311788,81.23507183045149,0.012482135984819884,-0.01194986829055234,-0.9284683263885907,-0.37100938508650144
1763658757.4317644,766772.5829117968,3404100.04311788,81.23507183045149,0.01246247405238625,-0.01192061952486993,-0.9284727619192947,-0.3709998867177637
1763658757.4327202,766772.5829117968,3404100.04311788,81.23507183045149,0.01246558851810134,-0.011904647028500802,-0.928476943827798,-0.37098982905494277
1763658757.442644,766772.5829117968,3404100.04311788,81.23507183045149,0.012508088554693654,-0.011895535419357266,-0.9284832877301467,-0.3709728135101176
1763658757.4525588,766772.5829117968,3404100.04311788,81.23507183045149,0.012565644855986392,-0.011904676144583088,-0.9284874800389242,-0.370960082308345
1763658757.4625664,766772.5829117968,3404100.04311788,81.23507183045149,0.012556789564326253,-0.01187914516304268,-0.9284948264155478,-0.3709428126619981
1763658757.4726205,766772.5829117968,3404100.04311788,81.23507183045149,0.012569938489408886,-0.011860937024125766,-0.9285006020659525,-0.3709284928155909
1763658757.4825275,766772.5829117968,3404100.04311788,81.23507183045149,0.012647342940520136,-0.011843560986752188,-0.9285067163043068,-0.3709111113966412
1763658757.4925618,766772.5829117968,3404100.04311788,81.23507183045149,0.012698774508835626,-0.011804469509309577,-0.928515994804161,-0.37088737241704084
1763658757.5035677,766772.5829117968,3404100.04311788,81.23507183045149,0.012643459977303227,-0.011763651243226975,-0.9285243757203894,-0.37086957697051826
1763658757.5128112,766771.0691877167,3404101.427223375,81.20668949652463,0.012609529754898059,-0.01178124425655057,-0.928529453158665,-0.3708574613783559
1763658757.5226355,766771.0691877167,3404101.427223375,81.20668949652463,0.012624180844020866,-0.011833577676957719,-0.9285291174588772,-0.370856137239792
1763658757.5327039,766771.0691877167,3404101.427223375,81.20668949652463,0.012600697129071638,-0.01184822032986085,-0.9285286702922086,-0.3708575879664039
1763658757.543831,766771.0691877167,3404101.427223375,81.20668949652463,0.012598568315064436,-0.011839606019302767,-0.9285314821058609,-0.3708508952989216
1763658757.5527089,766771.0691877167,3404101.427223375,81.20668949652463,0.012600098223460103,-0.01180418881842862,-0.9285378873765162,-0.3708359345552343
1763658757.5626361,766771.0691877167,3404101.427223375,81.20668949652463,0.012628157218489802,-0.011763563708861467,-0.9285450060299749,-0.37081844613088827
1763658757.5728104,766771.0691877167,3404101.427223375,81.20668949652463,0.012627990632938364,-0.011740314117162703,-0.9285498322673005,-0.3708071033210842
1763658757.5827677,766771.0691877167,3404101.427223375,81.20668949652463,0.01260889415958799,-0.011743981299988496,-0.9285509036967703,-0.37080495403272173
1763658757.5927286,766771.0691877167,3404101.427223375,81.20668949652463,0.012591002052789494,-0.011751226188500882,-0.9285505818977555,-0.3708061383091074
1763658757.603531,766771.0691877167,3404101.427223375,81.20668949652463,0.012611469992641773,-0.011714677284175027,-0.9285505164101164,-0.370806763200536
1763658757.6128137,766769.5556721652,3404102.8082078495,81.16953973285854,0.012548031258996133,-0.011590796510745474,-0.9285549573237446,-0.3708016876677728
1763658757.6225126,766769.5556721652,3404102.8082078495,81.16953973285854,0.012555988574137106,-0.011540319606535674,-0.928556689206576,-0.37079865574733084
1763658757.6327202,766769.5556721652,3404102.8082078495,81.16953973285854,0.01261168077475445,-0.011571360268746028,-0.9285551571009465,-0.3707996350467503
1763658757.6492362,766769.5556721652,3404102.8082078495,81.16953973285854,0.01265996248117821,-0.01161988855721742,-0.9285541388645363,-0.3707990220286895
1763658757.6598728,766769.5556721652,3404102.8082078495,81.16953973285854,0.012624413012924152,-0.01162301632131832,-0.9285527649058505,-0.3708035766728438
1763658757.6628766,766769.5556721652,3404102.8082078495,81.16953973285854,0.01261689809535539,-0.011610788457042385,-0.9285538137818222,-0.37080158897325416
1763658757.6726625,766769.5556721652,3404102.8082078495,81.16953973285854,0.012603645033559381,-0.011598388763041275,-0.9285547056488352,-0.37080019434646216
1763658757.6837585,766769.5556721652,3404102.8082078495,81.16953973285854,0.012560565592464202,-0.01156029589982753,-0.9285550550960995,-0.37080197060720355
1763658757.6927114,766769.5556721652,3404102.8082078495,81.16953973285854,0.01249161146309479,-0.01151648362422545,-0.9285560744275896,-0.37080311068222277
1763658757.7035658,766769.5556721652,3404102.8082078495,81.16953973285854,0.01236880848742261,-0.011484202885727615,-0.9285562700116123,-0.37080773870403866
1763658757.7125928,766768.0417795298,3404104.188522687,81.13466915301979,0.012448898013279511,-0.011516407178798226,-0.9285571501811707,-0.3708018556471496
1763658757.7248645,766768.0417795298,3404104.188522687,81.13466915301979,0.01247741261993289,-0.011473688517797448,-0.9285591653239509,-0.3707971752036362
1763658757.732589,766768.0417795298,3404104.188522687,81.13466915301979,0.012464881666571998,-0.01138598841757836,-0.9285640915776664,-0.3707879634310374
1763658757.7426953,766768.0417795298,3404104.188522687,81.13466915301979,0.012536169327951029,-0.01136121675163259,-0.9285656192501719,-0.37078249413780096
1763658757.752704,766768.0417795298,3404104.188522687,81.13466915301979,0.012526999652591289,-0.011335695281653103,-0.9285673480967698,-0.3707792555425908
1763658757.7625854,766768.0417795298,3404104.188522687,81.13466915301979,0.012462482077896969,-0.011338533335172308,-0.9285661595316506,-0.37078431948358664
1763658757.7727203,766768.0417795298,3404104.188522687,81.13466915301979,0.012434189932060124,-0.011393383779664302,-0.9285618033135534,-0.37079449720008567
1763658757.7825298,766768.0417795298,3404104.188522687,81.13466915301979,0.012398280335478587,-0.011457722706429094,-0.9285599622263059,-0.37079832764642695
1763658757.7925656,766768.0417795298,3404104.188522687,81.13466915301979,0.012422311672972863,-0.011513281529021879,-0.9285585038257336,-0.37079945454928626
1763658757.8034356,766768.0417795298,3404104.188522687,81.13466915301979,0.012481962833736263,-0.011497000293302195,-0.9285632154018465,-0.37078615749601146
1763658757.8126004,766766.5293173252,3404105.5721127284,81.11083968635648,0.012415410785813851,-0.011447701169623643,-0.9285691892304144,-0.3707749567121833
1763658757.8225868,766766.5293173252,3404105.5721127284,81.11083968635648,0.012445754256663302,-0.011478761420811683,-0.9285746967799001,-0.3707591856412236
1763658757.8324928,766766.5293173252,3404105.5721127284,81.11083968635648,0.012573054100402176,-0.011546817540123152,-0.9285777131534327,-0.3707452224237346
1763658757.842552,766766.5293173252,3404105.5721127284,81.11083968635648,0.012421907709128112,-0.011491776363878506,-0.9285831717306265,-0.37073835580306247
1763658757.8526464,766766.5293173252,3404105.5721127284,81.11083968635648,0.012434644163429025,-0.011492179807607234,-0.9285832757129548,-0.3707376558889003
1763658757.86275,766766.5293173252,3404105.5721127284,81.11083968635648,0.0123832950242705,-0.011472837163861986,-0.92858509220316,-0.37073542392089065
1763658757.8726199,766766.5293173252,3404105.5721127284,81.11083968635648,0.012388949731641109,-0.01148127332038989,-0.9285854002621726,-0.37073420223582004
1763658757.88414,766766.5293173252,3404105.5721127284,81.11083968635648,0.012295199812803087,-0.011443428200362087,-0.9285893705144754,-0.3707285489143192
1763658757.892579,766766.5293173252,3404105.5721127284,81.11083968635648,0.012223704544662574,-0.011398897819654726,-0.9285938519832675,-0.37072105987464365
1763658757.903454,766766.5293173252,3404105.5721127284,81.11083968635648,0.012195176827540878,-0.011384491039169968,-0.9285976588885618,-0.37071290634749476
1763658757.9126892,766765.0178029244,3404106.9512035353,81.07521668635309,0.012220812558777478,-0.011383729619910353,-0.9286041228180879,-0.3706958935914906
1763658757.9225707,766765.0178029244,3404106.9512035353,81.07521668635309,0.01213986664003006,-0.011343063424166933,-0.9286117444818451,-0.3706807070249298
1763658757.9325948,766765.0178029244,3404106.9512035353,81.07521668635309,0.011983672680920182,-0.01128980584801609,-0.9286196744596313,-0.37066754926683154
1763658757.942597,766765.0178029244,3404106.9512035353,81.07521668635309,0.011964232636706972,-0.011347001440306745,-0.9286240524606008,-0.3706554625084862
1763658757.9525595,766765.0178029244,3404106.9512035353,81.07521668635309,0.011952446372747099,-0.011443708995248386,-0.9286232746831578,-0.37065481821617724
1763658757.962603,766765.0178029244,3404106.9512035353,81.07521668635309,0.011921065029284141,-0.011535149107131923,-0.9286233711468646,-0.37065275272615567
1763658757.9725053,766765.0178029244,3404106.9512035353,81.07521668635309,0.01193887044580583,-0.011619040762093092,-0.9286241362952927,-0.37064764231554015
1763658757.9826815,766765.0178029244,3404106.9512035353,81.07521668635309,0.011916952716795116,-0.011693658982096303,-0.9286257939806442,-0.3706418477875562
1763658757.992645,766765.0178029244,3404106.9512035353,81.07521668635309,0.011974878760465324,-0.011797325110132555,-0.9286290196943452,-0.37062861354789833
1763658758.005259,766765.0178029244,3404106.9512035353,81.07521668635309,0.011920974497139686,-0.011868810295601225,-0.9286280167445689,-0.37063058188208664
1763658758.01322,766765.0178029244,3404106.9512035353,81.07521668635309,0.011875509946499172,-0.01193336046284207,-0.9286306008190808,-0.37062349412033746
1763658758.0261812,766763.5087936197,3404108.336827985,81.0477583706379,0.011809558355363518,-0.012029561022441567,-0.9286311704995004,-0.3706210641204657
1763658758.033018,766763.5087936197,3404108.336827985,81.0477583706379,0.01177580489185676,-0.012139532096313679,-0.9286301337360867,-0.37062115009390567
1763658758.047768,766763.5087936197,3404108.336827985,81.0477583706379,0.011666024009718666,-0.012214832541401932,-0.9286295969334594,-0.37062349284548973
1763658758.052854,766763.5087936197,3404108.336827985,81.0477583706379,0.011693945161600302,-0.01232304457010533,-0.9286247801763751,-0.37063109942564126
1763658758.062781,766763.5087936197,3404108.336827985,81.0477583706379,0.01171750981654918,-0.012379646935749921,-0.9286248553939003,-0.3706282804240701
1763658758.0726864,766763.5087936197,3404108.336827985,81.0477583706379,0.01168868779884615,-0.012428072448585806,-0.9286246990348725,-0.37062796162074174
1763658758.0830486,766763.5087936197,3404108.336827985,81.0477583706379,0.01178144393553271,-0.012479883280837946,-0.9286264465436349,-0.3706189051732681
1763658758.0927894,766763.5087936197,3404108.336827985,81.0477583706379,0.011795082216094028,-0.012485539279063516,-0.9286283339139048,-0.3706135518254993
1763658758.1036742,766763.5087936197,3404108.336827985,81.0477583706379,0.011711620220712038,-0.012486976577907453,-0.9286291388631662,-0.3706141333273771
1763658758.1159344,766761.996104025,3404109.7164477194,81.01612889301032,0.011774679723031707,-0.012548335857104504,-0.9286264927844756,-0.37061669293684224
1763658758.1228507,766761.996104025,3404109.7164477194,81.01612889301032,0.011608146212644757,-0.012535926695077856,-0.9286260694521115,-0.37062342696775624
1763658758.1327994,766761.996104025,3404109.7164477194,81.01612889301032,0.011599129102530005,-0.012566941813859553,-0.9286246791135564,-0.3706261425193237
1763658758.1428213,766761.996104025,3404109.7164477194,81.01612889301032,0.011583734377227907,-0.012599369078688737,-0.9286241868448482,-0.3706267564591652
1763658758.1558533,766761.996104025,3404109.7164477194,81.01612889301032,0.011406651195266966,-0.012588985767878494,-0.9286282126138398,-0.3706225148091667
1763658758.1633942,766761.996104025,3404109.7164477194,81.01612889301032,0.011423893493745004,-0.0126737507712262,-0.9286268908803269,-0.3706224065444099
1763658758.1727765,766761.996104025,3404109.7164477194,81.01612889301032,0.011354611706258061,-0.012681422467151916,-0.9286304915648309,-0.37061525124213435
1763658758.1828387,766761.996104025,3404109.7164477194,81.01612889301032,0.01120757223950462,-0.012676887419602174,-0.9286336846251597,-0.3706118813925777
1763658758.1927247,766761.996104025,3404109.7164477194,81.01612889301032,0.01116768973044838,-0.01271786282704668,-0.9286340791838731,-0.37061069284293063
1763658758.2035384,766761.996104025,3404109.7164477194,81.01612889301032,0.011053738523480279,-0.012726933134699376,-0.9286342264952983,-0.37061342854667056
1763658758.2128243,766760.4869331111,3404111.0957977506,80.98646528739482,0.01091985517451137,-0.012741035181618982,-0.9286288552616933,-0.3706303710718079
1763658758.2231402,766760.4869331111,3404111.0957977506,80.98646528739482,0.010882772825404164,-0.012753607861812536,-0.9286256907846036,-0.3706389579590301
1763658758.2327375,766760.4869331111,3404111.0957977506,80.98646528739482,0.010641262190049029,-0.012679486537144694,-0.928624070656408,-0.37065257257663775
1763658758.2428584,766760.4869331111,3404111.0957977506,80.98646528739482,0.010623174121933225,-0.012659615529189514,-0.9286203403970144,-0.3706631161946945
1763658758.2527165,766760.4869331111,3404111.0957977506,80.98646528739482,0.010556020591451092,-0.01261668422652985,-0.9286171222972296,-0.3706745606118838
1763658758.2626817,766760.4869331111,3404111.0957977506,80.98646528739482,0.010379362179434302,-0.012571512219058296,-0.9286119551456116,-0.37069402838718485
1763658758.2727687,766760.4869331111,3404111.0957977506,80.98646528739482,0.0103341820590688,-0.012590310410531028,-0.9286061229253055,-0.3707092624019105
1763658758.2829328,766760.4869331111,3404111.0957977506,80.98646528739482,0.010192002694770795,-0.01259353056824077,-0.9285981069980653,-0.37073316785594745
1763658758.2926404,766760.4869331111,3404111.0957977506,80.98646528739482,0.010124406896155838,-0.012601901042506077,-0.9285930742306095,-0.370747341144966
1763658758.3034945,766760.4869331111,3404111.0957977506,80.98646528739482,0.010003993784577822,-0.012600164211373307,-0.9285900083992099,-0.3707583475410366
1763658758.315779,766758.97746062,3404112.474920125,80.95374660938978,0.009916955815253934,-0.0126336834618994,-0.9285858769855708,-0.37076989237596025
1763658758.3227055,766758.97746062,3404112.474920125,80.95374660938978,0.009885329756615397,-0.012688691991911593,-0.9285809984666413,-0.37078107642897923
1763658758.3326976,766758.97746062,3404112.474920125,80.95374660938978,0.009814395181324896,-0.01273460091524931,-0.9285754934650949,-0.3707951732733442
1763658758.3427985,766758.97746062,3404112.474920125,80.95374660938978,0.009728072472923347,-0.012741370302050177,-0.9285723881909287,-0.37080499184636484
1763658758.3526356,766758.97746062,3404112.474920125,80.95374660938978,0.009677875098257412,-0.01274843063368156,-0.9285683993849774,-0.3708160513159888
1763658758.3677917,766758.97746062,3404112.474920125,80.95374660938978,0.009624286685524227,-0.012736572084411039,-0.9285655808058553,-0.3708249114879124
1763658758.3725295,766758.97746062,3404112.474920125,80.95374660938978,0.009565194094178768,-0.012711459102849052,-0.9285646978179211,-0.3708295131670752
1763658758.3825424,766758.97746062,3404112.474920125,80.95374660938978,0.00950381719275881,-0.012680134290249204,-0.928561958391427,-0.37083902313729816
1763658758.3924851,766758.97746062,3404112.474920125,80.95374660938978,0.009475556279174993,-0.01266674820594946,-0.9285604354723884,-0.3708440170724283
1763658758.4034064,766758.97746062,3404112.474920125,80.95374660938978,0.009463477689691127,-0.012675954602633925,-0.9285594187769951,-0.37084655663152316
1763658758.4126318,766757.4710431164,3404113.8537225346,80.93316077347845,0.009420127896951468,-0.012667757520000171,-0.9285629315954973,-0.3708391446120477
1763658758.4228907,766757.4710431164,3404113.8537225346,80.93316077347845,0.009352846314528339,-0.012683669856959288,-0.9285649675793534,-0.3708352056764988
1763658758.4329627,766757.4710431164,3404113.8537225346,80.93316077347845,0.009434866436355008,-0.012780938905359312,-0.9285621415483188,-0.3708368646443137
1763658758.4428601,766757.4710431164,3404113.8537225346,80.93316077347845,0.00936586612475249,-0.012838159223788052,-0.9285596009814169,-0.37084299864593584
1763658758.455783,766757.4710431164,3404113.8537225346,80.93316077347845,0.009327490370271285,-0.012902457532211874,-0.9285547280204811,-0.37085393564560215
1763658758.4638147,766757.4710431164,3404113.8537225346,80.93316077347845,0.009290824907501294,-0.012900167580431436,-0.928554118655087,-0.37085646142087086
1763658758.472743,766757.4710431164,3404113.8537225346,80.93316077347845,0.009181521627633284,-0.012888369451212666,-0.9285547344429681,-0.37085805200512933
1763658758.4826114,766757.4710431164,3404113.8537225346,80.93316077347845,0.009182704081809106,-0.0129398716636287,-0.9285561494460286,-0.3708526863770027
1763658758.4926226,766757.4710431164,3404113.8537225346,80.93316077347845,0.009183218990852208,-0.012989864546160228,-0.9285555622224682,-0.3708523962087266
1763658758.5036032,766757.4710431164,3404113.8537225346,80.93316077347845,0.009093213031740906,-0.012995651766607635,-0.9285530148405912,-0.37086078943772066
1763658758.5127673,766755.961829318,3404115.2346307626,80.90916659589857,0.009078859498227556,-0.013044839746553578,-0.9285478705966159,-0.3708722940267826
1763658758.5228693,766755.961829318,3404115.2346307626,80.90916659589857,0.009024463495784889,-0.013087965116742588,-0.9285430656706937,-0.3708841320717103
1763658758.5327637,766755.961829318,3404115.2346307626,80.90916659589857,0.009007242280417039,-0.013157915171806108,-0.9285401433983644,-0.37088939180378044
1763658758.5426676,766755.961829318,3404115.2346307626,80.90916659589857,0.009021549596710273,-0.013241822945070463,-0.9285354440836222,-0.37089782265254134
1763658758.5526872,766755.961829318,3404115.2346307626,80.90916659589857,0.008939828759825125,-0.01330827811565143,-0.9285326062805712,-0.3709045271618442
1763658758.5625823,766755.961829318,3404115.2346307626,80.90916659589857,0.008872418925818042,-0.013404588850784695,-0.9285263177661038,-0.37091842013556897
1763658758.5725572,766755.961829318,3404115.2346307626,80.90916659589857,0.008836788835419822,-0.013478373743565386,-0.9285232988251878,-0.3709241541651043
1763658758.5826209,766755.961829318,3404115.2346307626,80.90916659589857,0.008740987668085171,-0.013504996066655575,-0.9285191758830038,-0.3709357764268274
1763658758.595752,766755.961829318,3404115.2346307626,80.90916659589857,0.00869231209915629,-0.013552388972058755,-0.9285173891087979,-0.37093966434731973
1763658758.6035,766755.961829318,3404115.2346307626,80.90916659589857,0.008613129453658152,-0.013637097282036138,-0.9285129193259617,-0.3709495952599422
1763658758.6158597,766754.4556250763,3404116.6122822342,80.8864232217893,0.00850236864355313,-0.013739245402529347,-0.92851063035956,-0.37095411060198624
1763658758.6225457,766754.4556250763,3404116.6122822342,80.8864232217893,0.008352707071269842,-0.013830686019689061,-0.9285094345292665,-0.37095710587472014
1763658758.632673,766754.4556250763,3404116.6122822342,80.8864232217893,0.008254841095846859,-0.013938338533801381,-0.9285062235767809,-0.370963304245291
1763658758.6426535,766754.4556250763,3404116.6122822342,80.8864232217893,0.008225435694642118,-0.01404333888633136,-0.9285055408808995,-0.3709617061018902
1763658758.6526444,766754.4556250763,3404116.6122822342,80.8864232217893,0.008239302753602951,-0.014149055388094934,-0.9285027367133141,-0.3709643999599497
1763658758.6625993,766754.4556250763,3404116.6122822342,80.8864232217893,0.008307092438184943,-0.014230632942459572,-0.9285041597902589,-0.3709562057082555
1763658758.6725504,766754.4556250763,3404116.6122822342,80.8864232217893,0.008217870240011381,-0.014255774098904246,-0.9285059006798426,-0.37095287020897083
1763658758.6877503,766754.4556250763,3404116.6122822342,80.8864232217893,0.008256934267277714,-0.014318228711072956,-0.9285104422913619,-0.37093822924980757
1763658758.6957788,766754.4556250763,3404116.6122822342,80.8864232217893,0.008287893823205569,-0.01436994440067755,-0.9285146086777487,-0.37092510967296866
1763658758.703418,766754.4556250763,3404116.6122822342,80.8864232217893,0.008266132089512414,-0.014409321363680111,-0.9285151057031851,-0.3709228235079642
1763658758.7126756,766752.950011364,3404117.996776267,80.86574475932866,0.008346734245854515,-0.014487389883281077,-0.9285160908250596,-0.3709155114588076
1763658758.7226183,766752.950011364,3404117.996776267,80.86574475932866,0.008313000179204947,-0.014527797497929902,-0.9285134287568295,-0.3709213525076651
1763658758.7326763,766752.950011364,3404117.996776267,80.86574475932866,0.008365693365304933,-0.014573381054781573,-0.9285146561946112,-0.3709153070054574
1763658758.7427013,766752.950011364,3404117.996776267,80.86574475932866,0.008354961805062124,-0.014642465328123258,-0.9285140400812195,-0.37091437043393505
1763658758.7529306,766752.950011364,3404117.996776267,80.86574475932866,0.00847166077877984,-0.01477608244416798,-0.928511613617448,-0.3709124987497396
1763658758.7626457,766752.950011364,3404117.996776267,80.86574475932866,0.008503312392671127,-0.014854167078299068,-0.9285128695847527,-0.3709055114368761
1763658758.7726173,766752.950011364,3404117.996776267,80.86574475932866,0.00844957348890815,-0.014891713611810471,-0.9285117626010717,-0.370908005150887
1763658758.7826216,766752.950011364,3404117.996776267,80.86574475932866,0.008349821880678551,-0.014908786738196043,-0.928512881651819,-0.37090677691192303
1763658758.792653,766752.950011364,3404117.996776267,80.86574475932866,0.00818526999133349,-0.014957301697179296,-0.9285079192110615,-0.3709209140011567
1763658758.8034606,766752.950011364,3404117.996776267,80.86574475932866,0.008122098512520808,-0.015053215705333217,-0.9284992448605004,-0.3709401360141043
1763658758.8126998,766751.4469112775,3404119.376535529,80.85349450074136,0.008117472560802195,-0.015129433938625599,-0.9284911637490172,-0.3709573637332426
1763658758.8228042,766751.4469112775,3404119.376535529,80.85349450074136,0.008002144585722843,-0.01513247958733143,-0.9284860190396775,-0.3709726218892974
1763658758.8329298,766751.4469112775,3404119.376535529,80.85349450074136,0.007982166027111243,-0.015111344500724119,-0.9284843283358878,-0.3709781453503044
1763658758.8428152,766751.4469112775,3404119.376535529,80.85349450074136,0.00785970904949394,-0.015074253887834942,-0.9284833771854559,-0.37098464945826637
1763658758.8529885,766751.4469112775,3404119.376535529,80.85349450074136,0.007726872310339181,-0.015052011643782991,-0.928479123090193,-0.37099898972293904
1763658758.866855,766751.4469112775,3404119.376535529,80.85349450074136,0.0077058455054275525,-0.015081343090070231,-0.9284732681971197,-0.3710128882923142
1763658758.8726027,766751.4469112775,3404119.376535529,80.85349450074136,0.007615527699583064,-0.015092195769153091,-0.9284676565403426,-0.37102835487763836
1763658758.8837569,766751.4469112775,3404119.376535529,80.85349450074136,0.007630542801934396,-0.015084593207429144,-0.9284623882343017,-0.3710415387777638
1763658758.8929281,766751.4469112775,3404119.376535529,80.85349450074136,0.007627509619551047,-0.01504222298934544,-0.9284602386707574,-0.3710487000812461
1763658758.903444,766751.4469112775,3404119.376535529,80.85349450074136,0.007529087960634066,-0.014970376064309005,-0.9284575307688767,-0.37106039162585724
1763658758.912581,766749.9424930336,3404120.752925064,80.8301515141502,0.007486461749973649,-0.014957194750783843,-0.928453950884166,-0.3710707429901148
1763658758.9225276,766749.9424930336,3404120.752925064,80.8301515141502,0.007427105642720979,-0.0149469728175186,-0.9284507507865188,-0.37108035446425053
1763658758.932734,766749.9424930336,3404120.752925064,80.8301515141502,0.007372776679485744,-0.014927518137565383,-0.9284467005152439,-0.3710923546351285
1763658758.9427536,766749.9424930336,3404120.752925064,80.8301515141502,0.007391721965128478,-0.014911448380871536,-0.9284444221533042,-0.3710983240678834
1763658758.9528759,766749.9424930336,3404120.752925064,80.8301515141502,0.007331975734802254,-0.014878401025439523,-0.9284410506815084,-0.3711092705985228
1763658758.9629145,766749.9424930336,3404120.752925064,80.8301515141502,0.0072270515086516616,-0.014844116394019925,-0.928434130512147,-0.3711300139238614
1763658758.9727864,766749.9424930336,3404120.752925064,80.8301515141502,0.007148649741217894,-0.014883069375626293,-0.928429247839917,-0.3711421867805433
1763658758.982643,766749.9424930336,3404120.752925064,80.8301515141502,0.006988010485881934,-0.014925831965253518,-0.9284227461356052,-0.3711597926872141
1763658758.9926867,766749.9424930336,3404120.752925064,80.8301515141502,0.007045112206450102,-0.01498664452651699,-0.9284210715929491,-0.37116045142503323
1763658759.0048795,766749.9424930336,3404120.752925064,80.8301515141502,0.00696076378409148,-0.014918465457672914,-0.9284216952699624,-0.3711632294664699
1763658759.0130658,766749.9424930336,3404120.752925064,80.8301515141502,0.006970125100715985,-0.014839651951141928,-0.928421526037064,-0.37116663653547666
1763658759.0261776,766748.4411704615,3404122.131690096,80.81326821260154,0.006926718614195188,-0.014749485685090897,-0.9284230296783254,-0.37116728196890436
1763658759.0329888,766748.4411704615,3404122.131690096,80.81326821260154,0.006794933367040007,-0.014732978969165311,-0.9284161941519149,-0.37118747102738436
1763658759.0426211,766748.4411704615,3404122.131690096,80.81326821260154,0.006846568596803394,-0.014810342215147907,-0.9284069864691848,-0.37120647318860994
1763658759.0536954,766748.4411704615,3404122.131690096,80.81326821260154,0.006763386334242422,-0.014871849751348275,-0.928399405423803,-0.3712244990554853
1763658759.0628414,766748.4411704615,3404122.131690096,80.81326821260154,0.006790870908655793,-0.014933331842290112,-0.9283922565777551,-0.371239407389428
1763658759.0726435,766748.4411704615,3404122.131690096,80.81326821260154,0.006719479965706435,-0.014909369017745887,-0.9283903681915096,-0.37124639197400466
1763658759.0833719,766748.4411704615,3404122.131690096,80.81326821260154,0.006568317329047103,-0.014796822311951648,-0.9283886796848222,-0.37125782239571253
1763658759.092901,766748.4411704615,3404122.131690096,80.81326821260154,0.006517900421602128,-0.014740415305692174,-0.9283886004426116,-0.3712611529623299
1763658759.1035256,766748.4411704615,3404122.131690096,80.81326821260154,0.006423450216097731,-0.014757094174449752,-0.9283866846769209,-0.3712669271204253
1763658759.112934,766746.9318285692,3404123.5047593876,80.79140672273934,0.0064667191875728575,-0.014903375309691966,-0.9283786090944218,-0.37128052618368534
1763658759.122799,766746.9318285692,3404123.5047593876,80.79140672273934,0.006486290111475231,-0.014980881701767278,-0.9283727827363668,-0.37129163402689563
1763658759.1327507,766746.9318285692,3404123.5047593876,80.79140672273934,0.006349404089242246,-0.014948959637172545,-0.9283685369103238,-0.37130590265771757
1763658759.142854,766746.9318285692,3404123.5047593876,80.79140672273934,0.006331236252410788,-0.014964247429942457,-0.9283615929675517,-0.3713229584191117
1763658759.1527617,766746.9318285692,3404123.5047593876,80.79140672273934,0.006143083687892295,-0.014970060539534433,-0.928353435852616,-0.371346277685517
1763658759.1626403,766746.9318285692,3404123.5047593876,80.79140672273934,0.006092598014691203,-0.015036680819611037,-0.9283421149081196,-0.3713727186631786
1763658759.1726253,766746.9318285692,3404123.5047593876,80.79140672273934,0.006082850477153044,-0.015075713828153394,-0.928340083577261,-0.371376373785959
1763658759.1827655,766746.9318285692,3404123.5047593876,80.79140672273934,0.005906664456935188,-0.015067702653730926,-0.9283381302744304,-0.3713844255354643
1763658759.192615,766746.9318285692,3404123.5047593876,80.79140672273934,0.006035027108743276,-0.015170560144381994,-0.9283310141070696,-0.3713959622823628
1763658759.2036588,766746.9318285692,3404123.5047593876,80.79140672273934,0.005970313204707197,-0.015180993765993314,-0.9283284330570298,-0.371403033329554
1763658759.2132092,766745.4349282833,3404124.874385295,80.78047824278474,0.005856564404203654,-0.015231216932837202,-0.9283213309135847,-0.3714205396245003
1763658759.2239997,766745.4349282833,3404124.874385295,80.78047824278474,0.005815514839786261,-0.015320760651972349,-0.9283181367430213,-0.3714254852243696
1763658759.232986,766745.4349282833,3404124.874385295,80.78047824278474,0.005802979063795174,-0.015384475228100582,-0.9283162468128633,-0.37142777125468146
1763658759.242937,766745.4349282833,3404124.874385295,80.78047824278474,0.005773218559676533,-0.015419147572751462,-0.9283157088495375,-0.37142814182392403
1763658759.252932,766745.4349282833,3404124.874385295,80.78047824278474,0.005928875887327249,-0.015470326706195614,-0.9283172531102375,-0.37141970195478236
1763658759.2628808,766745.4349282833,3404124.874385295,80.78047824278474,0.005855955957899792,-0.015475031554812543,-0.9283163013899719,-0.3714230414929039
1763658759.2729423,766745.4349282833,3404124.874385295,80.78047824278474,0.005989096769425903,-0.015582062146421775,-0.9283102832081015,-0.37143148513453467
1763658759.2832842,766745.4349282833,3404124.874385295,80.78047824278474,0.006086471383049774,-0.015710291422318237,-0.9283024510801724,-0.37144407510158667
1763658759.2929027,766745.4349282833,3404124.874385295,80.78047824278474,0.006068759849669012,-0.015798329365701008,-0.928291880642367,-0.37146704736301595
1763658759.3035715,766745.4349282833,3404124.874385295,80.78047824278474,0.006064994833725057,-0.015888530110833007,-0.9282827700513216,-0.37148602837042105
1763658759.3129601,766743.9399659227,3404126.258220104,80.76887593511492,0.005929345537879285,-0.015924115768309915,-0.9282769893731546,-0.37150113916218624
1763658759.3226867,766743.9399659227,3404126.258220104,80.76887593511492,0.005950990806285976,-0.015975472187139877,-0.9282721163877303,-0.37151076422341467
1763658759.3326757,766743.9399659227,3404126.258220104,80.76887593511492,0.005925492759443651,-0.01602983713065318,-0.9282715710837957,-0.3715101925583527
1763658759.3425665,766743.9399659227,3404126.258220104,80.76887593511492,0.006005847982455822,-0.016141155449688572,-0.9282631482664614,-0.37152512763095585
1763658759.3525407,766743.9399659227,3404126.258220104,80.76887593511492,0.006110280644950578,-0.016247550117962695,-0.9282589752098309,-0.3715292135593089
1763658759.3627832,766743.9399659227,3404126.258220104,80.76887593511492,0.0060907101808286394,-0.016268453009437446,-0.92825078288235,-0.37154908796076597
1763658759.372749,766743.9399659227,3404126.258220104,80.76887593511492,0.0062125220952167996,-0.01631304579408962,-0.9282452536822441,-0.3715589295421693
1763658759.3827844,766743.9399659227,3404126.258220104,80.76887593511492,0.005945607763698357,-0.016291308245681736,-0.928236208968386,-0.37158684500929695
1763658759.392974,766743.9399659227,3404126.258220104,80.76887593511492,0.005945118242878655,-0.01637777919289776,-0.9282232619682256,-0.37161539238687846
1763658759.4036605,766743.9399659227,3404126.258220104,80.76887593511492,0.005816783871762509,-0.016404428339546282,-0.9282172213627118,-0.37163133576426016
1763658759.412916,766742.435532087,3404127.638738585,80.76258882880211,0.0056908368373177805,-0.01640608900615173,-0.928214609749505,-0.3716397353179385
1763658759.4225886,766742.435532087,3404127.638738585,80.76258882880211,0.005798034312052623,-0.01647052316816601,-0.928216872631904,-0.37162957636083105
1763658759.4325466,766742.435532087,3404127.638738585,80.76258882880211,0.005688884150738766,-0.016407833105066216,-0.9282185063165707,-0.37162995592571724
1763658759.4425185,766742.435532087,3404127.638738585,80.76258882880211,0.005703888871917985,-0.016361527551287527,-0.9282172473923787,-0.3716349118573783
1763658759.4525638,766742.435532087,3404127.638738585,80.76258882880211,0.00574057096779369,-0.01632459785100344,-0.9282165574794479,-0.3716376942278184
1763658759.4625897,766742.435532087,3404127.638738585,80.76258882880211,0.005709893989109477,-0.016263744962637893,-0.9282178518551514,-0.37163760198321094
1763658759.472552,766742.435532087,3404127.638738585,80.76258882880211,0.005759576136434456,-0.016191456336570757,-0.92822004229391,-0.37163452087813575
1763658759.4825735,766742.435532087,3404127.638738585,80.76258882880211,0.005744431798212585,-0.01609027163153448,-0.9282251878369432,-0.37162629794890806
1763658759.4926598,766742.435532087,3404127.638738585,80.76258882880211,0.0057509800665894355,-0.01604631071288388,-0.9282244985245829,-0.37162981914744886
1763658759.5035987,766742.435532087,3404127.638738585,80.76258882880211,0.005871707867681563,-0.01605321248162037,-0.9282174594680217,-0.3716452143570099
1763658759.5128698,766740.9471852058,3404128.99710498,80.78180679492652,0.00573995242324535,-0.01596027285568244,-0.9282110627846673,-0.37166725112755034
1763658759.522615,766740.9471852058,3404128.99710498,80.78180679492652,0.005846553429564265,-0.015918381805264947,-0.9282013153153916,-0.37169172869526423
1763658759.532537,766740.9471852058,3404128.99710498,80.78180679492652,0.005846455389452552,-0.015794862710136855,-0.9281997353568758,-0.3717009450549901
1763658759.5488431,766740.9471852058,3404128.99710498,80.78180679492652,0.0060838580406976615,-0.01570994381053572,-0.9281986918536287,-0.37170333974558656
1763658759.5526094,766740.9471852058,3404128.99710498,80.78180679492652,0.006124656487975479,-0.015564124291487428,-0.9281950664386734,-0.37171785705942356
1763658759.5627072,766740.9471852058,3404128.99710498,80.78180679492652,0.006285528001656787,-0.01543577617544476,-0.9281900964887304,-0.37173293334306984
1763658759.5727174,766740.9471852058,3404128.99710498,80.78180679492652,0.006302214685809353,-0.015293727498287127,-0.9281787497559375,-0.37176685232920786
1763658759.5826824,766740.9471852058,3404128.99710498,80.78180679492652,0.0063308629847724915,-0.015142892096675404,-0.9281670636548096,-0.37180171454583855
1763658759.5926306,766740.9471852058,3404128.99710498,80.78180679492652,0.006402069715979454,-0.015053334319557878,-0.9281538301460059,-0.37183716626302266
1763658759.6034672,766740.9471852058,3404128.99710498,80.78180679492652,0.00638401120881212,-0.014935165851476875,-0.9281349992073595,-0.37188924220556546
1763658759.6126401,766739.4412316834,3404130.3700407306,80.74733967613429,0.006579496193135885,-0.01487448821279751,-0.9281216551460711,-0.3719215684511573
1763658759.6226032,766739.4412316834,3404130.3700407306,80.74733967613429,0.0065484176909094685,-0.01475058933586823,-0.9281070352078087,-0.3719635325374805
1763658759.63617,766739.4412316834,3404130.3700407306,80.74733967613429,0.006696914013353261,-0.014642039761788513,-0.9280960012381207,-0.3719927075899771
1763658759.6438015,766739.4412316834,3404130.3700407306,80.74733967613429,0.006774944538918429,-0.014481750699648828,-0.9280860748984773,-0.37202233347301356
1763658759.6533873,766739.4412316834,3404130.3700407306,80.74733967613429,0.006852810630159498,-0.014321759089839913,-0.9280746229064174,-0.37205566857682904
1763658759.6625447,766739.4412316834,3404130.3700407306,80.74733967613429,0.006993323148452752,-0.01418949466022132,-0.9280642257421496,-0.3720840557861259
1763658759.672796,766739.4412316834,3404130.3700407306,80.74733967613429,0.006980722703489232,-0.013982963957900076,-0.9280521072141819,-0.3721223354285603
1763658759.682978,766739.4412316834,3404130.3700407306,80.74733967613429,0.007034204807040679,-0.013794927649318238,-0.9280351919118058,-0.3721705287997699
1763658759.6928282,766739.4412316834,3404130.3700407306,80.74733967613429,0.006976857627396487,-0.013602780035873108,-0.9280226153492408,-0.3722100391355636
1763658759.703547,766739.4412316834,3404130.3700407306,80.74733967613429,0.006973434552125785,-0.013434942757860623,-0.9280083520724784,-0.3722517589043245
1763658759.7128477,766737.9257496459,3404131.7369008376,80.71615223493427,0.007123769814103044,-0.013258587885606948,-0.9280006637222526,-0.3722744013251164
1763658759.7226956,766737.9257496459,3404131.7369008376,80.71615223493427,0.007030930756314796,-0.013022420429395313,-0.9279965035782228,-0.3722948722792912
1763658759.732849,766737.9257496459,3404131.7369008376,80.71615223493427,0.007117969582605344,-0.012953358610522759,-0.9279856776043076,-0.37232261168374187
1763658759.7427363,766737.9257496459,3404131.7369008376,80.71615223493427,0.0070939656240135126,-0.012864763043213236,-0.9279772018668093,-0.37234726578694544
1763658759.7526126,766737.9257496459,3404131.7369008376,80.71615223493427,0.006972784360035972,-0.012778997439822781,-0.927960973691826,-0.3723929494601368
1763658759.7626486,766737.9257496459,3404131.7369008376,80.71615223493427,0.007041017409845012,-0.012752636977186595,-0.927952933793211,-0.3724126031548003
1763658759.7727714,766737.9257496459,3404131.7369008376,80.71615223493427,0.006824718080031971,-0.01262581490810664,-0.9279456769625183,-0.37243903209466106
1763658759.7954996,766737.9257496459,3404131.7369008376,80.71615223493427,0.006980533466751563,-0.01252853095842436,-0.9279442917151224,-0.3724428809064054
1763658759.7956197,766737.9257496459,3404131.7369008376,80.71615223493427,0.006874313948458318,-0.012361715415288037,-0.9279486301474151,-0.3724396214250913
1763658759.803498,766737.9257496459,3404131.7369008376,80.71615223493427,0.006850726935086054,-0.012337887429290829,-0.9279456394461515,-0.37244829749525793
1763658759.8127506,766736.4379981614,3404133.106795295,80.70038848463446,0.006959495253108043,-0.012407401946596387,-0.9279470780622818,-0.3724403873352495
1763658759.8225849,766736.4379981614,3404133.106795295,80.70038848463446,0.006779250073590616,-0.01233882578503242,-0.927946058934312,-0.37244852913518744
1763658759.8325844,766736.4379981614,3404133.106795295,80.70038848463446,0.006845492386327003,-0.012330814175382825,-0.927947606854088,-0.3724437262050898
1763658759.842625,766736.4379981614,3404133.106795295,80.70038848463446,0.006831714977561718,-0.012281856848320631,-0.9279482035355479,-0.37244411019369356
1763658759.8526127,766736.4379981614,3404133.106795295,80.70038848463446,0.006947242554080846,-0.012261822449271641,-0.9279496294728418,-0.3724390805116092
1763658759.8626957,766736.4379981614,3404133.106795295,80.70038848463446,0.006941789469840977,-0.012222304294419721,-0.927955060014679,-0.3724269504612206
1763658759.8727157,766736.4379981614,3404133.106795295,80.70038848463446,0.006823144924385207,-0.01222787125942584,-0.9279584239157965,-0.37242057856879324
1763658759.88778,766736.4379981614,3404133.106795295,80.70038848463446,0.0069526602920288744,-0.012394811029841631,-0.9279587656528959,-0.3724118129468397
1763658759.8957667,766736.4379981614,3404133.106795295,80.70038848463446,0.00695160851710541,-0.012491798189664529,-0.9279574336593568,-0.37241191097137877
1763658759.9038355,766736.4379981614,3404133.106795295,80.70038848463446,0.006929029494247341,-0.012572943966887327,-0.927955674249586,-0.3724139850465734
1763658759.9125724,766734.9285513482,3404134.4586543893,80.67288572248071,0.006801852603100494,-0.012607046214773206,-0.927954192553315,-0.3724188686272884
1763658759.9225483,766734.9285513482,3404134.4586543893,80.67288572248071,0.0067434738273509905,-0.012677553939297953,-0.9279555835037944,-0.37241407093581796
1763658759.9326637,766734.9285513482,3404134.4586543893,80.67288572248071,0.006825476248526571,-0.012821734017407573,-0.9279588023941506,-0.37239962012599004
1763658759.942684,766734.9285513482,3404134.4586543893,80.67288572248071,0.006695674568518512,-0.01293061481044933,-0.9279629673082634,-0.3723878333768961
1763658759.9527526,766734.9285513482,3404134.4586543893,80.67288572248071,0.0068096821351367465,-0.01312460032410157,-0.9279645281462527,-0.3723750899266136
1763658759.9629014,766734.9285513482,3404134.4586543893,80.67288572248071,0.006649845201971708,-0.01318777038471075,-0.9279644384484673,-0.3723759702855311
1763658759.9798489,766734.9285513482,3404134.4586543893,80.67288572248071,0.006671577516482316,-0.013303015210203403,-0.9279609929185149,-0.37238006856092964
1763658759.9842577,766734.9285513482,3404134.4586543893,80.67288572248071,0.006495758749012236,-0.013345760804099792,-0.9279574474220796,-0.3723904826398397
1763658759.992734,766734.9285513482,3404134.4586543893,80.67288572248071,0.006268785547223394,-0.013366050251840966,-0.9279567053072351,-0.3723954942044401
1763658760.005179,766734.9285513482,3404134.4586543893,80.67288572248071,0.006189807147073507,-0.013463429491502405,-0.9279609983781014,-0.3723826094797214
1763658760.0127566,766734.9285513482,3404134.4586543893,80.67288572248071,0.006086195455881792,-0.013602249707118942,-0.9279666366099539,-0.3723652217468596
1763658760.0264153,766733.4697230412,3404135.858743872,80.72809584531933,0.006162367773528595,-0.01376238366524431,-0.9279729483069354,-0.37234235486955825
1763658760.033593,766733.4697230412,3404135.858743872,80.72809584531933,0.006036444389653835,-0.013745354701887043,-0.927985303328688,-0.3723142535133634
1763658760.0427732,766733.4697230412,3404135.858743872,80.72809584531933,0.005974421217649859,-0.013684382823595482,-0.927998676474305,-0.37228416622224186
1763658760.0548007,766733.4697230412,3404135.858743872,80.72809584531933,0.006069603230414913,-0.013689019950064989,-0.92801395359198,-0.3722443721374633
1763658760.062713,766733.4697230412,3404135.858743872,80.72809584531933,0.006004841419899137,-0.013706387174761856,-0.9280246955010307,-0.3722180024802083
1763658760.0750291,766733.4697230412,3404135.858743872,80.72809584531933,0.006048667124525383,-0.013752841131530814,-0.928037152028709,-0.3721845206900347
1763658760.0845711,766733.4697230412,3404135.858743872,80.72809584531933,0.005765508908486467,-0.013705191187141919,-0.9280499383803223,-0.3721588888013156
1763658760.092719,766733.4697230412,3404135.858743872,80.72809584531933,0.0057803484464796495,-0.013762384330857046,-0.9280570810450073,-0.3721387357849054
1763658760.1035938,766733.4697230412,3404135.858743872,80.72809584531933,0.005770671176276867,-0.013798245695188921,-0.9280625134642788,-0.3721240100722822
1763658760.1129074,766731.9695987637,3404137.21798193,80.67270774394274,0.005784008226773965,-0.013777836837804897,-0.9280676368740459,-0.3721117813882375
1763658760.122814,766731.9695987637,3404137.21798193,80.67270774394274,0.005754744155317678,-0.013756874349452459,-0.9280762545427429,-0.37209151707846516
1763658760.132816,766731.9695987637,3404137.21798193,80.67270774394274,0.005676861025022769,-0.013799824518460159,-0.9280816125191911,-0.3720777588031035
1763658760.1427696,766731.9695987637,3404137.21798193,80.67270774394274,0.005611525903912408,-0.013921709926044669,-0.928082348672852,-0.37207237313679653
1763658760.1527793,766731.9695987637,3404137.21798193,80.67270774394274,0.005565125763845634,-0.013968336814633824,-0.928084080877183,-0.37206700171369644
1763658760.1628528,766731.9695987637,3404137.21798193,80.67270774394274,0.005602491895451215,-0.013944570138440596,-0.9280831647679841,-0.37206961757506973
1763658760.1728973,766731.9695987637,3404137.21798193,80.67270774394274,0.005610530302739956,-0.013857179633904471,-0.928078778172782,-0.3720837029858095
1763658760.1828918,766731.9695987637,3404137.21798193,80.67270774394274,0.005717484724930541,-0.013810185186919632,-0.9280727631991209,-0.37209882472465755
1763658760.192908,766731.9695987637,3404137.21798193,80.67270774394274,0.005467157667408749,-0.01365751824750296,-0.9280593460364568,-0.37214168352489446
1763658760.2035317,766731.9695987637,3404137.21798193,80.67270774394274,0.0054118934477311986,-0.013539250332559555,-0.9280510983430229,-0.37216738031973123
1763658760.2127998,766730.4756266163,3404138.5946650035,80.72431606706232,0.005319758420639925,-0.013485682703122694,-0.9280314269668071,-0.3722197027218313
1763658760.2229524,766730.4756266163,3404138.5946650035,80.72431606706232,0.005277727346871725,-0.013432490699969202,-0.9280154945551331,-0.3722619449436631
1763658760.2327309,766730.4756266163,3404138.5946650035,80.72431606706232,0.005443410692943204,-0.013388134185599757,-0.9280009676416485,-0.37229736931547125
1763658760.242538,766730.4756266163,3404138.5946650035,80.72431606706232,0.005308141517234316,-0.013122850971229788,-0.9279910054832777,-0.3723335979443099
1763658760.2525492,766730.4756266163,3404138.5946650035,80.72431606706232,0.005418199096403602,-0.01302138618313598,-0.9279817685072267,-0.372358595897317
1763658760.263517,766730.4756266163,3404138.5946650035,80.72431606706232,0.005320967898730716,-0.013038633538673423,-0.9279675297319778,-0.3723948779175086
1763658760.2727551,766730.4756266163,3404138.5946650035,80.72431606706232,0.005230407708939507,-0.013150817506490033,-0.9279501747708206,-0.37243546014969175
1763658760.2825644,766730.4756266163,3404138.5946650035,80.72431606706232,0.005227486974306319,-0.013256484622434115,-0.9279356718721208,-0.37246788836438544
1763658760.2925866,766730.4756266163,3404138.5946650035,80.72431606706232,0.0051026308844339605,-0.013181305447858546,-0.9279194745066239,-0.3725126376058918
1763658760.3034508,766730.4756266163,3404138.5946650035,80.72431606706232,0.005213929657061248,-0.013086793240720679,-0.9279129596326292,-0.3725306566257605
1763658760.3125927,766729.0081223852,3404139.956945958,80.68153412546962,0.004962643983575425,-0.012856269568102454,-0.9279086816719938,-0.37255277072547327
1763658760.3226044,766729.0081223852,3404139.956945958,80.68153412546962,0.005184330880036074,-0.012804636867870898,-0.9279039743967683,-0.3725632540746466
1763658760.3326108,766729.0081223852,3404139.956945958,80.68153412546962,0.005024962545081163,-0.012668830260862941,-0.927906398919806,-0.37256404192423065
1763658760.3426278,766729.0081223852,3404139.956945958,80.68153412546962,0.004980660422748152,-0.012714707409867156,-0.9278964141759172,-0.3725879410242759
1763658760.352615,766729.0081223852,3404139.956945958,80.68153412546962,0.00509187562812201,-0.01280670951002287,-0.9278859391230441,-0.3726093731669401
1763658760.3636494,766729.0081223852,3404139.956945958,80.68153412546962,0.004974836910873302,-0.01272725331142232,-0.927875245106184,-0.3726403058446523
1763658760.375713,766729.0081223852,3404139.956945958,80.68153412546962,0.005066723899860439,-0.012660813775176432,-0.9278673728762479,-0.37266093228993413
1763658760.382566,766729.0081223852,3404139.956945958,80.68153412546962,0.004858820597829344,-0.012529696121390547,-0.9278675413008142,-0.37266771308752494
1763658760.3925102,766729.0081223852,3404139.956945958,80.68153412546962,0.00465438722567494,-0.012462669782950044,-0.9278746840411172,-0.3726547856354884
1763658760.4034758,766729.0081223852,3404139.956945958,80.68153412546962,0.004619770303324472,-0.0125272264952265,-0.9278821441937202,-0.3726344761359934
1763658760.4126346,766727.5161800976,3404141.3293459956,80.62712210789323,0.004562013140258453,-0.012629698288228032,-0.9278900576925272,-0.37261202287716794
1763658760.4225864,766727.5161800976,3404141.3293459956,80.62712210789323,0.0047864713529400015,-0.012833893349750358,-0.927886176658877,-0.37261189465561323
1763658760.4325778,766727.5161800976,3404141.3293459956,80.62712210789323,0.004715155817852048,-0.012806995371615419,-0.9278825789290086,-0.372622688379568
1763658760.4438627,766727.5161800976,3404141.3293459956,80.62712210789323,0.004723962207790609,-0.012706811729026494,-0.927878863256337,-0.37263525898507005
1763658760.4534717,766727.5161800976,3404141.3293459956,80.62712210789323,0.00464205583027879,-0.012539907631696112,-0.9278761621596592,-0.3726486679569899
1763658760.4625676,766727.5161800976,3404141.3293459956,80.62712210789323,0.004524570907952428,-0.012498198321077784,-0.9278734538486593,-0.37265825757627546
1763658760.474766,766727.5161800976,3404141.3293459956,80.62712210789323,0.004613266762057265,-0.012523381007965222,-0.9278774899952735,-0.37264627498202973
1763658760.4827638,766727.5161800976,3404141.3293459956,80.62712210789323,0.004524687051988092,-0.012505389524683962,-0.9278783498547875,-0.37264582422277864
1763658760.4925935,766727.5161800976,3404141.3293459956,80.62712210789323,0.004515054895293974,-0.012461085713482246,-0.9278828017251837,-0.37263633999484963
1763658760.5039542,766727.5161800976,3404141.3293459956,80.62712210789323,0.0045510006913844405,-0.012504971366747716,-0.9278741910473473,-0.37265587298747166
1763658760.5128722,766726.025572466,3404142.687244612,80.6076700091362,0.004456124380045011,-0.012542171051202568,-0.9278682795220226,-0.3726704881764501
1763658760.5228677,766726.025572466,3404142.687244612,80.6076700091362,0.0043883409465118465,-0.012638692696282986,-0.9278608339390789,-0.37268656905306236
1763658760.5328577,766726.025572466,3404142.687244612,80.6076700091362,0.004318815252698402,-0.01276961260443107,-0.9278559050448265,-0.3726951895345471
1763658760.5477571,766726.025572466,3404142.687244612,80.6076700091362,0.004178745435788545,-0.012901514529126697,-0.927855018703571,-0.3726944502887499
1763658760.5557551,766726.025572466,3404142.687244612,80.6076700091362,0.004246030385698392,-0.01314877487531272,-0.9278497246828548,-0.3726982282640909
1763658760.5625834,766726.025572466,3404142.687244612,80.6076700091362,0.0042499035927859845,-0.013277516710071689,-0.9278484843300356,-0.3726967077878762
1763658760.575717,766726.025572466,3404142.687244612,80.6076700091362,0.004179744057612293,-0.013273508236054369,-0.9278447761246793,-0.37270687562327587
1763658760.5851593,766726.025572466,3404142.687244612,80.6076700091362,0.004235513499201192,-0.013330589445484337,-0.9278412032696387,-0.37271310323837953
1763658760.592581,766726.025572466,3404142.687244612,80.6076700091362,0.004055941216221044,-0.013346971737512594,-0.9278317175336401,-0.37273812740966566
1763658760.6034737,766726.025572466,3404142.687244612,80.6076700091362,0.00392905490485922,-0.013412552133258364,-0.9278255612814528,-0.3727524564715632
1763658760.6127117,766724.5343611403,3404144.0435841014,80.58163669519126,0.003911610503833108,-0.013474934086790465,-0.9278256203117532,-0.37275024312229965
1763658760.6228807,766724.5343611403,3404144.0435841014,80.58163669519126,0.003718758286326754,-0.01346167938688531,-0.927825551760035,-0.3727528665564888
1763658760.6328633,766724.5343611403,3404144.0435841014,80.58163669519126,0.003917469107516433,-0.013545367858020404,-0.9278281037812635,-0.37274144695626144
1763658760.6439078,766724.5343611403,3404144.0435841014,80.58163669519126,0.0038693785215664347,-0.013495612865951615,-0.9278313793975992,-0.37273560032330866
1763658760.6659873,766724.5343611403,3404144.0435841014,80.58163669519126,0.003968935840972597,-0.013547173831481817,-0.9278331721135575,-0.3727282204974066
1763658760.6660383,766724.5343611403,3404144.0435841014,80.58163669519126,0.004066927910762503,-0.013644419366866035,-0.9278360071185043,-0.3727165596158835
1763658760.6725538,766724.5343611403,3404144.0435841014,80.58163669519126,0.0040076219740186264,-0.013679683797398774,-0.9278333089018618,-0.3727226262377145
1763658760.6825619,766724.5343611403,3404144.0435841014,80.58163669519126,0.0041043213030950996,-0.013700671854954067,-0.9278386742031768,-0.3727074466525391
1763658760.6926425,766724.5343611403,3404144.0435841014,80.58163669519126,0.004128752795650018,-0.013671615462205182,-0.9278423401945677,-0.37269911734973865
1763658760.7040877,766724.5343611403,3404144.0435841014,80.58163669519126,0.0045129227187834945,-0.013774052484491092,-0.9278480665300073,-0.3726766352257893
1763658760.7125578,766723.046988603,3404145.404510367,80.57465719804168,0.004483853875703727,-0.013697695661013613,-0.9278528967024529,-0.3726677746584304
1763658760.7225945,766723.046988603,3404145.404510367,80.57465719804168,0.00456792405302854,-0.013618760163855947,-0.9278538274539277,-0.37266732929053764
1763658760.7325544,766723.046988603,3404145.404510367,80.57465719804168,0.004190355048224611,-0.013431378569503001,-0.9278565310240852,-0.37267183530586717
1763658760.7426403,766723.046988603,3404145.404510367,80.57465719804168,0.00424683634774642,-0.013544831978569752,-0.9278414844069207,-0.3727045501751613
1763658760.752616,766723.046988603,3404145.404510367,80.57465719804168,0.004486831772682831,-0.013681951295428256,-0.9278341922450846,-0.372714883322768
1763658760.7663734,766723.046988603,3404145.404510367,80.57465719804168,0.004426819490068418,-0.01363544767594324,-0.9278254861285125,-0.3727389772029064
1763658760.7753549,766723.046988603,3404145.404510367,80.57465719804168,0.004645324247446066,-0.013593529630027652,-0.9278187550557229,-0.3727546038370041
1763658760.7825568,766723.046988603,3404145.404510367,80.57465719804168,0.004491554953534725,-0.013430111661872347,-0.9278144787242073,-0.37277305576526903
1763658760.7927055,766723.046988603,3404145.404510367,80.57465719804168,0.004574346246959835,-0.013480296513205786,-0.9277999183460603,-0.37280647590857746
1763658760.8035066,766723.046988603,3404145.404510367,80.57465719804168,0.004737891550127911,-0.013580818630605146,-0.9277877373560877,-0.3728310987037604
1763658760.8127866,766721.5771290725,3404146.7710416815,80.53882553894073,0.004518474092190299,-0.013532725600408472,-0.9277687981552785,-0.37288269723763284
1763658760.8225515,766721.5771290725,3404146.7710416815,80.53882553894073,0.00448979957423647,-0.013521391505681771,-0.9277469673662573,-0.37293776721357424
1763658760.8327148,766721.5771290725,3404146.7710416815,80.53882553894073,0.004322538382901237,-0.013432845067309697,-0.9277279567197207,-0.3729902313144112
1763658760.8426948,766721.5771290725,3404146.7710416815,80.53882553894073,0.0042588145692042,-0.013324439283849056,-0.9277104752823421,-0.37303833029280936
1763658760.8526118,766721.5771290725,3404146.7710416815,80.53882553894073,0.004530004711569815,-0.013285146715608851,-0.9276992691470474,-0.37306440457123746
1763658760.862613,766721.5771290725,3404146.7710416815,80.53882553894073,0.004401435157121122,-0.01316796210801087,-0.9276925998379761,-0.3730866820838505
1763658760.872583,766721.5771290725,3404146.7710416815,80.53882553894073,0.004437563387073251,-0.013209539509290408,-0.9276808434795161,-0.37311401573550096
1763658760.8825817,766721.5771290725,3404146.7710416815,80.53882553894073,0.0044341348562746,-0.01326196760689026,-0.9276690641241552,-0.37314148272509806
1763658760.8957822,766721.5771290725,3404146.7710416815,80.53882553894073,0.0042883174984100735,-0.01322944657755767,-0.9276437000608713,-0.37320739249599666
1763658760.9034076,766721.5771290725,3404146.7710416815,80.53882553894073,0.004345941343875993,-0.01322603034902093,-0.927622068711821,-0.3732606094323961
1763658760.9125507,766720.0976659467,3404148.1430328526,80.5830950466916,0.004010601111607115,-0.013098351066609872,-0.9276032432065139,-0.3733156458960918
1763658760.922633,766720.0976659467,3404148.1430328526,80.5830950466916,0.004167838449213574,-0.013123325977665742,-0.9275927979366201,-0.3733389996424936
1763658760.9326289,766720.0976659467,3404148.1430328526,80.5830950466916,0.004133320166643057,-0.013086003078126858,-0.9275926397884893,-0.3733410864049939
1763658760.9431398,766720.0976659467,3404148.1430328526,80.5830950466916,0.0040215457709158065,-0.013053481452398536,-0.9275928351616107,-0.3733429602234771
1763658760.953052,766720.0976659467,3404148.1430328526,80.5830950466916,0.004073365412591502,-0.013093112935315156,-0.9275910008293728,-0.37334556816472453
1763658760.964921,766720.0976659467,3404148.1430328526,80.5830950466916,0.003918506558362422,-0.012989766860159138,-0.9275812374893606,-0.3733750917254355
1763658760.9728222,766720.0976659467,3404148.1430328526,80.5830950466916,0.004052699519104458,-0.012975260931104342,-0.9275692860397249,-0.37340385352341005
1763658760.9837704,766720.0976659467,3404148.1430328526,80.5830950466916,0.003922745824853457,-0.012882857945282484,-0.9275567242661293,-0.3734396434566675
1763658760.992636,766720.0976659467,3404148.1430328526,80.5830950466916,0.003781482489880302,-0.012787335822011008,-0.9275511979792498,-0.3734581095116462
1763658761.0079818,766720.0976659467,3404148.1430328526,80.5830950466916,0.0037601221200162065,-0.012740989258292531,-0.9275509621785262,-0.37346049488005134
1763658761.014344,766720.0976659467,3404148.1430328526,80.5830950466916,0.0037187989267877314,-0.012724346926049741,-0.9275502024236353,-0.37346336301399224
1763658761.026576,766718.6153042216,3404149.49944459,80.56402229052037,0.003801918679479205,-0.012825420651379399,-0.9275466972537353,-0.3734677742632651
1763658761.0345502,766718.6153042216,3404149.49944459,80.56402229052037,0.003776913789950519,-0.012875491082288425,-0.927539446364769,-0.3734843130426638
1763658761.042696,766718.6153042216,3404149.49944459,80.56402229052037,0.0038798316271824408,-0.012854213336923522,-0.9275284045993692,-0.3735114118301907
1763658761.0529244,766718.6153042216,3404149.49944459,80.56402229052037,0.0039352487134493245,-0.012745401205140193,-0.9275267573697467,-0.37351865138015056
1763658761.0629606,766718.6153042216,3404149.49944459,80.56402229052037,0.0036982549408453216,-0.012645003501789726,-0.9275197980142855,-0.37354176619003615
1763658761.0760252,766718.6153042216,3404149.49944459,80.56402229052037,0.003856049100210754,-0.012729351985548035,-0.9275179668156088,-0.3735418526987356
1763658761.0878103,766718.6153042216,3404149.49944459,80.56402229052037,0.003617950716878233,-0.012724264619200691,-0.9275169385477491,-0.37354696121039693
1763658761.0930085,766718.6153042216,3404149.49944459,80.56402229052037,0.0036509006919114443,-0.012843325846092133,-0.927505427700325,-0.3735711464925872
1763658761.1082246,766718.6153042216,3404149.49944459,80.56402229052037,0.0037181390747820058,-0.012967770678970831,-0.9275019900152545,-0.37357471927739067
1763658761.1128955,766717.1465801902,3404150.8653962025,80.56661400664598,0.0035126674287767126,-0.012992211762623173,-0.9274874767748786,-0.37361188956833086
1763658761.1229455,766717.1465801902,3404150.8653962025,80.56661400664598,0.003683657790461756,-0.013099391952171085,-0.9274817562035639,-0.3736207013875426
1763658761.1327636,766717.1465801902,3404150.8653962025,80.56661400664598,0.0033304920210177353,-0.01308384851794753,-0.927470417015972,-0.37365270812758233
1763658761.1427207,766717.1465801902,3404150.8653962025,80.56661400664598,0.0031686978504158044,-0.013206912117057379,-0.9274613047415183,-0.37367240336078533
1763658761.156843,766717.1465801902,3404150.8653962025,80.56661400664598,0.003156257833480871,-0.013464822950095857,-0.9274531900115032,-0.3736834447990674
1763658761.1629062,766717.1465801902,3404150.8653962025,80.56661400664598,0.002850548973837988,-0.013593563511002799,-0.9274414432774605,-0.3737103941463774
1763658761.1729667,766717.1465801902,3404150.8653962025,80.56661400664598,0.0030153547836146823,-0.01384187419396838,-0.9274323518754247,-0.37372254795388754
1763658761.1839287,766717.1465801902,3404150.8653962025,80.56661400664598,0.0027169113182195148,-0.013781438164598684,-0.9274269603094716,-0.37374044957180896
1763658761.195832,766717.1465801902,3404150.8653962025,80.56661400664598,0.0026896006509345375,-0.013854855275234838,-0.9274234582564833,-0.3737466228733385
1763658761.2033763,766717.1465801902,3404150.8653962025,80.56661400664598,0.002420551955738013,-0.013944800195665429,-0.9274194282578954,-0.3737551171094931
1763658761.2126243,766715.6678597922,3404152.226205024,80.58400097116828,0.002265162243101768,-0.014187246866692817,-0.9274127008007633,-0.3737636598972535
1763658761.2225466,766715.6678597922,3404152.226205024,80.58400097116828,0.0022122698618526294,-0.014434993859018745,-0.9274056920472346,-0.37377188119592164
1763658761.2326438,766715.6678597922,3404152.226205024,80.58400097116828,0.0019223941160674525,-0.014552184787538638,-0.9274040326016872,-0.3737730576605287
1763658761.2425692,766715.6678597922,3404152.226205024,80.58400097116828,0.0019648707940216927,-0.014755577797992504,-0.9273975100247914,-0.3737810463445506
1763658761.2526436,766715.6678597922,3404152.226205024,80.58400097116828,0.0018124644679485442,-0.014792258983402105,-0.9274013804241207,-0.37377076348231913
1763658761.262841,766715.6678597922,3404152.226205024,80.58400097116828,0.0016990216427065462,-0.014886316513173497,-0.9273982629139046,-0.3737752972715015
1763658761.2726247,766715.6678597922,3404152.226205024,80.58400097116828,0.0018783085591091786,-0.015122254283144804,-0.9274005486884536,-0.37375929643917594
1763658761.2826014,766715.6678597922,3404152.226205024,80.58400097116828,0.0016306619223504324,-0.015231113111350041,-0.9273988441911049,-0.37376026799017475
1763658761.2925594,766715.6678597922,3404152.226205024,80.58400097116828,0.001743953770193805,-0.015419130669028464,-0.9274003509622275,-0.37374830845074913
1763658761.3034613,766715.6678597922,3404152.226205024,80.58400097116828,0.0016601562526169598,-0.015430735772625367,-0.9274081843696471,-0.3737287730947765
1763658761.3126779,766714.208078953,3404153.594426159,80.59226031601429,0.0019281290566444025,-0.015529793335103705,-0.9274095962504265,-0.37371987988322325
1763658761.3226712,766714.208078953,3404153.594426159,80.59226031601429,0.00199614834005605,-0.015522113089249407,-0.927419824391813,-0.3736944590465689
1763658761.3325756,766714.208078953,3404153.594426159,80.59226031601429,0.0019773679916055787,-0.015522129172195257,-0.9274190157440405,-0.3736965650874279
1763658761.3425446,766714.208078953,3404153.594426159,80.59226031601429,0.001956274092136231,-0.015623013207175757,-0.9274245225929496,-0.3736788050495299
1763658761.3527071,766714.208078953,3404153.594426159,80.59226031601429,0.001851722754011748,-0.015805685125276202,-0.927408880809773,-0.3737104751485126
1763658761.3627665,766714.208078953,3404153.594426159,80.59226031601429,0.0021702321011174714,-0.016077751683259096,-0.9274014773867101,-0.37371552782080897
1763658761.3728356,766714.208078953,3404153.594426159,80.59226031601429,0.0020116783404652665,-0.016076577519794594,-0.9273913290411119,-0.37374164823426437
1763658761.3827515,766714.208078953,3404153.594426159,80.59226031601429,0.0023764156054181034,-0.01614955437127539,-0.9273867325332703,-0.37374776636622764
1763658761.3927963,766714.208078953,3404153.594426159,80.59226031601429,0.0023716831723444064,-0.016075339236501576,-0.9273856346239325,-0.373753720089215
1763658761.4034054,766714.208078953,3404153.594426159,80.59226031601429,0.0024779623806266485,-0.016115864440771743,-0.9273707680029037,-0.37378817165537936
1763658761.4126685,766712.7384104911,3404154.9613635736,80.59766242280602,0.002410398146310567,-0.016095505657602666,-0.9273667075424732,-0.37379956449979324
1763658761.4237833,766712.7384104911,3404154.9613635736,80.59766242280602,0.0022752315002934854,-0.016118954263884003,-0.9273435649232002,-0.37385681113307123
1763658761.4327753,766712.7384104911,3404154.9613635736,80.59766242280602,0.002543364740611357,-0.01620090471652675,-0.9273227045295322,-0.37390328113857996
1763658761.4427602,766712.7384104911,3404154.9613635736,80.59766242280602,0.00255378067086882,-0.016110232287825883,-0.9272974558191935,-0.3739697408229281
1763658761.4528122,766712.7384104911,3404154.9613635736,80.59766242280602,0.0023711691407915514,-0.015883321907544243,-0.9272744849073077,-0.37403760142795034
1763658761.4627984,766712.7384104911,3404154.9613635736,80.59766242280602,0.0025300289017143205,-0.01575919471746847,-0.9272571391342607,-0.3740848094485519
1763658761.472833,766712.7384104911,3404154.9613635736,80.59766242280602,0.002372670806395343,-0.015664632034561286,-0.927244128796693,-0.374122059425167
1763658761.4828017,766712.7384104911,3404154.9613635736,80.59766242280602,0.002448751862107361,-0.015785415557332264,-0.9272208686063849,-0.37417413738902533
1763658761.4926455,766712.7384104911,3404154.9613635736,80.59766242280602,0.0026324489927909527,-0.015911321262529247,-0.9272012154064297,-0.374216255949445
1763658761.503789,766712.7384104911,3404154.9613635736,80.59766242280602,0.0023828806439443765,-0.015749000970642524,-0.9271726200656898,-0.37429563642766045
1763658761.515797,766711.2732176587,3404156.3255734127,80.58040552213788,0.0026598687485773157,-0.015660462058259706,-0.9271536154372488,-0.3743445584057558
1763658761.5226588,766711.2732176587,3404156.3255734127,80.58040552213788,0.0025380219113931924,-0.015413284801914683,-0.9271386863198352,-0.3743926353783187
1763658761.5325496,766711.2732176587,3404156.3255734127,80.58040552213788,0.002561904669852803,-0.01526387404958857,-0.9271221022166066,-0.37443965919079775
1763658761.5426824,766711.2732176587,3404156.3255734127,80.58040552213788,0.002630512295236743,-0.015173843934212537,-0.9271161942895652,-0.37445747041734706
1763658761.5525866,766711.2732176587,3404156.3255734127,80.58040552213788,0.0024384301311071235,-0.015089814785821755,-0.9271020645965373,-0.37449714734435985
1763658761.5626972,766711.2732176587,3404156.3255734127,80.58040552213788,0.0026093090539467036,-0.015175411189164807,-0.9270878597387038,-0.3745277008802024
1763658761.5728838,766711.2732176587,3404156.3255734127,80.58040552213788,0.002569145525003651,-0.015110918274457406,-0.9270636422003922,-0.3745905270429528
1763658761.5826375,766711.2732176587,3404156.3255734127,80.58040552213788,0.002531632411602436,-0.014979300556100134,-0.927044047525429,-0.37464455866841645
1763658761.592611,766711.2732176587,3404156.3255734127,80.58040552213788,0.0025104587779452856,-0.014834580568382494,-0.9270297307205171,-0.3746858833427409
1763658761.6034074,766711.2732176587,3404156.3255734127,80.58040552213788,0.0023598870565392435,-0.014702245788400698,-0.9270245816016118,-0.3747048171670791
1763658761.612986,766709.8096802337,3404157.68814018,80.59703157003969,0.0024555616498249467,-0.014712068685246937,-0.9270173697500498,-0.37472165861300827
1763658761.6225467,766709.8096802337,3404157.68814018,80.59703157003969,0.002341743745011564,-0.01471891068012544,-0.9270102168380981,-0.37473981344715096
1763658761.632605,766709.8096802337,3404157.68814018,80.59703157003969,0.0023423610798895067,-0.014740195602860922,-0.9270006941494169,-0.3747625288428131
1763658761.6426306,766709.8096802337,3404157.68814018,80.59703157003969,0.0025055171614734384,-0.014742490394157367,-0.9269933309837699,-0.37477959612597206
1763658761.652659,766709.8096802337,3404157.68814018,80.59703157003969,0.0023730740895021437,-0.014537934480050101,-0.9269827745163364,-0.374814557788801
1763658761.6625779,766709.8096802337,3404157.68814018,80.59703157003969,0.002693837025635272,-0.01445721098476197,-0.9269742026599971,-0.37483671097623833
1763658761.6725135,766709.8096802337,3404157.68814018,80.59703157003969,0.0022729314768687387,-0.014170435017253083,-0.9269665245922034,-0.37486943705692366
1763658761.6825852,766709.8096802337,3404157.68814018,80.59703157003969,0.0024118089064546393,-0.01414736133478333,-0.9269602235691535,-0.37488502139414215
1763658761.6926003,766709.8096802337,3404157.68814018,80.59703157003969,0.0024691496574731873,-0.014110653399381935,-0.9269610131136338,-0.37488407932047113
1763658761.7034907,766709.8096802337,3404157.68814018,80.59703157003969,0.002255347638947005,-0.013953395527118818,-0.9269586488934558,-0.3748971584340294
1763658761.7126176,766708.3487564633,3404159.055306265,80.63570753950626,0.002530464304860109,-0.013994498393710506,-0.9269610539317787,-0.37488792359690176
1763658761.7227514,766708.3487564633,3404159.055306265,80.63570753950626,0.0023431889068221056,-0.01382496503777766,-0.9269576946717025,-0.37490373710643904
1763658761.7326353,766708.3487564633,3404159.055306265,80.63570753950626,0.0025155822433612397,-0.013849277049585194,-0.9269538426428404,-0.3749112468049646
1763658761.7439256,766708.3487564633,3404159.055306265,80.63570753950626,0.00238815047073517,-0.013855403675224923,-0.9269453612950485,-0.3749328229162095
1763658761.755839,766708.3487564633,3404159.055306265,80.63570753950626,0.002240226078632142,-0.01388185260939874,-0.9269384201208846,-0.3749499178010923
1763658761.7627304,766708.3487564633,3404159.055306265,80.63570753950626,0.002240568700727352,-0.013983886473411726,-0.9269358343687951,-0.37495251663913587
1763658761.7727387,766708.3487564633,3404159.055306265,80.63570753950626,0.002084866484250981,-0.014025706890449872,-0.9269308577048273,-0.37496415550364165
1763658761.7828078,766708.3487564633,3404159.055306265,80.63570753950626,0.00234701310852101,-0.014212771527533995,-0.9269266939202028,-0.3749658554497157
1763658761.7928205,766708.3487564633,3404159.055306265,80.63570753950626,0.0021930210109591466,-0.01415940440876488,-0.9269210768501119,-0.37498269188945665
1763658761.8038757,766708.3487564633,3404159.055306265,80.63570753950626,0.0021382513615551156,-0.01413121185469097,-0.9269153323806426,-0.3749982711031017
1763658761.8128552,766706.8784038697,3404160.404523761,80.58959962055087,0.0020827649710078774,-0.01412759890675654,-0.9269115249950588,-0.37500813040591513
1763658761.8277748,766706.8784038697,3404160.404523761,80.58959962055087,0.0018390707995647078,-0.014130918228775973,-0.9269089834622681,-0.3750155614711881
1763658761.8325405,766706.8784038697,3404160.404523761,80.58959962055087,0.0019944545722738165,-0.01428712411353266,-0.9269084933801593,-0.3750100600453896
1763658761.8428073,766706.8784038697,3404160.404523761,80.58959962055087,0.0017498029694431108,-0.014252405850910352,-0.9269096949423709,-0.3750096325947779
1763658761.855735,766706.8784038697,3404160.404523761,80.58959962055087,0.0018791995946389629,-0.014365960663856418,-0.9269043571683804,-0.3750178668348477
1763658761.8628821,766706.8784038697,3404160.404523761,80.58959962055087,0.001983511210454281,-0.014405437544453791,-0.9269010371851911,-0.3750240209872533
1763658761.8728862,766706.8784038697,3404160.404523761,80.58959962055087,0.0018781014670859447,-0.014300750211922708,-0.9268968290644923,-0.37503897070630515
1763658761.8829048,766706.8784038697,3404160.404523761,80.58959962055087,0.0020715078387112404,-0.014299913745297717,-0.9269019680107147,-0.37502528317436856
1763658761.8926234,766706.8784038697,3404160.404523761,80.58959962055087,0.0018139535196702583,-0.014204683470955866,-0.9269074841627953,-0.3750166027566191
1763658761.9035456,766706.8784038697,3404160.404523761,80.58959962055087,0.0019760709112103198,-0.014296819095204158,-0.9269085061313678,-0.3750097563648562
1763658761.912589,766705.4224874426,3404161.766086391,80.59883055184036,0.0020120641631942568,-0.0142657907909284,-0.9269189799550479,-0.3749848575742842
1763658761.9225986,766705.4224874426,3404161.766086391,80.59883055184036,0.002044127939272112,-0.014218614026741457,-0.9269154662579329,-0.3749951612594026
1763658761.9325972,766705.4224874426,3404161.766086391,80.59883055184036,0.002272319846164039,-0.014211742325494414,-0.9269251938751815,-0.3749700626744059
1763658761.9425578,766705.4224874426,3404161.766086391,80.59883055184036,0.0021925759762319967,-0.014075948973602155,-0.9269285504029239,-0.3749673622050524
1763658761.9527647,766705.4224874426,3404161.766086391,80.59883055184036,0.0023830008608745155,-0.014079885719211711,-0.9269342438117548,-0.3749519779573927
1763658761.9639103,766705.4224874426,3404161.766086391,80.59883055184036,0.002079649899551058,-0.01396133012326847,-0.9269295034123384,-0.3749699348231004
1763658761.973692,766705.4224874426,3404161.766086391,80.59883055184036,0.0023540541738206,-0.014124495296541705,-0.9269141388197226,-0.37500018175683125
1763658761.9827251,766705.4224874426,3404161.766086391,80.59883055184036,0.0021933095678192812,-0.014045088846545775,-0.9269051949142374,-0.3750262450995024
1763658761.992544,766705.4224874426,3404161.766086391,80.59883055184036,0.002576306681768019,-0.014071753994413006,-0.9268933214938008,-0.3750521549779336
1763658762.0051098,766705.4224874426,3404161.766086391,80.59883055184036,0.0025902364521044148,-0.013843297650859737,-0.9268924256402566,-0.37506277484708195
1763658762.0126445,766705.4224874426,3404161.766086391,80.59883055184036,0.0025046212411203566,-0.013587570337375177,-0.9268824698815397,-0.37509730981581546
1763658762.0268345,766703.9655911098,3404163.1251963745,80.60724478587508,0.002555271888764675,-0.013526439016028131,-0.9268738557566878,-0.3751204627154469
1763658762.033028,766703.9655911098,3404163.1251963745,80.60724478587508,0.0023486118106960403,-0.013495083175592351,-0.9268463541055649,-0.3751908882607201
1763658762.05174,766703.9655911098,3404163.1251963745,80.60724478587508,0.002483411613239071,-0.013552521245762159,-0.9268186598636392,-0.37525635712564565
1763658762.052868,766703.9655911098,3404163.1251963745,80.60724478587508,0.0024286084736996763,-0.013391631617814252,-0.9267907585814087,-0.37533139473216354
1763658762.0629866,766703.9655911098,3404163.1251963745,80.60724478587508,0.0023934623673196815,-0.013070862089991864,-0.926773017026219,-0.3753867323364537
1763658762.0726707,766703.9655911098,3404163.1251963745,80.60724478587508,0.0024666338269171088,-0.012801810268710068,-0.9267599946911464,-0.37542767827036183
1763658762.0828156,766703.9655911098,3404163.1251963745,80.60724478587508,0.002435400734860701,-0.012613984761400807,-0.9267420048191591,-0.3754786448194694
1763658762.0927446,766703.9655911098,3404163.1251963745,80.60724478587508,0.0024852001380390757,-0.012616537471431615,-0.926717978388439,-0.3755375284763837
1763658762.103407,766703.9655911098,3404163.1251963745,80.60724478587508,0.0023925652590612995,-0.012654029141631246,-0.9266856527827113,-0.3756166291641574
1763658762.1125484,766702.5098088656,3404164.4796532583,80.62151621095836,0.002302720608523356,-0.012620498583952052,-0.9266458156702434,-0.37571658573201266
1763658762.1225936,766702.5098088656,3404164.4796532583,80.62151621095836,0.0022764723468041478,-0.01243405076425586,-0.9266204504714199,-0.37578551438738134
1763658762.1326516,766702.5098088656,3404164.4796532583,80.62151621095836,0.0019492067131137427,-0.012093978992581102,-0.9265955758462125,-0.3758597811518851
1763658762.1430686,766702.5098088656,3404164.4796532583,80.62151621095836,0.002293934844932812,-0.012010935758916621,-0.9265789719574236,-0.3759014285839391
1763658762.1525273,766702.5098088656,3404164.4796532583,80.62151621095836,0.0021379953242009414,-0.011854770037216383,-0.9265708404615163,-0.37592734804719624
1763658762.162571,766702.5098088656,3404164.4796532583,80.62151621095836,0.002072869892237892,-0.011860485775534496,-0.9265494486088351,-0.3759802539632122
1763658762.1727624,766702.5098088656,3404164.4796532583,80.62151621095836,0.002110533073185944,-0.011936932140290752,-0.9265350337311845,-0.3760131468047064
1763658762.1829531,766702.5098088656,3404164.4796532583,80.62151621095836,0.001773010787763085,-0.011815835615899923,-0.9264984365003299,-0.37610888001201026
1763658762.1928415,766702.5098088656,3404164.4796532583,80.62151621095836,0.0021321633288051136,-0.011839434231160888,-0.9264775688613873,-0.3761576744841432
1763658762.2035222,766702.5098088656,3404164.4796532583,80.62151621095836,0.001713853854161426,-0.011564941160126043,-0.9264571402619215,-0.3762186626134216
1763658762.2127888,766701.0572611059,3404165.83189054,80.59859031997621,0.001738693999846338,-0.011502498222692958,-0.9264378577677078,-0.3762679433230954
1763658762.2226734,766701.0572611059,3404165.83189054,80.59859031997621,0.0017898330478981449,-0.011510599034868415,-0.9264343932448604,-0.3762759859737881
1763658762.2326925,766701.0572611059,3404165.83189054,80.59859031997621,0.0014565313881114228,-0.011487667213783755,-0.9264168834054571,-0.3763212326717968
1763658762.242624,766701.0572611059,3404165.83189054,80.59859031997621,0.0018082184739196322,-0.011759190201888151,-0.926407114211319,-0.3763353697573511
1763658762.2527652,766701.0572611059,3404165.83189054,80.59859031997621,0.0016773233648063194,-0.01170638793807614,-0.9263927803026497,-0.37637290507009113
1763658762.2677646,766701.0572611059,3404165.83189054,80.59859031997621,0.001792024017090465,-0.011663373092226464,-0.9263737847270255,-0.3764204635093058
1763658762.273579,766701.0572611059,3404165.83189054,80.59859031997621,0.001977630080297805,-0.011576702727449957,-0.9263642793141155,-0.3764456015735412
1763658762.283135,766701.0572611059,3404165.83189054,80.59859031997621,0.001542246077890599,-0.011367107407989956,-0.9263441619665458,-0.376503524467844
1763658762.292688,766701.0572611059,3404165.83189054,80.59859031997621,0.0016496062471932325,-0.011411350594975691,-0.9263328202133762,-0.37652963505195847
1763658762.3033288,766701.0572611059,3404165.83189054,80.59859031997621,0.001569339518536203,-0.011411442731501478,-0.9263242654363328,-0.376551020994632
1763658762.314169,766699.5976910349,3404167.1871836907,80.60281899105757,0.0016572025979630254,-0.011473180661823013,-0.9263079278737831,-0.3765889570383458
1763658762.3225389,766699.5976910349,3404167.1871836907,80.60281899105757,0.001939262735293711,-0.011527060713610978,-0.9262990213108463,-0.37660787199674456
1763658762.3328047,766699.5976910349,3404167.1871836907,80.60281899105757,0.001725984165264852,-0.011423810739182064,-0.9262741919996832,-0.3766731192455741
1763658762.34265,766699.5976910349,3404167.1871836907,80.60281899105757,0.0019814953821698207,-0.011495055232480653,-0.9262561322454901,-0.3767141022829886
1763658762.3526044,766699.5976910349,3404167.1871836907,80.60281899105757,0.0016009054592464106,-0.011453200260959152,-0.9262275012052075,-0.37678757585229644
1763658762.3626933,766699.5976910349,3404167.1871836907,80.60281899105757,0.0015671702447480548,-0.011577122375496202,-0.9262013672756808,-0.3768481676638296
1763658762.3726864,766699.5976910349,3404167.1871836907,80.60281899105757,0.001550276161107411,-0.011688498060738517,-0.9261867997055628,-0.3768806013952904
1763658762.3825686,766699.5976910349,3404167.1871836907,80.60281899105757,0.0014545430868507401,-0.01174996474358472,-0.9261679505440632,-0.3769253905190556
1763658762.392514,766699.5976910349,3404167.1871836907,80.60281899105757,0.00173366658987482,-0.011880568351312654,-0.9261547556512072,-0.37695253690677993
1763658762.4033737,766699.5976910349,3404167.1871836907,80.60281899105757,0.0014068102645507482,-0.011783238953618868,-0.9261292464126383,-0.37701962164295927
1763658762.412539,766698.1509037938,3404168.5524432785,80.6320132156834,0.001397104256177074,-0.0119007726164274,-0.9261034992489425,-0.37707920705031395
1763658762.4225223,766698.1509037938,3404168.5524432785,80.6320132156834,0.0013217427529997128,-0.012051778270113174,-0.9260695891728579,-0.37715795582996414
1763658762.4326015,766698.1509037938,3404168.5524432785,80.6320132156834,0.0010595495714227788,-0.012130182616926687,-0.9260370716988888,-0.3772361036058619
1763658762.4426079,766698.1509037938,3404168.5524432785,80.6320132156834,0.0011946756786950247,-0.012278058430772483,-0.9260090382499772,-0.3772997258288771
1763658762.4526107,766698.1509037938,3404168.5524432785,80.6320132156834,0.0009476882935621714,-0.012252811486169475,-0.9259852895123952,-0.37735952896969294
1763658762.4626627,766698.1509037938,3404168.5524432785,80.6320132156834,0.0010301198738068102,-0.012330299898688828,-0.9259621166705778,-0.3774136471411668
1763658762.4725955,766698.1509037938,3404168.5524432785,80.6320132156834,0.001194168875673523,-0.012408558164168085,-0.9259365897401792,-0.37747322213013995
1763658762.482595,766698.1509037938,3404168.5524432785,80.6320132156834,0.0011591675835923862,-0.012386254321641536,-0.925908526020552,-0.37754289620762493
1763658762.499736,766698.1509037938,3404168.5524432785,80.6320132156834,0.0014971887883401657,-0.012507272924911867,-0.9258779674239083,-0.37761265337470623
1763658762.5077136,766698.1509037938,3404168.5524432785,80.6320132156834,0.0012856719811997824,-0.012445642766552679,-0.925849915092037,-0.3776842434464962
1763658762.515742,766696.712977997,3404169.9129091967,80.64095503743738,0.0014363099910036257,-0.012511556888726946,-0.9258144505569386,-0.377768449050187
1763658762.5237484,766696.712977997,3404169.9129091967,80.64095503743738,0.001371366992263476,-0.012497094638419335,-0.9257872482926096,-0.37783582794246634
1763658762.5326178,766696.712977997,3404169.9129091967,80.64095503743738,0.001465369398291329,-0.0125673303006471,-0.9257524528950716,-0.37791839179960474
1763658762.5425568,766696.712977997,3404169.9129091967,80.64095503743738,0.0017333454126701262,-0.012703947356116916,-0.9257267727840559,-0.37797559099242134
1763658762.5525713,766696.712977997,3404169.9129091967,80.64095503743738,0.001643191418473259,-0.012715965334772268,-0.9256970693624693,-0.37804833013955114
1763658762.5625904,766696.712977997,3404169.9129091967,80.64095503743738,0.002038569230194477,-0.01285254356060054,-0.92566168200213,-0.37812842637456456
1763658762.5725327,766696.712977997,3404169.9129091967,80.64095503743738,0.0018702355490661142,-0.012772628081085993,-0.9256304197031004,-0.37820852490544893
1763658762.582695,766696.712977997,3404169.9129091967,80.64095503743738,0.0021492232404617976,-0.012859681753017424,-0.9255851031906759,-0.37831498275402703
1763658762.5926995,766696.712977997,3404169.9129091967,80.64095503743738,0.0022370934389946626,-0.012829791864467232,-0.9255530915901605,-0.3783937981806197
1763658762.603472,766696.712977997,3404169.9129091967,80.64095503743738,0.0022387766172198486,-0.012770170379986606,-0.9255113091682916,-0.37849798840855103
1763658762.6128104,766695.2639645021,3404171.273161403,80.65191189851612,0.002552784945969961,-0.012797600017634799,-0.9254727958055711,-0.37858923511720166
1763658762.6226993,766695.2639645021,3404171.273161403,80.65191189851612,0.002469079092344212,-0.012702008142941451,-0.9254311507372186,-0.3786947951619615
1763658762.6328323,766695.2639645021,3404171.273161403,80.65191189851612,0.002543615382550984,-0.01269411938466231,-0.9253826255343534,-0.3788131276935636
1763658762.6426926,766695.2639645021,3404171.273161403,80.65191189851612,0.002594691126610086,-0.012669755998317772,-0.9253363796889336,-0.3789265486675199
1763658762.6527112,766695.2639645021,3404171.273161403,80.65191189851612,0.002745136352571751,-0.01264098898218689,-0.9252868176990343,-0.37904745694484215
1763658762.662863,766695.2639645021,3404171.273161403,80.65191189851612,0.0029721632177513325,-0.01259776426319394,-0.9252413273255591,-0.3791582107646014
1763658762.6727703,766695.2639645021,3404171.273161403,80.65191189851612,0.003049869803209217,-0.012491178011328534,-0.9251975964656609,-0.37926781600900017
1763658762.6827824,766695.2639645021,3404171.273161403,80.65191189851612,0.0031041889658410243,-0.012431412147312403,-0.925155980226761,-0.3793708426507613
1763658762.6957593,766695.2639645021,3404171.273161403,80.65191189851612,0.003302289469713805,-0.012499226898895077,-0.9251004094899558,-0.37950243289431546
1763658762.7038002,766695.2639645021,3404171.273161403,80.65191189851612,0.0034065488672528916,-0.01256116747804631,-0.9250448775131057,-0.3796348075231865
1763658762.7129712,766693.8176847174,3404172.635717669,80.65685724001378,0.0034307426405638195,-0.012660388744496591,-0.9249805183844906,-0.37978807929018993
1763658762.722539,766693.8176847174,3404172.635717669,80.65685724001378,0.003412388632715848,-0.012745216553309529,-0.9249241418760927,-0.37992268533690104
1763658762.7326002,766693.8176847174,3404172.635717669,80.65685724001378,0.003226893705707397,-0.012670709298134037,-0.9248762118978955,-0.38004346192020366
1763658762.7426693,766693.8176847174,3404172.635717669,80.65685724001378,0.003514787040726698,-0.012653980029694326,-0.9248350987179002,-0.3801415042335131
1763658762.7526228,766693.8176847174,3404172.635717669,80.65685724001378,0.003641739216063514,-0.012535267877028217,-0.9248102720440036,-0.38020463636919205
1763658762.7625797,766693.8176847174,3404172.635717669,80.65685724001378,0.003738668746768296,-0.012514258632049781,-0.92477454903709,-0.3802912688192289
1763658762.7725482,766693.8176847174,3404172.635717669,80.65685724001378,0.0038760283188117783,-0.012560776288939299,-0.9247335726281232,-0.3803879900284952
1763658762.782565,766693.8176847174,3404172.635717669,80.65685724001378,0.003853006729743579,-0.012509406929258081,-0.9246902711911087,-0.38049516612163775
1763658762.7925124,766693.8176847174,3404172.635717669,80.65685724001378,0.003939409415353263,-0.012560900833128743,-0.9246401877894243,-0.3806142771211512
1763658762.8037384,766693.8176847174,3404172.635717669,80.65685724001378,0.0039039011740370543,-0.012574265824437476,-0.9246001068513188,-0.3807115572255842
1763658762.8126662,766692.3825715671,3404173.9959556577,80.6483707614243,0.0038052790945166132,-0.012537962341827035,-0.9245547642267045,-0.38082385337191055
1763658762.8227706,766692.3825715671,3404173.9959556577,80.6483707614243,0.0038843479492203896,-0.012447183671379286,-0.9245254555873401,-0.38089717960452485
1763658762.832634,766692.3825715671,3404173.9959556577,80.6483707614243,0.003824060305425314,-0.012341838884636112,-0.9245034000809478,-0.38095474641286875
1763658762.842618,766692.3825715671,3404173.9959556577,80.6483707614243,0.0040435689608659935,-0.012488085740771197,-0.9244802826658319,-0.3810038113020566
1763658762.8526518,766692.3825715671,3404173.9959556577,80.6483707614243,0.003979537491515282,-0.012523747145985756,-0.9244614603816343,-0.3810489828195753
1763658762.86259,766692.3825715671,3404173.9959556577,80.6483707614243,0.004147715646014727,-0.012635945894967094,-0.9244293014293872,-0.38112149766843934
1763658762.8725061,766692.3825715671,3404173.9959556577,80.6483707614243,0.004167369640279379,-0.012569503575502405,-0.9244049554627669,-0.3811825270471176
1763658762.882529,766692.3825715671,3404173.9959556577,80.6483707614243,0.004230412154084612,-0.012614709357066057,-0.9243733706586883,-0.381256926937647
1763658762.8925333,766692.3825715671,3404173.9959556577,80.6483707614243,0.0038539004488382005,-0.012546015932645881,-0.9243416310984154,-0.3813401289582168
1763658762.903402,766692.3825715671,3404173.9959556577,80.6483707614243,0.00384159828206654,-0.012580319618319114,-0.9243109755023374,-0.38141342169207637
1763658762.9125297,766690.9492807379,3404175.362443743,80.65023531764746,0.003741183341830525,-0.012644246132457732,-0.924282421040975,-0.3814814972466926
1763658762.922543,766690.9492807379,3404175.362443743,80.65023531764746,0.0037329644694597047,-0.01279978268686038,-0.924245141227503,-0.381566703810477
1763658762.932677,766690.9492807379,3404175.362443743,80.65023531764746,0.004006225966885833,-0.013074526109702002,-0.9242083658218375,-0.3816436865263691
1763658762.9426434,766690.9492807379,3404175.362443743,80.65023531764746,0.003634811037562277,-0.013022726993895258,-0.9241750709630516,-0.3817297931008299
1763658762.9527147,766690.9492807379,3404175.362443743,80.65023531764746,0.0037715202950081147,-0.013147589296295665,-0.924144905122403,-0.381797211706247
1763658762.9628344,766690.9492807379,3404175.362443743,80.65023531764746,0.003470227329882251,-0.013184371662673559,-0.9241177892326841,-0.38186442815459515
1763658762.9725897,766690.9492807379,3404175.362443743,80.65023531764746,0.00337183637115166,-0.01336761477726251,-0.9240838849125934,-0.3819409787382099
1763658762.9825742,766690.9492807379,3404175.362443743,80.65023531764746,0.0032954711742490374,-0.01351688313844783,-0.9240551151943042,-0.38200599186819395
1763658762.9925644,766690.9492807379,3404175.362443743,80.65023531764746,0.0030410812781382288,-0.01357387485816364,-0.9240328582957384,-0.38205991485080226
1763658763.0053117,766690.9492807379,3404175.362443743,80.65023531764746,0.0031270473934353936,-0.013761402973816471,-0.9240016686332584,-0.3821279389494385
1763658763.012631,766690.9492807379,3404175.362443743,80.65023531764746,0.00301730555763051,-0.013797223392484535,-0.9239791436774978,-0.3821819913900022
1763658763.0263052,766689.5245644432,3404176.7301395005,80.6407326348126,0.0027191879197416757,-0.013828810183099127,-0.9239525217761331,-0.38224744280309
1763658763.0330462,766689.5245644432,3404176.7301395005,80.6407326348126,0.002753151480261863,-0.014035354307823501,-0.9239251777905502,-0.3823057609179867
1763658763.0426087,766689.5245644432,3404176.7301395005,80.6407326348126,0.002632206585362889,-0.0141796649499577,-0.9239024452893936,-0.3823562215770498
1763658763.0527518,766689.5245644432,3404176.7301395005,80.6407326348126,0.002690072188557012,-0.01430081679254637,-0.9238801240667589,-0.3824052385952321
1763658763.0628424,766689.5245644432,3404176.7301395005,80.6407326348126,0.002538579962651234,-0.014263382718488978,-0.9238721752421658,-0.3824268758056995
1763658763.0727823,766689.5245644432,3404176.7301395005,80.6407326348126,0.002523291810984202,-0.014251988666924571,-0.9238620649107145,-0.382451825510593
1763658763.0877173,766689.5245644432,3404176.7301395005,80.6407326348126,0.002631930657942548,-0.01429100320631147,-0.9238591370293273,-0.3824567100938294
1763658763.0927122,766689.5245644432,3404176.7301395005,80.6407326348126,0.002796563383759933,-0.014334317312200372,-0.9238551714152993,-0.3824634999965902
1763658763.1036563,766689.5245644432,3404176.7301395005,80.6407326348126,0.0028170123780418077,-0.014349905036211506,-0.9238538834237124,-0.3824658765820021
1763658763.112867,766688.0969586778,3404178.0987783526,80.65261883568019,0.002723544544948788,-0.014349152465781676,-0.923848323582968,-0.3824800114274799
1763658763.1228874,766688.0969586778,3404178.0987783526,80.65261883568019,0.002738550717514783,-0.01442188341148068,-0.9238414758182321,-0.3824937086761353
1763658763.1328442,766688.0969586778,3404178.0987783526,80.65261883568019,0.0027695533567302496,-0.014506986145641367,-0.9238376932766659,-0.3824994031478002
1763658763.1427667,766688.0969586778,3404178.0987783526,80.65261883568019,0.002981737310406468,-0.014641023100636755,-0.9238343362425192,-0.3825008089723766
1763658763.1528022,766688.0969586778,3404178.0987783526,80.65261883568019,0.003048059890817398,-0.014707005173537766,-0.9238403181955896,-0.38248330657167096
1763658763.1627262,766688.0969586778,3404178.0987783526,80.65261883568019,0.00318748839059775,-0.014815950114707734,-0.9238408765615405,-0.38247661671527455
1763658763.172769,766688.0969586778,3404178.0987783526,80.65261883568019,0.003219166577136349,-0.014906591768220488,-0.9238428644303582,-0.38246802785267553
1763658763.1827497,766688.0969586778,3404178.0987783526,80.65261883568019,0.0032556492883703183,-0.015001711533458098,-0.9238399206992127,-0.38247111044005727
1763658763.1927354,766688.0969586778,3404178.0987783526,80.65261883568019,0.003328902362289195,-0.015105344480918843,-0.9238362333326761,-0.382475307645956
1763658763.2034721,766688.0969586778,3404178.0987783526,80.65261883568019,0.003232215396652984,-0.015129375426886834,-0.9238341707766466,-0.3824801690130454
1763658763.2127964,766686.6759436465,3404179.473894071,80.65339274238795,0.0033646939901113993,-0.015202469335389625,-0.9238325970081736,-0.3824799294938144
1763658763.222828,766686.6759436465,3404179.473894071,80.65339274238795,0.0034659056279551497,-0.015187028318136037,-0.9238411156749542,-0.3824590627210947
1763658763.2326674,766686.6759436465,3404179.473894071,80.65339274238795,0.003468596293801548,-0.015140475454876366,-0.9238533446630006,-0.38243134337778545
1763658763.2426467,766686.6759436465,3404179.473894071,80.65339274238795,0.0034348833180524903,-0.015155760289843893,-0.9238613529644137,-0.3824116956963936
1763658763.2557967,766686.6759436465,3404179.473894071,80.65339274238795,0.0034699748295696515,-0.015220231867701974,-0.9238622838100171,-0.3824065694649017
1763658763.2626798,766686.6759436465,3404179.473894071,80.65339274238795,0.003523666274974008,-0.015262063874846594,-0.9238630154457427,-0.38240264365425386
1763658763.2726636,766686.6759436465,3404179.473894071,80.65339274238795,0.003457937841450461,-0.015260517758875443,-0.9238682304533744,-0.3823907059835086
1763658763.2826092,766686.6759436465,3404179.473894071,80.65339274238795,0.003433925703289745,-0.015301322082642121,-0.9238742780525964,-0.3823746801889235
1763658763.292635,766686.6759436465,3404179.473894071,80.65339274238795,0.003418210850264617,-0.015330658271354148,-0.9238826282298346,-0.38235346998122505
1763658763.303417,766686.6759436465,3404179.473894071,80.65339274238795,0.0033718690487861396,-0.015374444688200942,-0.9238939411211555,-0.3823247866791609
1763658763.3125951,766685.2511032855,3404180.839550364,80.64061306137592,0.0032633112590430453,-0.015426365895055735,-0.9239071463316725,-0.38229172498520564
1763658763.3225334,766685.2511032855,3404180.839550364,80.64061306137592,0.003272576917605589,-0.015546616482189402,-0.9239210431456168,-0.38225318702267125
1763658763.3326674,766685.2511032855,3404180.839550364,80.64061306137592,0.003235794219142318,-0.015632071980987337,-0.9239361383604612,-0.38221352696223504
1763658763.342545,766685.2511032855,3404180.839550364,80.64061306137592,0.003151458624887237,-0.015692469118181885,-0.9239506346644193,-0.38217671230037986
1763658763.3527002,766685.2511032855,3404180.839550364,80.64061306137592,0.0031091079062269987,-0.015739445643436194,-0.9239680525962011,-0.3821330149050831
1763658763.362524,766685.2511032855,3404180.839550364,80.64061306137592,0.0029799706776000925,-0.015734823481814604,-0.9239860894305084,-0.38209061967506225
1763658763.372549,766685.2511032855,3404180.839550364,80.64061306137592,0.0029052618783955257,-0.01579059953337938,-0.9240056006610904,-0.38204170762723266
1763658763.3825364,766685.2511032855,3404180.839550364,80.64061306137592,0.0028546293078685146,-0.01586950333650316,-0.9240269310518587,-0.3819872257631804
1763658763.3925674,766685.2511032855,3404180.839550364,80.64061306137592,0.0027429840390840576,-0.015894258205473168,-0.9240483110141295,-0.38193529230302053
1763658763.4035277,766685.2511032855,3404180.839550364,80.64061306137592,0.002802530797397009,-0.01592572402035047,-0.9240696895251619,-0.38188182208168564
1763658763.4127362,766683.8371337841,3404182.208573319,80.64723859447986,0.0027357918386482468,-0.01587776326011933,-0.924096286260022,-0.38181993897294886
1763658763.4228368,766683.8371337841,3404182.208573319,80.64723859447986,0.0026792445730606683,-0.015856510967467118,-0.9241244240294051,-0.38175311605902623
1763658763.4328194,766683.8371337841,3404182.208573319,80.64723859447986,0.002643845246681727,-0.01586793172808053,-0.9241522622175395,-0.3816854923404716
1763658763.4429216,766683.8371337841,3404182.208573319,80.64723859447986,0.0026398544952541073,-0.015891342027608862,-0.9241793335199822,-0.3816189931218927
1763658763.4527924,766683.8371337841,3404182.208573319,80.64723859447986,0.0025142961707904097,-0.01586851649975758,-0.9242082607970032,-0.3815507294888072
1763658763.462608,766683.8371337841,3404182.208573319,80.64723859447986,0.0024712136165105153,-0.01588470021479023,-0.9242382993051018,-0.38147756880314826
1763658763.475755,766683.8371337841,3404182.208573319,80.64723859447986,0.00245489966650977,-0.015883699247589603,-0.9242710210246388,-0.3813984284969083
1763658763.4837656,766683.8371337841,3404182.208573319,80.64723859447986,0.0024416236561854996,-0.015898714611332,-0.9243057430798491,-0.3813137325841238
1763658763.4925182,766683.8371337841,3404182.208573319,80.64723859447986,0.00245223195646202,-0.01599876649911546,-0.9243391472779623,-0.3812284968865624
1763658763.5034492,766683.8371337841,3404182.208573319,80.64723859447986,0.002504866516788519,-0.01609744427178523,-0.9243745977138699,-0.3811380340939108
1763658763.5128493,766682.4159622972,3404183.5698254486,80.64889584295452,0.002433411229884581,-0.016146970595137186,-0.9244100688879897,-0.38105036201122844
1763658763.5225673,766682.4159622972,3404183.5698254486,80.64889584295452,0.0024139138901452806,-0.016193260124260818,-0.9244446899824239,-0.3809645213265662
1763658763.5327783,766682.4159622972,3404183.5698254486,80.64889584295452,0.0024184135853604185,-0.01627253053205243,-0.9244796147641119,-0.380876355148771
1763658763.5427716,766682.4159622972,3404183.5698254486,80.64889584295452,0.0023890172797473488,-0.016357128367748153,-0.9245139607927919,-0.38078953930908066
1763658763.5527844,766682.4159622972,3404183.5698254486,80.64889584295452,0.0024762184139083864,-0.016501346818827263,-0.9245483081777306,-0.3806993561082389
1763658763.571782,766682.4159622972,3404183.5698254486,80.64889584295452,0.002371686361198653,-0.016583523117663302,-0.9245812797318212,-0.3806163672706127
1763658763.5729837,766682.4159622972,3404183.5698254486,80.64889584295452,0.0023683774648010896,-0.01669802102905521,-0.9246161881836281,-0.38052657125445893
1763658763.582663,766682.4159622972,3404183.5698254486,80.64889584295452,0.0023722185484261124,-0.016788321591841328,-0.9246544775376626,-0.3804295230484088
1763658763.5926049,766682.4159622972,3404183.5698254486,80.64889584295452,0.0023168445647587504,-0.01684757446223392,-0.924693800023668,-0.38033165482745596
1763658763.603539,766682.4159622972,3404183.5698254486,80.64889584295452,0.0023337157091737936,-0.01693988184317606,-0.9247355646830178,-0.3802258928380708
1763658763.6125093,766680.9980236534,3404184.9373801113,80.63242619950324,0.002276261157896542,-0.017070614202983978,-0.9247722147263977,-0.3801312452770848
1763658763.6225424,766680.9980236534,3404184.9373801113,80.63242619950324,0.0022932326838761676,-0.017212957804468642,-0.9248097351622323,-0.3800334313144578
1763658763.632589,766680.9980236534,3404184.9373801113,80.63242619950324,0.0022743581960161094,-0.0173029875948863,-0.9248476075889183,-0.3799372798925396
1763658763.642577,766680.9980236534,3404184.9373801113,80.63242619950324,0.002262621623960046,-0.017346987978350124,-0.9248836060570238,-0.3798477034265465
1763658763.6525145,766680.9980236534,3404184.9373801113,80.63242619950324,0.0023401740338286244,-0.01740516629736063,-0.9249217650039606,-0.37975164567597447
1763658763.6625154,766680.9980236534,3404184.9373801113,80.63242619950324,0.0023565599444206513,-0.01744941859934045,-0.9249592777193704,-0.37965813434803947
1763658763.6725159,766680.9980236534,3404184.9373801113,80.63242619950324,0.0024952788105128696,-0.017493565271454757,-0.9249989599369188,-0.379558523647368
1763658763.6825316,766680.9980236534,3404184.9373801113,80.63242619950324,0.0024440889419739195,-0.017465249710113234,-0.9250405802735973,-0.3794587149202052
1763658763.695326,766680.9980236534,3404184.9373801113,80.63242619950324,0.0024455125023683227,-0.017485720806484542,-0.9250806429376992,-0.3793600836915387
1763658763.7034364,766680.9980236534,3404184.9373801113,80.63242619950324,0.002485597186902288,-0.0175153345607832,-0.9251238500426289,-0.3792530776989839
1763658763.7125828,766679.5732431161,3404186.2999220826,80.64008231647313,0.0023952554235914143,-0.017488991059841315,-0.9251672200003029,-0.37914906432704737
1763658763.7225847,766679.5732431161,3404186.2999220826,80.64008231647313,0.0024143101105787686,-0.017517893300485234,-0.9252089006926183,-0.37904588719594345
1763658763.732613,766679.5732431161,3404186.2999220826,80.64008231647313,0.002393692996547179,-0.01754353718947927,-0.92524721005598,-0.378951309300212
1763658763.742633,766679.5732431161,3404186.2999220826,80.64008231647313,0.002487817530021947,-0.017604350553374403,-0.9252861997838278,-0.3788526706981669
1763658763.7525861,766679.5732431161,3404186.2999220826,80.64008231647313,0.00248793114485281,-0.01757206776619311,-0.9253275413536572,-0.37875318328092533
1763658763.7625484,766679.5732431161,3404186.2999220826,80.64008231647313,0.0025384643846115135,-0.01749986562791,-0.9253712392777262,-0.378649416240377
1763658763.7725377,766679.5732431161,3404186.2999220826,80.64008231647313,0.0025669358194015555,-0.01739219928949169,-0.9254135161641446,-0.3785508504086184
1763658763.7917254,766679.5732431161,3404186.2999220826,80.64008231647313,0.002647809406558758,-0.01725299094313095,-0.9254531180405065,-0.3784598389763006
1763658763.7926984,766679.5732431161,3404186.2999220826,80.64008231647313,0.002657773159157574,-0.01705976780713852,-0.9254968519310992,-0.37836156996955456
1763658763.8034835,766679.5732431161,3404186.2999220826,80.64008231647313,0.002581076571713567,-0.01681894658052924,-0.9255370101192945,-0.37827464094106183
1763658763.812568,766678.1489509696,3404187.6518725003,80.62889553792775,0.002626180383946631,-0.016622104040546367,-0.9255800198660544,-0.37817778313725764
1763658763.8226626,766678.1489509696,3404187.6518725003,80.62889553792775,0.002625019076326847,-0.0163932314691397,-0.9256201891020363,-0.3780894560333022
1763658763.8325477,766678.1489509696,3404187.6518725003,80.62889553792775,0.002615111740308264,-0.016130827481614186,-0.925661188120478,-0.37800042645839543
1763658763.8426654,766678.1489509696,3404187.6518725003,80.62889553792775,0.0026716476553299536,-0.015894549307125836,-0.9257020285582938,-0.37791001564418586
1763658763.852783,766678.1489509696,3404187.6518725003,80.62889553792775,0.0026233711255791783,-0.015662668943214237,-0.9257384807284031,-0.37783073462091554
1763658763.8627586,766678.1489509696,3404187.6518725003,80.62889553792775,0.0026870654767815636,-0.015460164524873655,-0.9257751370418861,-0.3777488036077209
1763658763.87277,766678.1489509696,3404187.6518725003,80.62889553792775,0.002635187254349491,-0.015186387631275097,-0.9258115734281775,-0.3776709678083415
1763658763.8831387,766678.1489509696,3404187.6518725003,80.62889553792775,0.0026828685580289457,-0.014897973751321054,-0.9258498869685223,-0.37758818757315477
1763658763.892862,766678.1489509696,3404187.6518725003,80.62889553792775,0.0027732836542211812,-0.01458405924357632,-0.9258898137570657,-0.3775018766770032
1763658763.903589,766678.1489509696,3404187.6518725003,80.62889553792775,0.0028280767167192114,-0.0142372456117754,-0.9259280429244687,-0.3774209349592803
1763658763.912618,766676.7109845281,3404188.989549591,80.60958970151842,0.002933104659641932,-0.013847316528671032,-0.925969331870393,-0.377333334278206
1763658763.9225516,766676.7109845281,3404188.989549591,80.60958970151842,0.0029226433994251257,-0.013436928495471127,-0.9260088197416418,-0.37725133912135944
1763658763.9325848,766676.7109845281,3404188.989549591,80.60958970151842,0.00309089647665321,-0.013118452152784985,-0.926044727805069,-0.3771730566683168
1763658763.9426181,766676.7109845281,3404188.989549591,80.60958970151842,0.0031548597253524026,-0.01278118182394231,-0.9260783166695342,-0.37710163039400735
1763658763.9525778,766676.7109845281,3404188.989549591,80.60958970151842,0.0030972113570957964,-0.012425912954515533,-0.9261109478594952,-0.3770338396269539
1763658763.963754,766676.7109845281,3404188.989549591,80.60958970151842,0.003130451857665405,-0.0121245117766305,-0.9261438708370877,-0.3769625007825594
1763658763.9727533,766676.7109845281,3404188.989549591,80.60958970151842,0.00313299829347508,-0.011877367289721268,-0.9261743214794863,-0.37689552756695216
1763658763.9826796,766676.7109845281,3404188.989549591,80.60958970151842,0.003255115820213441,-0.011736132660255218,-0.9262025086485115,-0.3768296437176643
1763658763.9927194,766676.7109845281,3404188.989549591,80.60958970151842,0.0032574643428560507,-0.011525388012738821,-0.9262321649825596,-0.3767632292420946
1763658764.00543,766676.7109845281,3404188.989549591,80.60958970151842,0.003270068735115049,-0.011269619201220524,-0.926261677586548,-0.3766982970071424
1763658764.012973,766676.7109845281,3404188.989549591,80.60958970151842,0.003403138262438656,-0.010928079138617243,-0.926292357691541,-0.3766317350125361
1763658764.026495,766675.2884431515,3404190.3335234667,80.60433491133153,0.0034896397139536173,-0.010424362975688346,-0.9263294211325318,-0.37655405802551956
1763658764.0333738,766675.2884431515,3404190.3335234667,80.60433491133153,0.0034294103048952813,-0.00976556527857962,-0.9263767441065971,-0.3764558418436494
1763658764.042962,766675.2884431515,3404190.3335234667,80.60433491133153,0.0034299085308751066,-0.00917474924822795,-0.926428927734281,-0.37634226650857616
1763658764.0528915,766675.2884431515,3404190.3335234667,80.60433491133153,0.0034617621158758143,-0.008703318433097473,-0.926472111897634,-0.3762468529134074
1763658764.0637896,766675.2884431515,3404190.3335234667,80.60433491133153,0.0034302761497240373,-0.008290274537911525,-0.9265050452398227,-0.37617536561925047
1763658764.0757072,766675.2884431515,3404190.3335234667,80.60433491133153,0.0034812541439636995,-0.007867930681663865,-0.9265374185867632,-0.3761042255744422
1763658764.082742,766675.2884431515,3404190.3335234667,80.60433491133153,0.0032743061962641875,-0.00732322196517303,-0.9265784056649076,-0.3760161000468726
1763658764.0927322,766675.2884431515,3404190.3335234667,80.60433491133153,0.0032535424443312496,-0.00686254995034378,-0.9266240588802461,-0.37591245440134125
1763658764.1034856,766675.2884431515,3404190.3335234667,80.60433491133153,0.0032917037768181293,-0.006456431409660894,-0.9266747388837319,-0.3757943686305924
1763658764.1127734,766673.8386732703,3404191.658108529,80.62614320404828,0.003151983003950155,-0.006089800369916804,-0.9267278551908474,-0.37567068257713254
1763658764.1229312,766673.8386732703,3404191.658108529,80.62614320404828,0.0031791617858907047,-0.005872782403239267,-0.9267790575608454,-0.3755475759791489
1763658764.132539,766673.8386732703,3404191.658108529,80.62614320404828,0.0031615120153459988,-0.005629359833839086,-0.9268265449512715,-0.37543424287526933
1763658764.1426964,766673.8386732703,3404191.658108529,80.62614320404828,0.003179945383082382,-0.005358612812453134,-0.9268684056681593,-0.3753346930277714
1763658764.1526055,766673.8386732703,3404191.658108529,80.62614320404828,0.003390986258255264,-0.0050112932002867,-0.9269196337057367,-0.37521111497859416
1763658764.1626456,766673.8386732703,3404191.658108529,80.62614320404828,0.003456657677478693,-0.004561087212052446,-0.9269744982174963,-0.37508069485854045
1763658764.1725442,766673.8386732703,3404191.658108529,80.62614320404828,0.003732288447759773,-0.004178976944976917,-0.9270254840090879,-0.37495647503724
1763658764.1825376,766673.8386732703,3404191.658108529,80.62614320404828,0.004084285615435352,-0.0038747576521482863,-0.9270677094909435,-0.3748516598380807
1763658764.193414,766673.8386732703,3404191.658108529,80.62614320404828,0.004190991794389088,-0.003546530841608724,-0.927104339853495,-0.3747631261631594
1763658764.203663,766673.8386732703,3404191.658108529,80.62614320404828,0.004599083700596836,-0.0032904212167890814,-0.9271444590650715,-0.3746614119205056
1763658764.2128708,766672.41307559,3404192.989573563,80.6047217734158,0.004934136440630255,-0.002912914408936966,-0.9271846852544139,-0.3745607142465756
1763658764.2227354,766672.41307559,3404192.989573563,80.6047217734158,0.005218969563040686,-0.002477516991233546,-0.9272280116598308,-0.3744527188572871
1763658764.2328408,766672.41307559,3404192.989573563,80.6047217734158,0.005513763611900191,-0.002176568907708034,-0.9272675295315297,-0.37435249382783026
1763658764.2428207,766672.41307559,3404192.989573563,80.6047217734158,0.005873527523447544,-0.0020663725855243334,-0.9273068599879766,-0.374250209349318
1763658764.2527926,766672.41307559,3404192.989573563,80.6047217734158,0.006257191260637574,-0.0020606942708390062,-0.9273451259333719,-0.3741491928419312
1763658764.2630866,766672.41307559,3404192.989573563,80.6047217734158,0.0065110999300562085,-0.002018942050976318,-0.9273809507966497,-0.374056281260184
1763658764.27633,766672.41307559,3404192.989573563,80.6047217734158,0.006429347459447254,-0.0018323586913041195,-0.9274199160763072,-0.3739620371346367
1763658764.2825453,766672.41307559,3404192.989573563,80.6047217734158,0.006496413425206174,-0.0016046460936389546,-0.9274597978060417,-0.3738630032205631
1763658764.29263,766672.41307559,3404192.989573563,80.6047217734158,0.006617583699283283,-0.0013049085384896062,-0.9275055041239797,-0.3737486382843572
1763658764.3033473,766672.41307559,3404192.989573563,80.6047217734158,0.006612207631303819,-0.0009940182960472155,-0.9275552462044643,-0.3736262248242795
1763658764.3125217,766670.9703817018,3404194.317432974,80.61695368867368,0.0067113801429225135,-0.0008635894252278981,-0.9275986544820127,-0.37351699799746924
1763658764.3225675,766670.9703817018,3404194.317432974,80.61695368867368,0.006854261157641005,-0.0008211194724149573,-0.9276365788640584,-0.3734203026352221
1763658764.3325512,766670.9703817018,3404194.317432974,80.61695368867368,0.006922066248309627,-0.000715595470119978,-0.9276731898606357,-0.3733283082432535
1763658764.3427649,766670.9703817018,3404194.317432974,80.61695368867368,0.006769441098274077,-0.0004957513098028587,-0.9277144936701773,-0.37322881337343483
1763658764.3528628,766670.9703817018,3404194.317432974,80.61695368867368,0.006308141174767039,-0.0002036562379423546,-0.9277591923724982,-0.3731260468627005
1763658764.3680303,766670.9703817018,3404194.317432974,80.61695368867368,0.0063139945079558335,-0.000171681735999709,-0.9278017294305739,-0.3730201802374387
1763658764.3727314,766670.9703817018,3404194.317432974,80.61695368867368,0.006351319363102801,-0.00020881202468954908,-0.9278448021661188,-0.37291237607942496
1763658764.382689,766670.9703817018,3404194.317432974,80.61695368867368,0.006259989836736861,-0.0002967982013090671,-0.9278860125751276,-0.3728113089828441
1763658764.4037652,766670.9703817018,3404194.317432974,80.61695368867368,0.006081146536370999,-0.0003176739240342394,-0.9279306325310452,-0.3727031794211253
1763658764.4044836,766670.9703817018,3404194.317432974,80.61695368867368,0.005834406235885303,-0.0002664056242069933,-0.9279793888719151,-0.3725857519562777
1763658764.4157493,766669.5261683977,3404195.6407718603,80.63802009262145,0.005910380046758313,-0.00035253397179758634,-0.9280297877267809,-0.3724589322586957
1763658764.4237533,766669.5261683977,3404195.6407718603,80.63802009262145,0.005931750675363159,-0.0004821201422777646,-0.928082876757627,-0.3723261416599444
1763658764.4358401,766669.5261683977,3404195.6407718603,80.63802009262145,0.005571811566773075,-0.0005854344134908068,-0.9281333089479484,-0.3722058207547863
1763658764.442672,766669.5261683977,3404195.6407718603,80.63802009262145,0.0053480996583456205,-0.0007988913896334179,-0.9281830637618478,-0.3720846136946025
1763658764.4526079,766669.5261683977,3404195.6407718603,80.63802009262145,0.005197393355300595,-0.0010818201132625277,-0.9282280407588459,-0.37197381778365424
1763658764.4627142,766669.5261683977,3404195.6407718603,80.63802009262145,0.005157824897986309,-0.0013806316167367736,-0.9282748762762181,-0.3718564841078242
1763658764.4726822,766669.5261683977,3404195.6407718603,80.63802009262145,0.0052259818404188155,-0.001698599288470345,-0.9283258816427105,-0.37172686390217347
1763658764.4917393,766669.5261683977,3404195.6407718603,80.63802009262145,0.005053972820256531,-0.0019235663750181088,-0.9283822073101423,-0.37158745188862513
1763658764.495694,766669.5261683977,3404195.6407718603,80.63802009262145,0.005082176308935191,-0.0022289238636525486,-0.9284387843610499,-0.37144397569021215
1763658764.5036197,766669.5261683977,3404195.6407718603,80.63802009262145,0.005074759579062014,-0.0025655761422070248,-0.9284907684392435,-0.37131194103795845
1763658764.5128891,766668.0973928596,3404196.9615311367,80.63800490181893,0.005021939810690701,-0.0029024151396292597,-0.9285427221803009,-0.3711802381497317
1763658764.5226212,766668.0973928596,3404196.9615311367,80.63800490181893,0.0049994159973536,-0.00321706746785082,-0.9285937793917036,-0.37105019767091474
1763658764.5325997,766668.0973928596,3404196.9615311367,80.63800490181893,0.004988304492162899,-0.003443377656254685,-0.9286483211567722,-0.3709117894881728
1763658764.542682,766668.0973928596,3404196.9615311367,80.63800490181893,0.004986608486288553,-0.0036238592826023292,-0.9287043532921269,-0.3707697743289721
1763658764.5527139,766668.0973928596,3404196.9615311367,80.63800490181893,0.0050380962261830165,-0.0038615349285125626,-0.9287588067983635,-0.37063025366110086
1763658764.5626302,766668.0973928596,3404196.9615311367,80.63800490181893,0.004994488958000922,-0.004119294522598804,-0.9288121530278486,-0.370494360119634
1763658764.5726607,766668.0973928596,3404196.9615311367,80.63800490181893,0.004971524039067812,-0.004412700779295394,-0.9288621204817787,-0.3703659989181716
1763658764.5825584,766668.0973928596,3404196.9615311367,80.63800490181893,0.004993636887193688,-0.004708203276791286,-0.9289130370360874,-0.37023433935405814
1763658764.592559,766668.0973928596,3404196.9615311367,80.63800490181893,0.005024294450615679,-0.004996719898367456,-0.9289640706736657,-0.3701020732891722
1763658764.6033874,766668.0973928596,3404196.9615311367,80.63800490181893,0.005116538204293797,-0.005294295407590513,-0.9290133578701667,-0.36997293464757525
1763658764.6125574,766666.6596113188,3404198.290340227,80.66600320115685,0.00513380097677571,-0.005569229982096331,-0.9290611784129459,-0.36984855621035717
1763658764.6225395,766666.6596113188,3404198.290340227,80.66600320115685,0.005128251667719416,-0.005867553322255435,-0.9291070666150643,-0.36972872706728327
1763658764.6325977,766666.6596113188,3404198.290340227,80.66600320115685,0.005173323698995606,-0.006210322599676632,-0.929151915582133,-0.36960977582467497
1763658764.642724,766666.6596113188,3404198.290340227,80.66600320115685,0.005196825315564875,-0.0065196334534388485,-0.9291977955046294,-0.3694887606079634
1763658764.6526253,766666.6596113188,3404198.290340227,80.66600320115685,0.005224479911299631,-0.0067907169610036365,-0.9292426656466874,-0.36937062594994025
1763658764.6626968,766666.6596113188,3404198.290340227,80.66600320115685,0.005236843278102256,-0.007017034574188432,-0.9292873081489958,-0.3692538904486427
1763658764.6726124,766666.6596113188,3404198.290340227,80.66600320115685,0.005306214840751847,-0.007281771051854524,-0.9293278506860425,-0.36914572438763693
1763658764.682563,766666.6596113188,3404198.290340227,80.66600320115685,0.005391596324606174,-0.007567159616253645,-0.9293654928618201,-0.3690439668415144
1763658764.6925886,766666.6596113188,3404198.290340227,80.66600320115685,0.005364388161719329,-0.007819316622077611,-0.929400094451283,-0.36895195630482863
1763658764.7034597,766666.6596113188,3404198.290340227,80.66600320115685,0.005356418111116284,-0.00807104734482855,-0.9294321963350695,-0.3688657742262696
1763658764.712559,766665.2223396321,3404199.6095270254,80.65831434633583,0.005417412510953325,-0.008316705620345389,-0.9294621026139462,-0.3687840612794602
1763658764.7238524,766665.2223396321,3404199.6095270254,80.65831434633583,0.005529859911878575,-0.008539885918743844,-0.92949039960822,-0.36870596419640606
1763658764.7327654,766665.2223396321,3404199.6095270254,80.65831434633583,0.005567103614368644,-0.008653815469402547,-0.9295195263641185,-0.36862931101988233
1763658764.7425776,766665.2223396321,3404199.6095270254,80.65831434633583,0.005467783731551379,-0.008686757998915934,-0.9295463011387913,-0.36856250164079984
1763658764.7526062,766665.2223396321,3404199.6095270254,80.65831434633583,0.0054991953175169625,-0.00876810482287932,-0.9295711337750578,-0.36849747141714284
1763658764.7626421,766665.2223396321,3404199.6095270254,80.65831434633583,0.005595701327043194,-0.008876696011720907,-0.9295944168056467,-0.368434678930124
1763658764.7760518,766665.2223396321,3404199.6095270254,80.65831434633583,0.005602063205453309,-0.008962410117070446,-0.9296165224742732,-0.36837672732621785
1763658764.7828128,766665.2223396321,3404199.6095270254,80.65831434633583,0.005617213954013764,-0.009016045097931146,-0.9296389376392185,-0.3683186167752212
1763658764.792676,766665.2223396321,3404199.6095270254,80.65831434633583,0.005568929245778493,-0.009045261755297608,-0.9296582966272934,-0.36826976766885594
1763658764.8036184,766665.2223396321,3404199.6095270254,80.65831434633583,0.00560784890890072,-0.009103228814232527,-0.9296756723806594,-0.36822388222294794
1763658764.8129146,766663.7792476269,3404200.921118463,80.65910644643009,0.005664682313535005,-0.009194258966371783,-0.9296898798274552,-0.3681848779115704
1763658764.8229403,766663.7792476269,3404200.921118463,80.65910644643009,0.0056407764264575265,-0.009270568503974995,-0.929702433610043,-0.3681516306367302
1763658764.832744,766663.7792476269,3404200.921118463,80.65910644643009,0.005738301111352803,-0.009388228282458737,-0.9297135620711338,-0.3681190372299099
1763658764.8426626,766663.7792476269,3404200.921118463,80.65910644643009,0.0057987510558302835,-0.009440188067051263,-0.9297236810900678,-0.3680912035838199
1763658764.852568,766663.7792476269,3404200.921118463,80.65910644643009,0.0057675856337167175,-0.009362375209164883,-0.9297349360558507,-0.3680652517742247
1763658764.8625498,766663.7792476269,3404200.921118463,80.65910644643009,0.005711938288682091,-0.009247348636504686,-0.929743157815724,-0.3680482587909181
1763658764.8725753,766663.7792476269,3404200.921118463,80.65910644643009,0.005660389186730404,-0.009144193364501974,-0.9297484344243219,-0.36803830290812056
1763658764.8837621,766663.7792476269,3404200.921118463,80.65910644643009,0.005777139252823969,-0.009108796778284002,-0.9297496231512643,-0.36803436352246716
1763658764.892537,766663.7792476269,3404200.921118463,80.65910644643009,0.00584628682837862,-0.009045884351068924,-0.9297471622634135,-0.36804104006178073
1763658764.9033656,766663.7792476269,3404200.921118463,80.65910644643009,0.005868399454800343,-0.008928997547249235,-0.9297447621139034,-0.36804960564087164
1763658764.9125428,766662.3307553881,3404202.2313387645,80.68520964682102,0.0058212942727357934,-0.008762295069499236,-0.9297418879781585,-0.3680616204617304
1763658764.9225454,766662.3307553881,3404202.2313387645,80.68520964682102,0.0058222170476446115,-0.008607908132812647,-0.9297371239002612,-0.3680772828468193
1763658764.9325416,766662.3307553881,3404202.2313387645,80.68520964682102,0.005916010027881031,-0.00846487204034629,-0.9297297204342494,-0.36809780454105245
1763658764.9425538,766662.3307553881,3404202.2313387645,80.68520964682102,0.005990200034059022,-0.008302227161560347,-0.9297188103959226,-0.368127863824107
1763658764.9525058,766662.3307553881,3404202.2313387645,80.68520964682102,0.006000920672512543,-0.008070026186604493,-0.9297096993787388,-0.3681558617074087
1763658764.9625804,766662.3307553881,3404202.2313387645,80.68520964682102,0.006067202427400325,-0.007830004522671252,-0.9297024163163556,-0.36817834968858454
1763658764.9726276,766662.3307553881,3404202.2313387645,80.68520964682102,0.006151274258948344,-0.007579261646205728,-0.9296963801709568,-0.36819744338453714
1763658764.9877815,766662.3307553881,3404202.2313387645,80.68520964682102,0.006280281167610591,-0.007355089358564237,-0.9296862748015624,-0.36822532663381147
1763658764.992583,766662.3307553881,3404202.2313387645,80.68520964682102,0.006302900027804955,-0.007135291092872314,-0.9296725743221541,-0.36826385327028555
1763658765.0050163,766662.3307553881,3404202.2313387645,80.68520964682102,0.006395205826527919,-0.006980283775365286,-0.9296525566666505,-0.368315762443059
1763658765.0127633,766662.3307553881,3404202.2313387645,80.68520964682102,0.006499883272584987,-0.006835647775015122,-0.9296331978710888,-0.36836550171387067
1763658765.02621,766660.8821912648,3404203.526135269,80.671411504969,0.006631519228779567,-0.006693992677595517,-0.9296146948363999,-0.3684124489739422
1763658765.0333107,766660.8821912648,3404203.526135269,80.671411504969,0.0067074166485079625,-0.006487518807124001,-0.9296030252092728,-0.36844421312241854
1763658765.0428462,766660.8821912648,3404203.526135269,80.671411504969,0.006760322482598997,-0.006296010076420605,-0.9295926106192766,-0.3684728437471169
1763658765.0527902,766660.8821912648,3404203.526135269,80.671411504969,0.006876056523340778,-0.0061641808230739285,-0.9295779069302414,-0.36851002383742526
1763658765.0626223,766660.8821912648,3404203.526135269,80.671411504969,0.0070388285951450144,-0.006070839713080235,-0.9295613650655143,-0.36855022503686474
1763658765.072631,766660.8821912648,3404203.526135269,80.671411504969,0.0070908083183803036,-0.005967995106542381,-0.9295437148957407,-0.3685954226107892
1763658765.0827084,766660.8821912648,3404203.526135269,80.671411504969,0.007280919680514516,-0.005880023804178524,-0.9295286024164449,-0.36863123961270394
1763658765.0927315,766660.8821912648,3404203.526135269,80.671411504969,0.007429384973547029,-0.005754243544173306,-0.9295133649616598,-0.36866868225793364
1763658765.10351,766660.8821912648,3404203.526135269,80.671411504969,0.007738284319754683,-0.005700690733038624,-0.9294965785873974,-0.368705480668887
1763658765.1129386,766659.43326546,3404204.826051693,80.6703158793971,0.007980527434115302,-0.005665210668602313,-0.9294782520224354,-0.368747061801544
1763658765.1227002,766659.43326546,3404204.826051693,80.6703158793971,0.008184485874642185,-0.005679790664687835,-0.9294582232783958,-0.36879284883134744
1763658765.139633,766659.43326546,3404204.826051693,80.6703158793971,0.008344460543235017,-0.005678754005390303,-0.9294384375178703,-0.368839141897289
1763658765.143876,766659.43326546,3404204.826051693,80.6703158793971,0.008475014670281306,-0.005622290131740053,-0.9294201703687306,-0.36888305855890496
1763658765.152714,766659.43326546,3404204.826051693,80.6703158793971,0.008606953675440622,-0.005538294137914338,-0.9294045057108746,-0.36892074001172037
1763658765.163952,766659.43326546,3404204.826051693,80.6703158793971,0.008752544977255399,-0.005482275419704376,-0.9293866559389179,-0.368963116551396
1763658765.175807,766659.43326546,3404204.826051693,80.6703158793971,0.008904387769600636,-0.005473332657353698,-0.9293701061766506,-0.36900130115390084
1763658765.1826124,766659.43326546,3404204.826051693,80.6703158793971,0.008995934022636773,-0.005467056679299066,-0.9293544549445287,-0.369038590850718
1763658765.1926794,766659.43326546,3404204.826051693,80.6703158793971,0.00916018840398064,-0.005475279882913964,-0.9293410344008135,-0.3690682240960785
1763658765.2037623,766659.43326546,3404204.826051693,80.6703158793971,0.009334412251407213,-0.005463965683094957,-0.9293295498114447,-0.3690929444925659
1763658765.2126317,766657.9845248759,3404206.1295834235,80.67083083279431,0.009517430936548218,-0.005459951818599084,-0.9293160043874109,-0.36912243419213114
1763658765.2228086,766657.9845248759,3404206.1295834235,80.67083083279431,0.009749562069808905,-0.005467114367577472,-0.9293026024564782,-0.3691500098436343
1763658765.2328181,766657.9845248759,3404206.1295834235,80.67083083279431,0.009908128855918404,-0.005465421848582495,-0.9292882959593738,-0.36918182666474053
1763658765.2427409,766657.9845248759,3404206.1295834235,80.67083083279431,0.010059442786566068,-0.005493984392584833,-0.9292717300924487,-0.36921900736189756
1763658765.2528477,766657.9845248759,3404206.1295834235,80.67083083279431,0.010210049453781487,-0.005504070711235683,-0.9292548105893916,-0.3692573047242676
1763658765.2630396,766657.9845248759,3404206.1295834235,80.67083083279431,0.01019238095347446,-0.005478272615421604,-0.9292392587943032,-0.36929731086898565
1763658765.2728372,766657.9845248759,3404206.1295834235,80.67083083279431,0.010353505369853435,-0.005488984953883553,-0.9292243560919513,-0.36933016667506446
1763658765.2828825,766657.9845248759,3404206.1295834235,80.67083083279431,0.010342725185642467,-0.005449185436667031,-0.9292134932590277,-0.369358387422252
1763658765.2925692,766657.9845248759,3404206.1295834235,80.67083083279431,0.010270635757659009,-0.0054350583230444996,-0.9292028963086125,-0.3693872651755125
1763658765.3034565,766657.9845248759,3404206.1295834235,80.67083083279431,0.010202637329551307,-0.005493829892006113,-0.9291909205661442,-0.3694184039298539
1763658765.3125544,766656.5372483805,3404207.435117402,80.66184846963733,0.009969954964654755,-0.005590825127537156,-0.9291781832238502,-0.36945533761636384
1763658765.3225887,766656.5372483805,3404207.435117402,80.66184846963733,0.009798449149661131,-0.005782511125780806,-0.9291619210522744,-0.3694978720179435
1763658765.3326697,766656.5372483805,3404207.435117402,80.66184846963733,0.009511625585955084,-0.005968009986606252,-0.9291433288292557,-0.36954916631972223
1763658765.3427255,766656.5372483805,3404207.435117402,80.66184846963733,0.009266623567182986,-0.0061476865856143065,-0.9291229434443415,-0.36960369533140797
1763658765.3526611,766656.5372483805,3404207.435117402,80.66184846963733,0.009157829483707906,-0.006314114499258034,-0.9291068871886146,-0.369643961530444
1763658765.3626778,766656.5372483805,3404207.435117402,80.66184846963733,0.008888843712449288,-0.006369906505226927,-0.9290968211269209,-0.3696748702852553
1763658765.372793,766656.5372483805,3404207.435117402,80.66184846963733,0.008661869953247685,-0.006361311765610936,-0.92909359267078,-0.36968851994569235
1763658765.382512,766656.5372483805,3404207.435117402,80.66184846963733,0.008280560143375998,-0.006296867061599782,-0.9290898552979053,-0.36970775292308616
1763658765.392467,766656.5372483805,3404207.435117402,80.66184846963733,0.008108074929593147,-0.0063405339959210156,-0.9290857669057895,-0.3697211036479574
1763658765.4034479,766656.5372483805,3404207.435117402,80.66184846963733,0.007921184234421768,-0.006439428097562606,-0.9290801632560182,-0.3697375269705135
1763658765.4125755,766655.1061337537,3404208.742977639,80.6521842284128,0.007677481131250448,-0.006544080857753868,-0.9290699670378384,-0.369766450124286
1763658765.4226606,766655.1061337537,3404208.742977639,80.6521842284128,0.007516354758926156,-0.00667486628960152,-0.9290611852471657,-0.3697894869223372
1763658765.432746,766655.1061337537,3404208.742977639,80.6521842284128,0.007418373111844453,-0.0068832184527357785,-0.9290543542942498,-0.3698048077175309
1763658765.4428213,766655.1061337537,3404208.742977639,80.6521842284128,0.007394698563318042,-0.007217337987353778,-0.9290508570057603,-0.36980769808428343
1763658765.4526396,766655.1061337537,3404208.742977639,80.6521842284128,0.007317340430598988,-0.007646209345376629,-0.929045816366307,-0.36981328140553754
1763658765.4626622,766655.1061337537,3404208.742977639,80.6521842284128,0.0072879228008509945,-0.008159849973295072,-0.9290381441540015,-0.369822159607224
1763658765.4726343,766655.1061337537,3404208.742977639,80.6521842284128,0.007470008163923315,-0.008796060381685301,-0.929027896176035,-0.36982968570211183
1763658765.4825556,766655.1061337537,3404208.742977639,80.6521842284128,0.00778418206299081,-0.009401586964302381,-0.9290227370455153,-0.36982126862123804
1763658765.4925718,766655.1061337537,3404208.742977639,80.6521842284128,0.00779988967258835,-0.009784276939417092,-0.9290203345103114,-0.36981704627047346
1763658765.5036433,766655.1061337537,3404208.742977639,80.6521842284128,0.007818232421832603,-0.010060554212509218,-0.9290191609144083,-0.36981219442390467
1763658765.5126708,766653.6749340105,3404210.058389704,80.64105269405991,0.007783777500316256,-0.010339654618031454,-0.9290143515863672,-0.369817304755695
1763658765.522828,766653.6749340105,3404210.058389704,80.64105269405991,0.007892219677681795,-0.010766154715689815,-0.9290005883431727,-0.36983740973465085
1763658765.532841,766653.6749340105,3404210.058389704,80.64105269405991,0.008375772182525911,-0.01141560206128065,-0.9289786549531283,-0.3698623921290206
1763658765.5427606,766653.6749340105,3404210.058389704,80.64105269405991,0.008298419766502725,-0.011837071177466137,-0.9289556137911956,-0.36990875575084897
1763658765.5528333,766653.6749340105,3404210.058389704,80.64105269405991,0.008472444594731066,-0.01228738365163614,-0.9289284708368036,-0.3699582867762041
1763658765.5678148,766653.6749340105,3404210.058389704,80.64105269405991,0.008186255926965319,-0.012517793201430327,-0.9289094719815508,-0.3700047066325247
1763658765.5726573,766653.6749340105,3404210.058389704,80.64105269405991,0.007751184680536425,-0.01269519077438151,-0.92888983833264,-0.37005731922178264
1763658765.5826855,766653.6749340105,3404210.058389704,80.64105269405991,0.007248439942935769,-0.012917445422821748,-0.9288743063329823,-0.37009880134440165
1763658765.5926077,766653.6749340105,3404210.058389704,80.64105269405991,0.0067687239513616595,-0.013129957469425588,-0.9288567529991631,-0.3701444596380891
1763658765.6035483,766653.6749340105,3404210.058389704,80.64105269405991,0.006505830518816685,-0.013405631793818262,-0.9288354940602078,-0.3701926365818187
1763658765.612564,766652.2437036,3404211.372568054,80.64063357748091,0.006129278974871945,-0.013564427655385692,-0.9288160339204515,-0.37024210102838473
1763658765.6225367,766652.2437036,3404211.372568054,80.64063357748091,0.005684401696059606,-0.013692445541904952,-0.9287936666098617,-0.3703005932723425
1763658765.6326761,766652.2437036,3404211.372568054,80.64063357748091,0.005330561058920818,-0.013841941902929478,-0.9287724595502602,-0.3703534853948495
1763658765.6490593,766652.2437036,3404211.372568054,80.64063357748091,0.005045789535875911,-0.014046797781981193,-0.9287484688656871,-0.37040992030407827
1763658765.6528466,766652.2437036,3404211.372568054,80.64063357748091,0.004537814704495536,-0.014196296312867014,-0.9287219645577107,-0.3704772408080842
1763658765.6634023,766652.2437036,3404211.372568054,80.64063357748091,0.0039639757278272306,-0.014283057307180297,-0.9286938942533862,-0.37055084934036936
1763658765.6726997,766652.2437036,3404211.372568054,80.64063357748091,0.0036303837299450237,-0.014369465082871003,-0.928668633070996,-0.3706142316982084
1763658765.68249,766652.2437036,3404211.372568054,80.64063357748091,0.0033014211836395572,-0.014338475413513296,-0.9286451288726165,-0.37067739796505805
1763658765.692588,766652.2437036,3404211.372568054,80.64063357748091,0.0031541594950893082,-0.014314534045869638,-0.9286255201270155,-0.3707287266476111
1763658765.703382,766652.2437036,3404211.372568054,80.64063357748091,0.0028928377576354697,-0.014243646551668128,-0.9286031511279114,-0.3707896138485171
1763658765.7125144,766650.8225573824,3404212.6803017287,80.62591088470072,0.002653269882215383,-0.014157170661358765,-0.9285762607159143,-0.3708620534816789
1763658765.722539,766650.8225573824,3404212.6803017287,80.62591088470072,0.002405622377550206,-0.014046114058075695,-0.928547510546188,-0.3709399416608046
1763658765.7325678,766650.8225573824,3404212.6803017287,80.62591088470072,0.0019580954075440627,-0.013835472905500905,-0.9285176727210116,-0.37102517030063104
1763658765.7426898,766650.8225573824,3404212.6803017287,80.62591088470072,0.0017413364392851929,-0.013624687411268141,-0.928490381567121,-0.3711023403020955
1763658765.7526875,766650.8225573824,3404212.6803017287,80.62591088470072,0.0016638409201775606,-0.013422542122789509,-0.9284644239032129,-0.37117499988877123
1763658765.7629962,766650.8225573824,3404212.6803017287,80.62591088470072,0.001616013303226891,-0.013223151383816911,-0.9284373812889875,-0.3712500044360022
1763658765.772703,766650.8225573824,3404212.6803017287,80.62591088470072,0.0015313743200685284,-0.013064879338650089,-0.9284107563062658,-0.37132254361321204
1763658765.782714,766650.8225573824,3404212.6803017287,80.62591088470072,0.0014900035390402432,-0.012934145214157148,-0.9283872204327059,-0.3713861288662613
1763658765.792777,766650.8225573824,3404212.6803017287,80.62591088470072,0.0014785818923211966,-0.012786920887144719,-0.928361136166623,-0.37145647026970785
1763658765.8034723,766650.8225573824,3404212.6803017287,80.62591088470072,0.0015553103978397792,-0.012660428974356135,-0.9283329916774994,-0.371530821212528
1763658765.812557,766649.3956253761,3404213.9833792313,80.62100424524397,0.0016262864371073783,-0.012515068712458277,-0.9283045416210416,-0.3716065207357033
1763658765.8225436,766649.3956253761,3404213.9833792313,80.62100424524397,0.0018266087290562637,-0.012400269641649253,-0.9282727345501807,-0.3716888848272102
1763658765.8324904,766649.3956253761,3404213.9833792313,80.62100424524397,0.002097135641003385,-0.012297442782061761,-0.9282477274421306,-0.3717533206598769
1763658765.842535,766649.3956253761,3404213.9833792313,80.62100424524397,0.002236775321847455,-0.012207068403473485,-0.9282167176847862,-0.3718329051168474
1763658765.8525808,766649.3956253761,3404213.9833792313,80.62100424524397,0.002362650164947579,-0.01209781314646095,-0.9281893234299239,-0.37190407455682917
1763658765.8625658,766649.3956253761,3404213.9833792313,80.62100424524397,0.002562970466290805,-0.012007366350640737,-0.9281593463331783,-0.37198048624904734
1763658765.8726685,766649.3956253761,3404213.9833792313,80.62100424524397,0.002947003684058711,-0.011936119975028022,-0.9281260993190712,-0.3720628817444622
1763658765.8825772,766649.3956253761,3404213.9833792313,80.62100424524397,0.003292936895619882,-0.011835703255092131,-0.9280954143774494,-0.3721397244404441
1763658765.892911,766649.3956253761,3404213.9833792313,80.62100424524397,0.003657259806978592,-0.011773681036355708,-0.9280610160189606,-0.37222406616366577
1763658765.903455,766649.3956253761,3404213.9833792313,80.62100424524397,0.004100454802783234,-0.011719165171156867,-0.9280318733789843,-0.3722938213706942
1763658765.91254,766647.9561796824,3404215.2894745036,80.63154869992286,0.004420025729670776,-0.011618915228477158,-0.928003550421367,-0.37236390075677334
1763658765.9225872,766647.9561796824,3404215.2894745036,80.63154869992286,0.0046984642119770915,-0.01152343172507395,-0.9279738498231365,-0.37243746991911725
1763658765.9325507,766647.9561796824,3404215.2894745036,80.63154869992286,0.005072732195398734,-0.011434414351807833,-0.9279440330113187,-0.3725095880043811
1763658765.9427493,766647.9561796824,3404215.2894745036,80.63154869992286,0.005358054755408032,-0.011293452328030508,-0.927912155525342,-0.3725892924012525
1763658765.9528713,766647.9561796824,3404215.2894745036,80.63154869992286,0.0058204413082616705,-0.011162162687516339,-0.9278791615343718,-0.3726684722073845
1763658765.9627635,766647.9561796824,3404215.2894745036,80.63154869992286,0.006167277785017986,-0.01099683747640713,-0.927849518690055,-0.3727416060984783
1763658765.9729004,766647.9561796824,3404215.2894745036,80.63154869992286,0.006494510586268518,-0.010916852923802223,-0.9278156447949812,-0.3728227097806113
1763658765.9826925,766647.9561796824,3404215.2894745036,80.63154869992286,0.007011538185068302,-0.01097041421913557,-0.9277821623934268,-0.3728950891185307
1763658765.9926157,766647.9561796824,3404215.2894745036,80.63154869992286,0.007291983789230515,-0.010915496693132033,-0.927748920132878,-0.3729740206725379
1763658766.0058165,766647.9561796824,3404215.2894745036,80.63154869992286,0.007485915187692259,-0.010833280939489593,-0.9277159700626316,-0.3730545268303804
1763658766.012613,766647.9561796824,3404215.2894745036,80.63154869992286,0.0078057474705577915,-0.010777208646904235,-0.927679831617642,-0.3731394539445942
1763658766.0268779,766646.5200038671,3404216.6024828586,80.63459715526551,0.008085939329804316,-0.010648128349479279,-0.9276428129032678,-0.37322921458096064
1763658766.0330727,766646.5200038671,3404216.6024828586,80.63459715526551,0.008367108126637776,-0.010489390507017408,-0.9276094354856482,-0.37331045978700544
1763658766.0428982,766646.5200038671,3404216.6024828586,80.63459715526551,0.008493234532477056,-0.010296220660931003,-0.927582759141977,-0.37337926797002935
1763658766.0529685,766646.5200038671,3404216.6024828586,80.63459715526551,0.008594934350182638,-0.010160717616167953,-0.9275552530229607,-0.3734489784569668
1763658766.0630267,766646.5200038671,3404216.6024828586,80.63459715526551,0.00880391504992454,-0.010068194082514928,-0.9275237982829443,-0.3735247330050459
1763658766.0726287,766646.5200038671,3404216.6024828586,80.63459715526551,0.008973233960794183,-0.009954297236411742,-0.9274897974320104,-0.3736081753633642
1763658766.082676,766646.5200038671,3404216.6024828586,80.63459715526551,0.009038795736099274,-0.009815839178347089,-0.9274554218438016,-0.37369558462122887
1763658766.0927284,766646.5200038671,3404216.6024828586,80.63459715526551,0.009202813146048625,-0.009708888749575961,-0.927422881968716,-0.3737751245204639
1763658766.1037474,766646.5200038671,3404216.6024828586,80.63459715526551,0.009344879608525966,-0.009583954475952202,-0.9273916587949496,-0.37385228665778814
1763658766.1157868,766645.0892515234,3404217.9083134127,80.62545619532466,0.00938338903626944,-0.009475737857052018,-0.9273647310641382,-0.3739208712824104
1763658766.1229184,766645.0892515234,3404217.9083134127,80.62545619532466,0.009381684648350134,-0.00944576167461892,-0.9273385831391646,-0.373986515533638
1763658766.1328096,766645.0892515234,3404217.9083134127,80.62545619532466,0.009433970596593982,-0.00948898730751801,-0.9273056687122797,-0.374065710928885
1763658766.142668,766645.0892515234,3404217.9083134127,80.62545619532466,0.009539994178513827,-0.009452237152960789,-0.9272781059795431,-0.37413227326023263
1763658766.1528885,766645.0892515234,3404217.9083134127,80.62545619532466,0.009482090198298694,-0.009301892681574008,-0.9272510689225968,-0.37420451619390355
1763658766.1625855,766645.0892515234,3404217.9083134127,80.62545619532466,0.009471194822154538,-0.009151460733669401,-0.9272295041886558,-0.3742619320704958
1763658766.1725128,766645.0892515234,3404217.9083134127,80.62545619532466,0.009500825281387229,-0.009037697252087204,-0.9272099483626497,-0.37431239093127106
1763658766.1829576,766645.0892515234,3404217.9083134127,80.62545619532466,0.009582453599239968,-0.008977250060267308,-0.9271872636287306,-0.37436795232637204
1763658766.1925669,766645.0892515234,3404217.9083134127,80.62545619532466,0.009697627517126248,-0.008914461453480642,-0.9271653647783138,-0.37442071891527284
1763658766.2034087,766645.0892515234,3404217.9083134127,80.62545619532466,0.009721617978019454,-0.008827760602795104,-0.9271413323817208,-0.3744816558605731
1763658766.2127004,766643.6678081915,3404219.2190569947,80.60178693104535,0.009808124515238777,-0.008742604850320832,-0.9271192812373104,-0.374535987472416
1763658766.2228127,766643.6678081915,3404219.2190569947,80.60178693104535,0.009900571943394897,-0.008638421896890338,-0.9271005968855478,-0.37458222007562797
1763658766.2326937,766643.6678081915,3404219.2190569947,80.60178693104535,0.009914172674309656,-0.00854149963382029,-0.9270813624969101,-0.37463168482532594
1763658766.2426627,766643.6678081915,3404219.2190569947,80.60178693104535,0.009852312146833311,-0.008539236412384075,-0.9270575068503024,-0.37469239701301177
1763658766.2527895,766643.6678081915,3404219.2190569947,80.60178693104535,0.009869494259868808,-0.00864277845722532,-0.9270302387660626,-0.37475703045697567
1763658766.2678406,766643.6678081915,3404219.2190569947,80.60178693104535,0.00980426108150206,-0.008658871112025278,-0.9270077740751286,-0.37481393680062985
1763658766.272664,766643.6678081915,3404219.2190569947,80.60178693104535,0.0097846090333705,-0.00859402904753129,-0.9269904228540805,-0.3748588534736872
1763658766.2825217,766643.6678081915,3404219.2190569947,80.60178693104535,0.009849691852019846,-0.008532283499227803,-0.9269739949861246,-0.37489918155175167
1763658766.2926009,766643.6678081915,3404219.2190569947,80.60178693104535,0.009897086686182477,-0.008478160985671968,-0.9269574481265184,-0.3749400723104963
1763658766.3034356,766643.6678081915,3404219.2190569947,80.60178693104535,0.00987129581757232,-0.008461252072253914,-0.9269433811456433,-0.3749759097362581
1763658766.31263,766642.2435815986,3404220.5318182353,80.57822744641453,0.009821881252038705,-0.008490766962979991,-0.9269253237171993,-0.3750211751045752
1763658766.3225634,766642.2435815986,3404220.5318182353,80.57822744641453,0.009747321027446012,-0.008530306497983697,-0.9269080229585923,-0.37506498180826214
1763658766.3324988,766642.2435815986,3404220.5318182353,80.57822744641453,0.009796178652120255,-0.008590943540095777,-0.9268880224950453,-0.37511174912035317
1763658766.342529,766642.2435815986,3404220.5318182353,80.57822744641453,0.009850767811663044,-0.008537457064413497,-0.9268728738710661,-0.3751489702536642
1763658766.3528183,766642.2435815986,3404220.5318182353,80.57822744641453,0.009783632186100288,-0.00840245320947714,-0.9268630065397191,-0.3751781529213319
1763658766.3629003,766642.2435815986,3404220.5318182353,80.57822744641453,0.00976393609169607,-0.008359289659071376,-0.9268483209585137,-0.37521590819790257
1763658766.3727653,766642.2435815986,3404220.5318182353,80.57822744641453,0.009891920317718928,-0.008442109392908577,-0.9268350162757688,-0.37524356530994785
1763658766.3829331,766642.2435815986,3404220.5318182353,80.57822744641453,0.009803971140886191,-0.008489944672510668,-0.926826269781017,-0.37526639688777347
1763658766.3927495,766642.2435815986,3404220.5318182353,80.57822744641453,0.009946404011439973,-0.008590849450613515,-0.9268190288846341,-0.3752782355137341
1763658766.4034412,766642.2435815986,3404220.5318182353,80.57822744641453,0.009971665877326103,-0.008551828289866158,-0.9268144710066619,-0.37528971268231337
1763658766.4126074,766640.8271273433,3404221.850903962,80.56783721130341,0.010034600974451104,-0.008471135815534174,-0.9268087156108085,-0.37530407846054886
1763658766.4226236,766640.8271273433,3404221.850903962,80.56783721130341,0.010147509585885223,-0.008425258247734053,-0.9268021646632669,-0.3753182524846691
1763658766.4325407,766640.8271273433,3404221.850903962,80.56783721130341,0.01018561741808281,-0.008396028506411347,-0.9268012486426729,-0.3753201372395498
1763658766.4425108,766640.8271273433,3404221.850903962,80.56783721130341,0.010254245552389966,-0.008459025507418767,-0.9267954469591347,-0.3753311802014772
1763658766.452722,766640.8271273433,3404221.850903962,80.56783721130341,0.010504038530328568,-0.008571994393058308,-0.9267878997334769,-0.37534034554559925
1763658766.4625158,766640.8271273433,3404221.850903962,80.56783721130341,0.01059402611323783,-0.008552281047214214,-0.9267831045682918,-0.3753501061493925
1763658766.4724903,766640.8271273433,3404221.850903962,80.56783721130341,0.010730383321191604,-0.008514962741672657,-0.9267769829407988,-0.37536219598467613
1763658766.4825246,766640.8271273433,3404221.850903962,80.56783721130341,0.010885539669128086,-0.008479083792232662,-0.9267732012537937,-0.3753678776906081
1763658766.4925373,766640.8271273433,3404221.850903962,80.56783721130341,0.010984873528805058,-0.008445188955587655,-0.9267657281527732,-0.375384198466745
1763658766.503567,766640.8271273433,3404221.850903962,80.56783721130341,0.011252513924264579,-0.008457351302270912,-0.9267610458080793,-0.37538755721527256
1763658766.512848,766639.410768511,3404223.170921931,80.55309907533228,0.011250655218939129,-0.008388493568900406,-0.9267624165997949,-0.3753857737193794
1763658766.5229578,766639.410768511,3404223.170921931,80.55309907533228,0.011437161531116659,-0.008407585696724064,-0.92675735370727,-0.37539220981309857
1763658766.5329602,766639.410768511,3404223.170921931,80.55309907533228,0.011763885596309795,-0.008423226183379788,-0.926753458824817,-0.37539137818093143
1763658766.5427568,766639.410768511,3404223.170921931,80.55309907533228,0.011876957898490659,-0.008320368950740231,-0.9267506303282583,-0.37539709444503844
1763658766.5527363,766639.410768511,3404223.170921931,80.55309907533228,0.012041452347451272,-0.008270078536500622,-0.9267491566775568,-0.3753966033727554
1763658766.5626087,766639.410768511,3404223.170921931,80.55309907533228,0.012184082674947852,-0.008252417326930012,-0.9267460353100402,-0.37540009559768905
1763658766.572714,766639.410768511,3404223.170921931,80.55309907533228,0.012314367997522899,-0.008238975804801364,-0.926739326104207,-0.3754127023296225
1763658766.5825603,766639.410768511,3404223.170921931,80.55309907533228,0.012553752294954965,-0.00823275952566318,-0.9267343931199111,-0.3754170874941358
1763658766.5925019,766639.410768511,3404223.170921931,80.55309907533228,0.012491839410920969,-0.008102466919966321,-0.9267358743540118,-0.3754183308833597
1763658766.603388,766639.410768511,3404223.170921931,80.55309907533228,0.012807533444972267,-0.00810832252689805,-0.9267282915627921,-0.37542628545423473
1763658766.612607,766637.9896950785,3404224.4869463453,80.53614437859505,0.012979971777762894,-0.00799221051741945,-0.926726783198528,-0.3754265763184625
1763658766.622612,766637.9896950785,3404224.4869463453,80.53614437859505,0.013059752994367844,-0.007897006892682079,-0.9267234934854864,-0.3754339445973394
1763658766.6326156,766637.9896950785,3404224.4869463453,80.53614437859505,0.013208096623135306,-0.007869170757551877,-0.9267206798045209,-0.3754362848178494
1763658766.6426077,766637.9896950785,3404224.4869463453,80.53614437859505,0.013273796062695544,-0.007789753918067343,-0.9267193031998151,-0.37543902187816225
1763658766.6525729,766637.9896950785,3404224.4869463453,80.53614437859505,0.013354849017340631,-0.0077407223846150865,-0.9267141338517266,-0.37544992122003756
1763658766.6628363,766637.9896950785,3404224.4869463453,80.53614437859505,0.013459506822772962,-0.007689689598059123,-0.9267081310401759,-0.3754620489663332
1763658766.679752,766637.9896950785,3404224.4869463453,80.53614437859505,0.013464675129782163,-0.0076412890646807615,-0.9267003802708427,-0.37548198149971845
1763658766.6825442,766637.9896950785,3404224.4869463453,80.53614437859505,0.013655125732929407,-0.007606730965088904,-0.9266910889073823,-0.3754987362493948
1763658766.692558,766637.9896950785,3404224.4869463453,80.53614437859505,0.01370919146202561,-0.00745551180271066,-0.9266908317556779,-0.3755004337589869
1763658766.7033982,766637.9896950785,3404224.4869463453,80.53614437859505,0.01382838995678342,-0.007318704381029144,-0.9266900266002807,-0.37550074140666817
1763658766.7125645,766636.5732434504,3404225.8020459716,80.50302490685135,0.013999118114764899,-0.007224777272121082,-0.9266888080283919,-0.3754992414909718
1763658766.722563,766636.5732434504,3404225.8020459716,80.50302490685135,0.014227172638258661,-0.007120166895811788,-0.9266849760169236,-0.37550212516923354
1763658766.7327082,766636.5732434504,3404225.8020459716,80.50302490685135,0.0142684844329374,-0.006974602413018583,-0.926682822041638,-0.3755086052357702
1763658766.7425728,766636.5732434504,3404225.8020459716,80.50302490685135,0.014381117953144607,-0.006873062601239663,-0.9266808100920816,-0.3755111458585229
1763658766.7525742,766636.5732434504,3404225.8020459716,80.50302490685135,0.014463931479135004,-0.00676430424281077,-0.9266775508513871,-0.37551798308783113
1763658766.7627153,766636.5732434504,3404225.8020459716,80.50302490685135,0.014542240273626997,-0.006647681531552398,-0.9266784636297309,-0.3755147888205205
1763658766.7727077,766636.5732434504,3404225.8020459716,80.50302490685135,0.014605765268454949,-0.006561065884786811,-0.9266777057243308,-0.3755157170463959
1763658766.7827039,766636.5732434504,3404225.8020459716,80.50302490685135,0.014647357829600303,-0.006481378924653417,-0.9266802764419135,-0.3755091368920139
1763658766.792715,766636.5732434504,3404225.8020459716,80.50302490685135,0.014770301055004261,-0.006432664560181481,-0.9266811162720827,-0.3755030862431458
1763658766.8035636,766636.5732434504,3404225.8020459716,80.50302490685135,0.014961604317126277,-0.006360903581132577,-0.9266865541241652,-0.3754833148188743
1763658766.8125062,766635.1532900557,3404227.1160734794,80.48244868591428,0.014952736817288662,-0.0062362437475986035,-0.9266964319613915,-0.375461380058748
1763658766.8227074,766635.1532900557,3404227.1160734794,80.48244868591428,0.015101128648370595,-0.00621691448660896,-0.926700072551639,-0.37544677574937085
1763658766.8326552,766635.1532900557,3404227.1160734794,80.48244868591428,0.015250565844087047,-0.006199578205156495,-0.926698776700303,-0.37544422053572074
1763658766.8427205,766635.1532900557,3404227.1160734794,80.48244868591428,0.015257059960948137,-0.006121531428385242,-0.9266983374888718,-0.375446321422491
1763658766.8526542,766635.1532900557,3404227.1160734794,80.48244868591428,0.01523440638902842,-0.0060468354396133175,-0.9266975851692747,-0.3754503086755622
1763658766.8626232,766635.1532900557,3404227.1160734794,80.48244868591428,0.01524794886848048,-0.005979935167340687,-0.9266965751450741,-0.3754533233906557
1763658766.8725011,766635.1532900557,3404227.1160734794,80.48244868591428,0.015286076366535482,-0.005898581552065419,-0.9267024134633053,-0.37543864943060296
1763658766.8824878,766635.1532900557,3404227.1160734794,80.48244868591428,0.015377715382466102,-0.0058833655232387915,-0.9267054868217273,-0.37542755968927133
1763658766.8925622,766635.1532900557,3404227.1160734794,80.48244868591428,0.01531405047419227,-0.005863043223949469,-0.926710213648628,-0.3754188121305886
1763658766.90342,766635.1532900557,3404227.1160734794,80.48244868591428,0.01528225144068383,-0.0059585823048018405,-0.9267077163442294,-0.37542476817051373
1763658766.912521,766633.7364985688,3404228.4358326723,80.44611824117601,0.015320095352377348,-0.006100194430382659,-0.9267015109596406,-0.3754362687480057
1763658766.922691,766633.7364985688,3404228.4358326723,80.44611824117601,0.015300934936091326,-0.006172893367234812,-0.926703011806378,-0.37543215723556017
1763658766.9327457,766633.7364985688,3404228.4358326723,80.44611824117601,0.015293888167446647,-0.006194339302706426,-0.9267055660954763,-0.37542578615884575
1763658766.942777,766633.7364985688,3404228.4358326723,80.44611824117601,0.015366472210928614,-0.006225782023843319,-0.9267135557001182,-0.3754025797082732
1763658766.9527984,766633.7364985688,3404228.4358326723,80.44611824117601,0.015262597756924817,-0.006247815085350201,-0.9267212611674214,-0.37538742922031
1763658766.9627597,766633.7364985688,3404228.4358326723,80.44611824117601,0.015294736873528173,-0.006336234470565685,-0.9267272145360265,-0.375369941517699
1763658766.9726887,766633.7364985688,3404228.4358326723,80.44611824117601,0.01526521638141308,-0.006384218520157316,-0.9267334191460144,-0.37535501163652185
1763658766.9828024,766633.7364985688,3404228.4358326723,80.44611824117601,0.015161682443960019,-0.0064030457791745,-0.9267410869916537,-0.3753399553361547
1763658766.9925835,766633.7364985688,3404228.4358326723,80.44611824117601,0.015244445761903985,-0.006490192903916313,-0.926749758358175,-0.3753136949973269
1763658767.004868,766633.7364985688,3404228.4358326723,80.44611824117601,0.015069048090579396,-0.006522900717136661,-0.9267615861578822,-0.3752910043925973
1763658767.0126355,766633.7364985688,3404228.4358326723,80.44611824117601,0.015048979955425604,-0.0066450087826372874,-0.9267704699721678,-0.3752677284928015
1763658767.0262053,766632.3235353103,3404229.7553802943,80.414825797081,0.014922663105409129,-0.006799903349191847,-0.9267820375813401,-0.3752414292916806
1763658767.0330696,766632.3235353103,3404229.7553802943,80.414825797081,0.014813147785243598,-0.006983454446146739,-0.9267891218720261,-0.37522490002180037
1763658767.0427673,766632.3235353103,3404229.7553802943,80.414825797081,0.014852513001196336,-0.007195288990328329,-0.9268012217036352,-0.37518945363981676
1763658767.053093,766632.3235353103,3404229.7553802943,80.414825797081,0.014700509474153753,-0.007322250415119182,-0.9268162371056142,-0.37515589067406135
1763658767.0626662,766632.3235353103,3404229.7553802943,80.414825797081,0.014642954752989478,-0.007499295783918773,-0.9268286353341686,-0.37512401304561926
1763658767.0728052,766632.3235353103,3404229.7553802943,80.414825797081,0.014598045553300349,-0.007655069332026567,-0.9268368150180866,-0.3751024064261314
1763658767.082598,766632.3235353103,3404229.7553802943,80.414825797081,0.014384162956908395,-0.0077506657201955095,-0.9268444699848336,-0.3750897912439844
1763658767.0926983,766632.3235353103,3404229.7553802943,80.414825797081,0.014292744265570406,-0.007890604278594442,-0.9268530423589764,-0.37506918521172455
1763658767.1037593,766632.3235353103,3404229.7553802943,80.414825797081,0.014140619155750482,-0.008026957648464223,-0.9268617226171065,-0.3750506072359455
1763658767.1128337,766630.9131904312,3404231.075313267,80.38369086571038,0.014149981515182637,-0.008149265997102705,-0.9268689422626402,-0.3750297739590328
1763658767.1228888,766630.9131904312,3404231.075313267,80.38369086571038,0.014133816113044297,-0.008228309501036412,-0.9268761871089217,-0.37501075175955256
1763658767.1326544,766630.9131904312,3404231.075313267,80.38369086571038,0.013992346953051543,-0.008291719586698205,-0.9268862015804824,-0.3749899077745244
1763658767.1427443,766630.9131904312,3404231.075313267,80.38369086571038,0.013979266202435048,-0.008504782553475379,-0.9268916130502306,-0.37497224756947173
1763658767.1527581,766630.9131904312,3404231.075313267,80.38369086571038,0.013963537200316059,-0.008776769323439945,-0.9268985428996763,-0.37494943541703796
1763658767.162549,766630.9131904312,3404231.075313267,80.38369086571038,0.013924436348615942,-0.009042214565087574,-0.9269058689348728,-0.3749264708742517
1763658767.172757,766630.9131904312,3404231.075313267,80.38369086571038,0.013780014744709728,-0.00926017663010746,-0.9269157789931854,-0.37490198582545686
1763658767.1828213,766630.9131904312,3404231.075313267,80.38369086571038,0.013600553686243352,-0.00945424473152446,-0.9269259387879711,-0.37487857527207696
1763658767.1927004,766630.9131904312,3404231.075313267,80.38369086571038,0.013583752576759764,-0.009724162613782724,-0.9269342056215539,-0.37485183843237685
1763658767.207309,766630.9131904312,3404231.075313267,80.38369086571038,0.013536667571447659,-0.009991306007671822,-0.9269440206517443,-0.3748222445550686
1763658767.212727,766629.5003382737,3404232.396321502,80.35184563416988,0.013534094211668363,-0.010243691975777043,-0.9269557305754474,-0.37478656408936767
1763658767.2226655,766629.5003382737,3404232.396321502,80.35184563416988,0.013553628966941948,-0.010442775110753482,-0.9269670518378688,-0.37475236142928103
1763658767.2327454,766629.5003382737,3404232.396321502,80.35184563416988,0.013523737897516774,-0.01057410861963819,-0.9269814751712082,-0.37471407957213243
1763658767.2428484,766629.5003382737,3404232.396321502,80.35184563416988,0.013364673474111967,-0.010688696682957997,-0.9269925275508173,-0.37468919270656487
1763658767.252683,766629.5003382737,3404232.396321502,80.35184563416988,0.013342038647995887,-0.010882612581882087,-0.9269990465871127,-0.3746682884561918
1763658767.2627575,766629.5003382737,3404232.396321502,80.35184563416988,0.013350950034224875,-0.011015444613474335,-0.9270067167855149,-0.37464511093525715
1763658767.2727146,766629.5003382737,3404232.396321502,80.35184563416988,0.013308271980103613,-0.01113261932244469,-0.9270150330179183,-0.37462258773692886
1763658767.2828271,766629.5003382737,3404232.396321502,80.35184563416988,0.013212429083928159,-0.011233144823230255,-0.9270267958273029,-0.3745938707363569
1763658767.2930274,766629.5003382737,3404232.396321502,80.35184563416988,0.013148262625909074,-0.011427444992652157,-0.9270341667506528,-0.3745720095893218
1763658767.3038166,766629.5003382737,3404232.396321502,80.35184563416988,0.01315153332127191,-0.011631013750294624,-0.9270362961519829,-0.37456035869703663
1763658767.3126442,766628.0890801563,3404233.718285575,80.31876326724887,0.013180527966853754,-0.01186354750782319,-0.9270421486712233,-0.37453756088019496
1763658767.3226511,766628.0890801563,3404233.718285575,80.31876326724887,0.012988855440266038,-0.012096235018493188,-0.9270418890849028,-0.37453745689132883
1763658767.3357477,766628.0890801563,3404233.718285575,80.31876326724887,0.012950279742045066,-0.012402040081393425,-0.927038165588173,-0.3745380076832492
1763658767.343865,766628.0890801563,3404233.718285575,80.31876326724887,0.012848514840569425,-0.012624059624733655,-0.9270381905405205,-0.37453403325244045
1763658767.3558083,766628.0890801563,3404233.718285575,80.31876326724887,0.012785624917161361,-0.012843897141062178,-0.9270365640191891,-0.3745327369846371
1763658767.3717132,766628.0890801563,3404233.718285575,80.31876326724887,0.01286493026263376,-0.013092761490357568,-0.9270447239457745,-0.37450120556574557
1763658767.3729079,766628.0890801563,3404233.718285575,80.31876326724887,0.012758289083739929,-0.013350331103974815,-0.9270463198597381,-0.37449180972831203
1763658767.3824947,766628.0890801563,3404233.718285575,80.31876326724887,0.012800695215885581,-0.013603940346280654,-0.9270470561018653,-0.3744794130281527
1763658767.3925354,766628.0890801563,3404233.718285575,80.31876326724887,0.012665629076468128,-0.013741581409873633,-0.9270496731005655,-0.3744725015065697
1763658767.4033728,766628.0890801563,3404233.718285575,80.31876326724887,0.01256038771052727,-0.013891229847129857,-0.9270502726748704,-0.374469040545869
1763658767.4127524,766626.6759759134,3404235.038140709,80.27874520234764,0.01255616072442338,-0.014037580466356638,-0.9270539293097839,-0.37445467190810067
1763658767.4227214,766626.6759759134,3404235.038140709,80.27874520234764,0.012495106862531496,-0.014145149469351262,-0.9270580850505409,-0.3744423774005927
1763658767.4325747,766626.6759759134,3404235.038140709,80.27874520234764,0.012439389611819208,-0.014264827223356001,-0.927063524910637,-0.37442622380201623
1763658767.4426727,766626.6759759134,3404235.038140709,80.27874520234764,0.012416807018329102,-0.014446117478637732,-0.9270637797657084,-0.37441939164495835
1763658767.4558604,766626.6759759134,3404235.038140709,80.27874520234764,0.012354528944773558,-0.014635578657546337,-0.927063536458953,-0.37441469631964336
1763658767.4627516,766626.6759759134,3404235.038140709,80.27874520234764,0.012241330155452106,-0.014782204215924088,-0.9270624080506122,-0.37441544820418954
1763658767.4725692,766626.6759759134,3404235.038140709,80.27874520234764,0.012225620390360051,-0.01489882639659874,-0.9270649258852026,-0.37440510462804677
1763658767.4825492,766626.6759759134,3404235.038140709,80.27874520234764,0.012242147896283327,-0.01499763156694938,-0.92707114233417,-0.3743852266229057
1763658767.4925437,766626.6759759134,3404235.038140709,80.27874520234764,0.012336233926168803,-0.015125254935362986,-0.9270769698237998,-0.37436257293963077
1763658767.503512,766626.6759759134,3404235.038140709,80.27874520234764,0.012284485956908484,-0.015217476865676512,-0.9270867871581674,-0.3743362243750447
1763658767.5126522,766625.2591942693,3404236.3619372053,80.25752545427531,0.012211846546503344,-0.015353601801690571,-0.9270904372558322,-0.3743240025224531
1763658767.5226157,766625.2591942693,3404236.3619372053,80.25752545427531,0.012266242600547247,-0.015516429065830936,-0.9270923338035831,-0.3743108124595589
1763658767.5358129,766625.2591942693,3404236.3619372053,80.25752545427531,0.012298862324161268,-0.01565994131522844,-0.9270944742806952,-0.37429846377154197
1763658767.5425544,766625.2591942693,3404236.3619372053,80.25752545427531,0.012330971020262881,-0.01577045445219747,-0.9270952230669451,-0.37429091264218517
1763658767.5525308,766625.2591942693,3404236.3619372053,80.25752545427531,0.012315985684530292,-0.015854212239669974,-0.9271005340875138,-0.3742747121373879
1763658767.5625956,766625.2591942693,3404236.3619372053,80.25752545427531,0.01226873986397527,-0.015954618209827062,-0.9271038926740197,-0.3742636775972368
1763658767.5724924,766625.2591942693,3404236.3619372053,80.25752545427531,0.012292028390323314,-0.01606506376774591,-0.927109183900011,-0.3742450813203097
1763658767.582804,766625.2591942693,3404236.3619372053,80.25752545427531,0.012217365798337954,-0.016137008436800777,-0.9271125190986377,-0.37423616856503644
1763658767.5927765,766625.2591942693,3404236.3619372053,80.25752545427531,0.01229984262509928,-0.016236561980545936,-0.9271109036482401,-0.374233162965274
1763658767.6035416,766625.2591942693,3404236.3619372053,80.25752545427531,0.01248718985656159,-0.016299409624753104,-0.9271127614781266,-0.37421962380368684
1763658767.612801,766623.8450792634,3404237.6787130903,80.21666739415377,0.01254202512632523,-0.016287996711233172,-0.9271198547699204,-0.3742007130675552
1763658767.6229281,766623.8450792634,3404237.6787130903,80.21666739415377,0.012580387572445617,-0.01624014880621501,-0.9271301926902831,-0.37417589074839874
1763658767.6326356,766623.8450792634,3404237.6787130903,80.21666739415377,0.012533728863664969,-0.016225701560696776,-0.9271401156652905,-0.37415349547182775
1763658767.6425893,766623.8450792634,3404237.6787130903,80.21666739415377,0.012442193417938221,-0.016290022520243218,-0.9271444848988135,-0.37414292871969973
1763658767.6525846,766623.8450792634,3404237.6787130903,80.21666739415377,0.012523201007927438,-0.016441407634903316,-0.9271422223738774,-0.37413921078005963
1763658767.6625767,766623.8450792634,3404237.6787130903,80.21666739415377,0.01249267572669937,-0.016483585599478157,-0.9271425874995092,-0.37413747059561797
1763658767.6725028,766623.8450792634,3404237.6787130903,80.21666739415377,0.01247935371456318,-0.016460668030871494,-0.927144157453687,-0.37413503369550544
1763658767.682679,766623.8450792634,3404237.6787130903,80.21666739415377,0.012555199427203394,-0.016407732264360757,-0.9271510330368857,-0.3741177825604117
1763658767.692646,766623.8450792634,3404237.6787130903,80.21666739415377,0.012458358603877808,-0.016339951342202223,-0.9271602265170302,-0.3741012024251201
1763658767.7033982,766623.8450792634,3404237.6787130903,80.21666739415377,0.012506144520545371,-0.01638242791338366,-0.927162556221562,-0.3740919763181146
1763658767.712556,766622.4267873239,3404238.999496841,80.19571170117706,0.012595186521861612,-0.01648447668132951,-0.9271594169194837,-0.37409228663866484
1763658767.722595,766622.4267873239,3404238.999496841,80.19571170117706,0.012508639107212725,-0.016505863377698694,-0.9271558567557203,-0.37410307096495277
1763658767.7325573,766622.4267873239,3404238.999496841,80.19571170117706,0.012576858859006411,-0.016518438699497765,-0.9271550161557692,-0.37410231197009014
1763658767.7477355,766622.4267873239,3404238.999496841,80.19571170117706,0.012476014900128774,-0.016371523713323788,-0.92715900224997,-0.37410226784978995
1763658767.7529774,766622.4267873239,3404238.999496841,80.19571170117706,0.012559139811614106,-0.016215140282405806,-0.9271637188080859,-0.37409460803221245
1763658767.7627883,766622.4267873239,3404238.999496841,80.19571170117706,0.012525081221254626,-0.016061109563150294,-0.9271714812806073,-0.3740831557286769
1763658767.7727191,766622.4267873239,3404238.999496841,80.19571170117706,0.012547423883589665,-0.01600086008947044,-0.927176353549943,-0.37407291274310905
1763658767.7827127,766622.4267873239,3404238.999496841,80.19571170117706,0.012580979761775335,-0.016013522812125525,-0.9271757439482985,-0.374072754780803
1763658767.7925115,766622.4267873239,3404238.999496841,80.19571170117706,0.012716247933168504,-0.0160416543014616,-0.9271705250516789,-0.37407991103662414
1763658767.8034246,766622.4267873239,3404238.999496841,80.19571170117706,0.012667204639049358,-0.015982014018413867,-0.9271649467537468,-0.3740979533032349
1763658767.812525,766621.0075773102,3404240.315502031,80.15677490271628,0.01257149741595753,-0.015870031643363917,-0.9271627775350817,-0.374111325011408
1763658767.8224869,766621.0075773102,3404240.315502031,80.15677490271628,0.012474391235626695,-0.01575725964374451,-0.9271636892977951,-0.3741170827154537
1763658767.8325684,766621.0075773102,3404240.315502031,80.15677490271628,0.0124294007410393,-0.015689943625934667,-0.9271679484757172,-0.3741108538729711
1763658767.8426652,766621.0075773102,3404240.315502031,80.15677490271628,0.012430971303714379,-0.015700381356167203,-0.9271743563128487,-0.37409448268261286
1763658767.8525655,766621.0075773102,3404240.315502031,80.15677490271628,0.012441480159992075,-0.015729913926363293,-0.9271771696058269,-0.3740859199983679
1763658767.8625169,766621.0075773102,3404240.315502031,80.15677490271628,0.012457466147899929,-0.0157247782147908,-0.9271809069122012,-0.374076340797888
1763658767.8725476,766621.0075773102,3404240.315502031,80.15677490271628,0.012467338919636483,-0.01569787510624448,-0.9271832460278976,-0.374071344081023
1763658767.8825016,766621.0075773102,3404240.315502031,80.15677490271628,0.012529618192937983,-0.01566745739495134,-0.9271871064975192,-0.37406096961788793
1763658767.8925166,766621.0075773102,3404240.315502031,80.15677490271628,0.012385555275256194,-0.015585099101468044,-0.9271879823606344,-0.37406703686977955
1763658767.9034946,766621.0075773102,3404240.315502031,80.15677490271628,0.012230953312130897,-0.015503665647865053,-0.9271920938742519,-0.3740653167424587
1763658767.9126031,766619.5877948399,3404241.6298427745,80.12054065335542,0.012129905854156624,-0.01547655758490468,-0.927194434309774,-0.37406392840565167
1763658767.9226115,766619.5877948399,3404241.6298427745,80.12054065335542,0.012215260101048054,-0.015499077303447526,-0.9271944569847508,-0.37406016222014143
1763658767.9325666,766619.5877948399,3404241.6298427745,80.12054065335542,0.012314849874807889,-0.015465104325204133,-0.9271949195420952,-0.3740571563225318
1763658767.94279,766619.5877948399,3404241.6298427745,80.12054065335542,0.012274083697210322,-0.015317993225928495,-0.9272002731695486,-0.37405127908782604
1763658767.9620595,766619.5877948399,3404241.6298427745,80.12054065335542,0.012233098118025658,-0.015177296888937106,-0.9272119516852305,-0.3740294074289419
1763658767.96271,766619.5877948399,3404241.6298427745,80.12054065335542,0.012318872892615264,-0.015102295776496449,-0.9272178901815401,-0.37401490633426393
1763658767.9725008,766619.5877948399,3404241.6298427745,80.12054065335542,0.012360448752858667,-0.015020866163084427,-0.9272254267656245,-0.3739981294681083
1763658767.9825165,766619.5877948399,3404241.6298427745,80.12054065335542,0.012202362223377821,-0.01489000568553743,-0.9272302725207189,-0.3739965398342712
1763658767.992639,766619.5877948399,3404241.6298427745,80.12054065335542,0.012182488368072947,-0.0148206901570655,-0.9272341681960301,-0.3739902825612533
1763658768.005509,766619.5877948399,3404241.6298427745,80.12054065335542,0.012148171909733269,-0.01472208216970219,-0.9272378252828031,-0.37398622645848556
1763658768.0127797,766619.5877948399,3404241.6298427745,80.12054065335542,0.012288599054667053,-0.014708714210595396,-0.9272389391777223,-0.373979402818012
1763658768.026119,766618.1643081262,3404242.9475110187,80.07022027019411,0.01224796892218812,-0.014640911722174814,-0.927247244673838,-0.37396280323850467
1763658768.033075,766618.1643081262,3404242.9475110187,80.07022027019411,0.012180966131751002,-0.01458260077731158,-0.9272556368701924,-0.3739464610223242
1763658768.0427399,766618.1643081262,3404242.9475110187,80.07022027019411,0.012248210506154215,-0.014546815003632703,-0.9272640917549689,-0.3739246924909873
1763658768.0530295,766618.1643081262,3404242.9475110187,80.07022027019411,0.012269414886398232,-0.01445669578617149,-0.9272710419866561,-0.37391025674387784
1763658768.0667746,766618.1643081262,3404242.9475110187,80.07022027019411,0.012257403736396517,-0.01434422869078639,-0.9272790857118212,-0.3738950338776359
1763658768.0728023,766618.1643081262,3404242.9475110187,80.07022027019411,0.012156565357296213,-0.014167167242126922,-0.9272875050097302,-0.3738841964350415
1763658768.0827894,766618.1643081262,3404242.9475110187,80.07022027019411,0.012137993357226894,-0.013982569775325882,-0.9272990686688221,-0.37386306865705987
1763658768.0927567,766618.1643081262,3404242.9475110187,80.07022027019411,0.012164169529399284,-0.013862796441972752,-0.9273079784259738,-0.3738445786714077
1763658768.1037562,766618.1643081262,3404242.9475110187,80.07022027019411,0.012262275406809301,-0.013786554508960215,-0.9273166998261784,-0.37382255916424334
1763658768.1126583,766616.7428924954,3404244.262799253,80.03725111018866,0.012319012607619445,-0.013701519438419409,-0.9273226210579302,-0.3738091314664505
1763658768.122764,766616.7428924954,3404244.262799253,80.03725111018866,0.012343948652313455,-0.013594164975610591,-0.9273293091365129,-0.37379563671434507
1763658768.1326778,766616.7428924954,3404244.262799253,80.03725111018866,0.01242104900720618,-0.013523853188749732,-0.9273356671206466,-0.37377985957297805
1763658768.1425765,766616.7428924954,3404244.262799253,80.03725111018866,0.012484658275130341,-0.013484884092170664,-0.9273442233342128,-0.3737579198591512
1763658768.152786,766616.7428924954,3404244.262799253,80.03725111018866,0.012562862898657757,-0.013457541358237525,-0.9273539589295674,-0.3737321285547163
1763658768.1628509,766616.7428924954,3404244.262799253,80.03725111018866,0.012720344811675463,-0.013420571639998533,-0.9273645127156007,-0.37370194224874453
1763658768.1727495,766616.7428924954,3404244.262799253,80.03725111018866,0.012794131853597783,-0.013347608519328117,-0.9273784313432429,-0.3736674947279646
1763658768.1828167,766616.7428924954,3404244.262799253,80.03725111018866,0.012958085452084357,-0.013307160488716581,-0.9273871257538777,-0.3736417087091656
1763658768.1928165,766616.7428924954,3404244.262799253,80.03725111018866,0.013110611843190961,-0.013233197020151768,-0.9273963134664391,-0.3736162096625112
1763658768.203546,766616.7428924954,3404244.262799253,80.03725111018866,0.013082129590651638,-0.013102517139304042,-0.9274043989706569,-0.3736017434379319
1763658768.2126098,766615.3161521757,3404245.5767193367,80.00545959267765,0.013223059479668835,-0.013049938679525077,-0.9274101193110688,-0.37358442204926995
1763658768.2226198,766615.3161521757,3404245.5767193367,80.00545959267765,0.01332754609899987,-0.012992802934298192,-0.9274193405427171,-0.37355980829607666
1763658768.2326286,766615.3161521757,3404245.5767193367,80.00545959267765,0.013436602985084043,-0.012936240966050689,-0.9274276384121027,-0.37353726303976637
1763658768.242645,766615.3161521757,3404245.5767193367,80.00545959267765,0.013619729141987991,-0.012834272054195352,-0.9274394789470497,-0.37350474873736567
1763658768.2528138,766615.3161521757,3404245.5767193367,80.00545959267765,0.013636393917833863,-0.012681012278200017,-0.9274530851896501,-0.37347558884178417
1763658768.262701,766615.3161521757,3404245.5767193367,80.00545959267765,0.01368181511962952,-0.012604152314784758,-0.9274623425535822,-0.3734535398473013
1763658768.2725399,766615.3161521757,3404245.5767193367,80.00545959267765,0.013735040596054748,-0.012631918532695807,-0.9274683954629781,-0.37343561521544366
1763658768.2827497,766615.3161521757,3404245.5767193367,80.00545959267765,0.01372088497709394,-0.01265948780840932,-0.9274747247429938,-0.3734194821467971
1763658768.2937717,766615.3161521757,3404245.5767193367,80.00545959267765,0.013784758660061115,-0.012691876864204601,-0.9274835783684996,-0.37339403924957215
1763658768.3034873,766615.3161521757,3404245.5767193367,80.00545959267765,0.01377147726142237,-0.012690770941601119,-0.9274949707055954,-0.3733662679765981
1763658768.312631,766613.8900340783,3404246.889493078,79.97025352623314,0.01384740500566456,-0.012671220680583942,-0.9275073738645421,-0.37333331082020194
1763658768.3225524,766613.8900340783,3404246.889493078,79.97025352623314,0.01391505345675596,-0.012619783395505806,-0.9275222769693349,-0.373295510393531
1763658768.3325677,766613.8900340783,3404246.889493078,79.97025352623314,0.013912571051946413,-0.012562055399290119,-0.9275377414428261,-0.373259123572366
1763658768.3426561,766613.8900340783,3404246.889493078,79.97025352623314,0.013974319238695116,-0.01257335181344442,-0.927552230922237,-0.3732204283492148
1763658768.3525603,766613.8900340783,3404246.889493078,79.97025352623314,0.013981115464466485,-0.01259267615274603,-0.9275647461569518,-0.37318841702881245
1763658768.3626,766613.8900340783,3404246.889493078,79.97025352623314,0.014064891348631982,-0.012573465007025449,-0.9275802337270873,-0.37314741967199827
1763658768.372664,766613.8900340783,3404246.889493078,79.97025352623314,0.013929511316869755,-0.012438599630492469,-0.9275993519669081,-0.3731094908793903
1763658768.38277,766613.8900340783,3404246.889493078,79.97025352623314,0.013882411275913015,-0.012353146352970128,-0.9276167162093314,-0.3730709131537402
1763658768.39273,766613.8900340783,3404246.889493078,79.97025352623314,0.01394992977253905,-0.012322252435219607,-0.9276363262827934,-0.3730206532014375
1763658768.403487,766613.8900340783,3404246.889493078,79.97025352623314,0.014002268868155202,-0.012293176686469289,-0.9276551053748712,-0.37297294773942524
1763658768.4198852,766612.4634532952,3404248.2044584714,79.93564584944397,0.014019638900159628,-0.012264532290031842,-0.9276819678822538,-0.3729064191441667
1763658768.4229,766612.4634532952,3404248.2044584714,79.93564584944397,0.014020198429128989,-0.012287814672369075,-0.9277010651864819,-0.37285811952866543
1763658768.432799,766612.4634532952,3404248.2044584714,79.93564584944397,0.01410868727865534,-0.012331865212242785,-0.9277256852634521,-0.3727920639527065
1763658768.4427443,766612.4634532952,3404248.2044584714,79.93564584944397,0.014020651574914583,-0.012325767356465898,-0.927753221234795,-0.37272705466192124
1763658768.4526255,766612.4634532952,3404248.2044584714,79.93564584944397,0.01397808336789454,-0.012367923425850401,-0.9277789750641428,-0.37266314693623925
1763658768.4625118,766612.4634532952,3404248.2044584714,79.93564584944397,0.01393439623667549,-0.01241729393458982,-0.9278049429829764,-0.3725984852213131
1763658768.4725533,766612.4634532952,3404248.2044584714,79.93564584944397,0.013891059861955175,-0.012472968660949086,-0.9278295463000479,-0.3725369733614936
1763658768.4825177,766612.4634532952,3404248.2044584714,79.93564584944397,0.013897928123741516,-0.012531386469222909,-0.9278617572864492,-0.3724545224753334
1763658768.4926956,766612.4634532952,3404248.2044584714,79.93564584944397,0.01383051548751777,-0.012574447961783712,-0.9278949441769206,-0.37237289465093343
1763658768.5036042,766612.4634532952,3404248.2044584714,79.93564584944397,0.013915202218035182,-0.012703926011023008,-0.9279265748454371,-0.3722865148064767
1763658768.5128033,766611.0427033996,3404249.5230022026,79.89811854343861,0.013927284367621435,-0.012827355378056774,-0.9279624699902194,-0.3721923481129072
1763658768.5226817,766611.0427033996,3404249.5230022026,79.89811854343861,0.013767055439075011,-0.012964401145688486,-0.9279982595018479,-0.3721043171598688
1763658768.5397735,766611.0427033996,3404249.5230022026,79.89811854343861,0.013674743622726906,-0.013159492159197782,-0.9280311958964784,-0.3720187207600131
1763658768.5449142,766611.0427033996,3404249.5230022026,79.89811854343861,0.013656126982177533,-0.01333244126722282,-0.928063963362763,-0.3719314938440987
1763658768.5525725,766611.0427033996,3404249.5230022026,79.89811854343861,0.013563690051206343,-0.013479855472377091,-0.92810068729949,-0.37183791367053015
1763658768.562739,766611.0427033996,3404249.5230022026,79.89811854343861,0.01347891739211493,-0.013648888667224158,-0.9281382141133143,-0.3717411493588436
1763658768.572821,766611.0427033996,3404249.5230022026,79.89811854343861,0.013348465220058163,-0.01380618080151084,-0.9281767972952204,-0.3716437014274991
1763658768.5826752,766611.0427033996,3404249.5230022026,79.89811854343861,0.013398127484077416,-0.01398171913551202,-0.9282136787954478,-0.3715432252201045
1763658768.5926173,766611.0427033996,3404249.5230022026,79.89811854343861,0.013338983697553233,-0.014093443002646528,-0.9282615898206146,-0.37142141462488776
1763658768.6034837,766611.0427033996,3404249.5230022026,79.89811854343861,0.013322780575788971,-0.014282653259140219,-0.9283047387320545,-0.37130690995619875
1763658768.613009,766609.6154971864,3404250.83737916,79.86481621023268,0.013255535863545383,-0.014445200694806442,-0.9283473251726203,-0.37119653930323504
1763658768.6225903,766609.6154971864,3404250.83737916,79.86481621023268,0.013194653356854833,-0.014554968405090535,-0.9283887935145729,-0.37109069254573707
1763658768.632609,766609.6154971864,3404250.83737916,79.86481621023268,0.01305198846605484,-0.014662127077697916,-0.9284321006310909,-0.37098315614644684
1763658768.6425126,766609.6154971864,3404250.83737916,79.86481621023268,0.012974445652865357,-0.01482356505998996,-0.9284797495149943,-0.37086018985526914
1763658768.6525815,766609.6154971864,3404250.83737916,79.86481621023268,0.012935190557684922,-0.015059938428171457,-0.928520481566594,-0.37075004303589315
1763658768.6625392,766609.6154971864,3404250.83737916,79.86481621023268,0.01300876216840397,-0.015281770479973304,-0.9285660979515511,-0.37062412405680434
1763658768.672604,766609.6154971864,3404250.83737916,79.86481621023268,0.012999434509602432,-0.015452709434135115,-0.92861314456645,-0.3704994685717977
1763658768.6825933,766609.6154971864,3404250.83737916,79.86481621023268,0.012995730774583951,-0.01563579792983395,-0.9286642802098501,-0.370363723206057
1763658768.6928108,766609.6154971864,3404250.83737916,79.86481621023268,0.01293818632354506,-0.01582443717453062,-0.9287162853436941,-0.3702272975621554
1763658768.703368,766609.6154971864,3404250.83737916,79.86481621023268,0.012860175436819218,-0.01602646252567697,-0.9287697590168218,-0.3700871561166132
1763658768.7126384,766608.1923879525,3404252.153341349,79.82006624527276,0.012728255567945625,-0.01624330266139031,-0.9288222712828327,-0.36995044938186983
1763658768.722652,766608.1923879525,3404252.153341349,79.82006624527276,0.012684277922042296,-0.016507416341964953,-0.9288703914322504,-0.36981942920810346
1763658768.7325935,766608.1923879525,3404252.153341349,79.82006624527276,0.01255017213212089,-0.0167407216593388,-0.9289174278235759,-0.36969535255857655
1763658768.7425542,766608.1923879525,3404252.153341349,79.82006624527276,0.01226623199108714,-0.01686621483825975,-0.9289682689783139,-0.3695714079595519
1763658768.752576,766608.1923879525,3404252.153341349,79.82006624527276,0.01226113138057201,-0.017066122188516112,-0.9290189649905916,-0.36943493989946985
1763658768.7626348,766608.1923879525,3404252.153341349,79.82006624527276,0.01226636647924264,-0.0172067587709107,-0.929071108991554,-0.3692970865620264
1763658768.7725258,766608.1923879525,3404252.153341349,79.82006624527276,0.012279323609032155,-0.017346371024917297,-0.9291269829944637,-0.3691495240354188
1763658768.78255,766608.1923879525,3404252.153341349,79.82006624527276,0.012076646083521624,-0.01743762687804006,-0.929183240197433,-0.3690102843071384
1763658768.792571,766608.1923879525,3404252.153341349,79.82006624527276,0.012023103565956948,-0.017619084062488882,-0.9292338091109571,-0.3688760508118993
1763658768.8034995,766608.1923879525,3404252.153341349,79.82006624527276,0.012051980041712086,-0.017866876158135144,-0.9292755570593818,-0.36875800135779996
1763658768.8126128,766606.7664984122,3404253.4674501442,79.78440986014903,0.012006773721727801,-0.018090045355767387,-0.9293163481348414,-0.36864578219904226
1763658768.8228378,766606.7664984122,3404253.4674501442,79.78440986014903,0.011675031745124643,-0.018174102926268546,-0.929359797596742,-0.3685427549518762
1763658768.832963,766606.7664984122,3404253.4674501442,79.78440986014903,0.011442813893480749,-0.018275402413593274,-0.9294058547654762,-0.3684288653247396
1763658768.8428512,766606.7664984122,3404253.4674501442,79.78440986014903,0.011374470702708354,-0.018421432704146062,-0.9294520107296766,-0.3683072521467928
1763658768.8529036,766606.7664984122,3404253.4674501442,79.78440986014903,0.011399015953868297,-0.01858274486350701,-0.929499479804412,-0.3681785722607286
1763658768.8625622,766606.7664984122,3404253.4674501442,79.78440986014903,0.01133186983609705,-0.018682382319412116,-0.9295497433312638,-0.3680486815486106
1763658768.8725069,766606.7664984122,3404253.4674501442,79.78440986014903,0.011388056654611926,-0.018814964663500293,-0.9295942790668159,-0.36792769071733256
1763658768.883209,766606.7664984122,3404253.4674501442,79.78440986014903,0.011430816015883305,-0.018950468798562308,-0.9296413791583507,-0.3678003838144891
1763658768.8925414,766606.7664984122,3404253.4674501442,79.78440986014903,0.011475916292439999,-0.019108891079018517,-0.9296840561893462,-0.3676828923057255
1763658768.9033422,766606.7664984122,3404253.4674501442,79.78440986014903,0.011409239933885294,-0.019172751530775457,-0.9297299519554751,-0.3675655741221424
1763658768.9125383,766605.3306925918,3404254.774313272,79.7604453722015,0.011157352360938575,-0.019194456888000935,-0.9297734269199351,-0.36746218976464584
1763658768.922523,766605.3306925918,3404254.774313272,79.7604453722015,0.011045264325723444,-0.01934390739108232,-0.9298107453227897,-0.36736329874539536
1763658768.9325356,766605.3306925918,3404254.774313272,79.7604453722015,0.011068134747833375,-0.019539575150748355,-0.9298514882072588,-0.36724911337521016
1763658768.943426,766605.3306925918,3404254.774313272,79.7604453722015,0.01091468666276359,-0.019621662297103975,-0.9298914298183755,-0.3671481836181265
1763658768.9525278,766605.3306925918,3404254.774313272,79.7604453722015,0.01109406097514096,-0.019736349301219855,-0.9299375309731756,-0.36701987250672735
1763658768.965926,766605.3306925918,3404254.774313272,79.7604453722015,0.011004954890091536,-0.01976231303113526,-0.9299840821124313,-0.36690318746097744
1763658768.9744532,766605.3306925918,3404254.774313272,79.7604453722015,0.010967168479553528,-0.019861537873207828,-0.9300335290918924,-0.3667736022313114
1763658768.9828901,766605.3306925918,3404254.774313272,79.7604453722015,0.011041115040912437,-0.020038001285738915,-0.930077344722946,-0.3666506581423795
1763658768.9928188,766605.3306925918,3404254.774313272,79.7604453722015,0.01092368112322921,-0.02014193581741296,-0.9301172876104685,-0.36654714144348494
1763658769.005483,766605.3306925918,3404254.774313272,79.7604453722015,0.010814961575195323,-0.020264335444896413,-0.9301540496758458,-0.36645032021643553
1763658769.0132365,766605.3306925918,3404254.774313272,79.7604453722015,0.010666558942875017,-0.02033075516843571,-0.9301939082172832,-0.3663498028251901
1763658769.031874,766603.8984845481,3404256.080490275,79.71739035379142,0.010514023534252168,-0.020279519073087213,-0.9302439543343141,-0.36622995759460203
1763658769.0331223,766603.8984845481,3404256.080490275,79.71739035379142,0.01073844564433633,-0.020281265553343943,-0.9302931647132557,-0.36609832523584923
1763658769.0427341,766603.8984845481,3404256.080490275,79.71739035379142,0.010803925801415426,-0.02024678061939841,-0.9303473129858271,-0.36596068133322585
1763658769.0530655,766603.8984845481,3404256.080490275,79.71739035379142,0.010680669508238705,-0.02026048163459594,-0.9303902476380745,-0.3658543744206869
1763658769.0627222,766603.8984845481,3404256.080490275,79.71739035379142,0.010725610366699195,-0.020371419751654775,-0.9304304883145857,-0.365744546034859
1763658769.075242,766603.8984845481,3404256.080490275,79.71739035379142,0.010636519959630573,-0.02044192536041989,-0.9304619775000376,-0.36566309706808936
1763658769.0827148,766603.8984845481,3404256.080490275,79.71739035379142,0.010746495804824297,-0.020546164932346244,-0.9304985814627513,-0.3655608811542852
1763658769.0927286,766603.8984845481,3404256.080490275,79.71739035379142,0.01050021256044115,-0.020504156295660422,-0.9305408076252049,-0.365462898876234
1763658769.1034155,766603.8984845481,3404256.080490275,79.71739035379142,0.010515113086334377,-0.020497336074665994,-0.9305836604321314,-0.36535372250376685
1763658769.1128209,766602.4574963565,3404257.3796237516,79.67912852577865,0.0105882297352155,-0.020522533042719022,-0.9306351353775394,-0.3652190573195948
1763658769.1227548,766602.4574963565,3404257.3796237516,79.67912852577865,0.010602444843343654,-0.02060599078297401,-0.9306773909653002,-0.3651062520051081
1763658769.1328042,766602.4574963565,3404257.3796237516,79.67912852577865,0.010713506995787608,-0.02070941066841798,-0.9307252515960638,-0.3649751321926765
1763658769.1429143,766602.4574963565,3404257.3796237516,79.67912852577865,0.010505976470521296,-0.020702260957758244,-0.9307692680490928,-0.36486930606039475
1763658769.1528316,766602.4574963565,3404257.3796237516,79.67912852577865,0.010770581822602836,-0.020863980280963822,-0.9307898449623146,-0.3647998813172341
1763658769.1626327,766602.4574963565,3404257.3796237516,79.67912852577865,0.010900468948522958,-0.02084784571166569,-0.9308261202179928,-0.36470437483776313
1763658769.172634,766602.4574963565,3404257.3796237516,79.67912852577865,0.01062413497432712,-0.020696602358072497,-0.9308527838106992,-0.36465308620489
1763658769.182571,766602.4574963565,3404257.3796237516,79.67912852577865,0.010446873567513533,-0.020528496194761253,-0.9308871248949918,-0.36458003837481573
1763658769.1929343,766602.4574963565,3404257.3796237516,79.67912852577865,0.010405250650959676,-0.020455251833246473,-0.9309177064677019,-0.3645072526250234
1763658769.203754,766602.4574963565,3404257.3796237516,79.67912852577865,0.010403021369443693,-0.020482987288669575,-0.9309405322966959,-0.36444745808588525
1763658769.2125869,766601.012011086,3404258.6780285905,79.64135125745088,0.01065745853260541,-0.020609267001827268,-0.9309655140595925,-0.3643691648905434
1763658769.222708,766601.012011086,3404258.6780285905,79.64135125745088,0.010447023082739659,-0.02055790576292354,-0.9309831387602262,-0.36433312718377514
1763658769.2329597,766601.012011086,3404258.6780285905,79.64135125745088,0.010320519140049632,-0.020453602996398323,-0.9309948868183193,-0.3643125824443757
1763658769.2428465,766601.012011086,3404258.6780285905,79.64135125745088,0.010419059267879982,-0.020458338910117498,-0.9310071269597265,-0.36427823037234447
1763658769.2526982,766601.012011086,3404258.6780285905,79.64135125745088,0.009988839477078442,-0.020373642268329512,-0.93101641698373,-0.3642712850245001
1763658769.2628608,766601.012011086,3404258.6780285905,79.64135125745088,0.01023603035516765,-0.020485300048745717,-0.9310242632022665,-0.3642381054930388
1763658769.272742,766601.012011086,3404258.6780285905,79.64135125745088,0.010059012673158837,-0.020342961632704888,-0.9310402346099267,-0.3642101889205522
1763658769.2828867,766601.012011086,3404258.6780285905,79.64135125745088,0.010062556730868292,-0.020205859183515515,-0.9310516784319778,-0.3641884680981693
1763658769.2929864,766601.012011086,3404258.6780285905,79.64135125745088,0.010233181739322427,-0.020132336834266778,-0.9310668122702344,-0.3641490932214794
1763658769.3035917,766601.012011086,3404258.6780285905,79.64135125745088,0.010019092336342395,-0.01990526303679465,-0.9310706216816846,-0.3641577896097695
1763658769.3128643,766599.558745825,3404259.9660242395,79.61530665215105,0.010432691790097584,-0.019861453133766905,-0.9310717453400631,-0.36414569426376137
1763658769.3228986,766599.558745825,3404259.9660242395,79.61530665215105,0.010185661260153784,-0.019591052614246828,-0.9310767647908087,-0.3641545015907954
1763658769.3325562,766599.558745825,3404259.9660242395,79.61530665215105,0.010167713956299708,-0.01943703387520171,-0.931084184571394,-0.3641442853431308
1763658769.3425827,766599.558745825,3404259.9660242395,79.61530665215105,0.010203167091921275,-0.019253106528970894,-0.9310984810985552,-0.36411650850550825
1763658769.3526375,766599.558745825,3404259.9660242395,79.61530665215105,0.010019607059921554,-0.018984468852391967,-0.9311148445554054,-0.36409386655822756
1763658769.3625088,766599.558745825,3404259.9660242395,79.61530665215105,0.010163151849401362,-0.01892478269942082,-0.9311156614057807,-0.36409090627086677
1763658769.372559,766599.558745825,3404259.9660242395,79.61530665215105,0.010060653999606043,-0.018792640173235373,-0.9311135519496696,-0.3641059918376645
1763658769.382686,766599.558745825,3404259.9660242395,79.61530665215105,0.010047808023193893,-0.01871652838541427,-0.9311034859296443,-0.3641360070204427
1763658769.3997722,766599.558745825,3404259.9660242395,79.61530665215105,0.01030628459857973,-0.018741298730495494,-0.9310955045867355,-0.36414791714087813
1763658769.4076886,766599.558745825,3404259.9660242395,79.61530665215105,0.010033975513077113,-0.018512401311205635,-0.9310987844178642,-0.3641588444465841
1763658769.4140124,766598.1062863586,3404261.252550535,79.57053532730788,0.010187747277446462,-0.018435509810412618,-0.9310912213117523,-0.3641778128601885
1763658769.4228227,766598.1062863586,3404261.252550535,79.57053532730788,0.009924544951126076,-0.01815308158876262,-0.9310981628968918,-0.3641815207920052
1763658769.4327636,766598.1062863586,3404261.252550535,79.57053532730788,0.009962698630713808,-0.018093054917115967,-0.9310769043160962,-0.3642378127664877
1763658769.442614,766598.1062863586,3404261.252550535,79.57053532730788,0.01016099733256777,-0.018023217794965775,-0.9310715087766309,-0.364249589289996
1763658769.4527953,766598.1062863586,3404261.252550535,79.57053532730788,0.009869439656474426,-0.017711962118859823,-0.9310567903355976,-0.3643104908299271
1763658769.4626124,766598.1062863586,3404261.252550535,79.57053532730788,0.010242751399493419,-0.01753239125475396,-0.9310515763269296,-0.3643221974019675
1763658769.4727018,766598.1062863586,3404261.252550535,79.57053532730788,0.009880687534749358,-0.01710180718589663,-0.9310548835854012,-0.3643442108180011
1763658769.4826696,766598.1062863586,3404261.252550535,79.57053532730788,0.01011638345225288,-0.01703973400608856,-0.9310261480676232,-0.36441407473533854
1763658769.4926703,766598.1062863586,3404261.252550535,79.57053532730788,0.010262757819951483,-0.016841832261338494,-0.9310206946403874,-0.3644331140817755
1763658769.5034575,766598.1062863586,3404261.252550535,79.57053532730788,0.00999461677108332,-0.016579674927861315,-0.9309899451922934,-0.3645311289392669
1763658769.5126505,766596.6516857927,3404262.541632644,79.5292496914044,0.010425780883109258,-0.016491451179047815,-0.9309741522659821,-0.36456338672941696
1763658769.5225239,766596.6516857927,3404262.541632644,79.5292496914044,0.010209328623642232,-0.016195222719258866,-0.9309562821663432,-0.36462842053952405
1763658769.5325212,766596.6516857927,3404262.541632644,79.5292496914044,0.010425641944754451,-0.01599756243077984,-0.9309375699276834,-0.36467879686575255
1763658769.5425591,766596.6516857927,3404262.541632644,79.5292496914044,0.010513177721226771,-0.01567491699467795,-0.9309360983092352,-0.36469405113901965
1763658769.5525331,766596.6516857927,3404262.541632644,79.5292496914044,0.010329740820601924,-0.015429626412836057,-0.9309100948091193,-0.36477612101920265
1763658769.5625281,766596.6516857927,3404262.541632644,79.5292496914044,0.010719226921245733,-0.015418770079463831,-0.9308806307832285,-0.3648405280887336
1763658769.5725095,766596.6516857927,3404262.541632644,79.5292496914044,0.010655643308108972,-0.015252710677465552,-0.9308453825345211,-0.3649392907003036
1763658769.5826144,766596.6516857927,3404262.541632644,79.5292496914044,0.01073843214517121,-0.01502242361564151,-0.9308216647119032,-0.3650069059165006
1763658769.5927057,766596.6516857927,3404262.541632644,79.5292496914044,0.011037203156734354,-0.01481787350677344,-0.9307995589603111,-0.36506272311823945
1763658769.6036482,766596.6516857927,3404262.541632644,79.5292496914044,0.0107553234173293,-0.014511687398139647,-0.9307777243365684,-0.3651390992839392
1763658769.6197143,766595.1984592581,3404263.826221643,79.48769752960652,0.011020791445784278,-0.01447791216733148,-0.930740844559568,-0.3652265221526577
1763658769.622584,766595.1984592581,3404263.826221643,79.48769752960652,0.01090204459022947,-0.014313280624381145,-0.9307101267008093,-0.36531484431663075
1763658769.6330554,766595.1984592581,3404263.826221643,79.48769752960652,0.010686358447500587,-0.014146883569995813,-0.9306702656136651,-0.3654292327263636
1763658769.6428833,766595.1984592581,3404263.826221643,79.48769752960652,0.01122982270550443,-0.014182275069453638,-0.9306259724858345,-0.3655243541689835
1763658769.6559806,766595.1984592581,3404263.826221643,79.48769752960652,0.010800099027135171,-0.013774118170883934,-0.9305979566105624,-0.3656242260598508
1763658769.6627703,766595.1984592581,3404263.826221643,79.48769752960652,0.011244551715080696,-0.01364100008182444,-0.9305603864119012,-0.36571143052197275
1763658769.6727026,766595.1984592581,3404263.826221643,79.48769752960652,0.011354589866668104,-0.013328652966034095,-0.930538833252541,-0.3657743841606055
1763658769.682663,766595.1984592581,3404263.826221643,79.48769752960652,0.011372735944577418,-0.013081526407171239,-0.9305044635783419,-0.3658701652291089
1763658769.692539,766595.1984592581,3404263.826221643,79.48769752960652,0.011646177323525204,-0.013001936740729992,-0.9304699064830562,-0.36595227738620706
1763658769.703477,766595.1984592581,3404263.826221643,79.48769752960652,0.01130880486482708,-0.012747107717581129,-0.9304337009985508,-0.36606386085422965
1763658769.7125988,766593.7412298737,3404265.11220857,79.46187109872699,0.011424102275699103,-0.01263047321713999,-0.9303846218544571,-0.3661890446890029
1763658769.7225237,766593.7412298737,3404265.11220857,79.46187109872699,0.011612000269305787,-0.012450194974248712,-0.9303462397984343,-0.3662868113756798
1763658769.7327569,766593.7412298737,3404265.11220857,79.46187109872699,0.011360045042936326,-0.012170626382743324,-0.9303101878757944,-0.3663956598604549
1763658769.7425714,766593.7412298737,3404265.11220857,79.46187109872699,0.011591922445058791,-0.012054256068792183,-0.9302776464290679,-0.36647485970943466
1763658769.7525585,766593.7412298737,3404265.11220857,79.46187109872699,0.01141104554486586,-0.01179801062182188,-0.9302475621952648,-0.3665652302315471
1763658769.762595,766593.7412298737,3404265.11220857,79.46187109872699,0.011603937762991684,-0.011722797733559588,-0.9302092791639076,-0.36665872633697644
1763658769.7727206,766593.7412298737,3404265.11220857,79.46187109872699,0.011785605554858313,-0.011666453568569038,-0.9301775432900475,-0.36673523327017504
1763658769.7826355,766593.7412298737,3404265.11220857,79.46187109872699,0.011698212367593738,-0.011537188583164604,-0.9301373670323677,-0.3668440043902768
1763658769.793008,766593.7412298737,3404265.11220857,79.46187109872699,0.011962694148475908,-0.011399929946167243,-0.930094906146615,-0.3669474091829126
1763658769.803427,766593.7412298737,3404265.11220857,79.46187109872699,0.011725740559836353,-0.011063698130224422,-0.9300563343744019,-0.3670630960503344
1763658769.812742,766592.2879091518,3404266.402440931,79.42720197886229,0.011611819302754093,-0.010864764510173205,-0.930012704093179,-0.3671831869379525
1763658769.8228407,766592.2879091518,3404266.402440931,79.42720197886229,0.011733104353251646,-0.01075074715890548,-0.929975040804252,-0.367278067925231
1763658769.832622,766592.2879091518,3404266.402440931,79.42720197886229,0.011716346600384578,-0.010560072633906572,-0.9299360490970605,-0.3673828475555926
1763658769.8427303,766592.2879091518,3404266.402440931,79.42720197886229,0.011910930389894894,-0.010399978228278048,-0.9299005926861545,-0.36747089396581734
1763658769.8526523,766592.2879091518,3404266.402440931,79.42720197886229,0.012001083257748941,-0.010232991306788845,-0.9298672134119244,-0.3675571048301185
1763658769.8626065,766592.2879091518,3404266.402440931,79.42720197886229,0.011995070191909686,-0.010056787889932667,-0.9298300547693196,-0.36765615533554225
1763658769.872513,766592.2879091518,3404266.402440931,79.42720197886229,0.012140396801568755,-0.009922569969859463,-0.9297907284901443,-0.3677544759543527
1763658769.8825057,766592.2879091518,3404266.402440931,79.42720197886229,0.01195634674487649,-0.009746498584179551,-0.9297481958073661,-0.3678727278975874
1763658769.8926027,766592.2879091518,3404266.402440931,79.42720197886229,0.012035585691870692,-0.009709671095747992,-0.9297015421519499,-0.3679890072876528
1763658769.903433,766592.2879091518,3404266.402440931,79.42720197886229,0.012163419497185135,-0.009643575381715062,-0.9296575331972392,-0.3680977093783888
1763658769.912615,766590.8385037022,3404267.6947126575,79.39031786937267,0.012141768791832598,-0.009481300241891439,-0.9296163252602737,-0.3682066949498795
1763658769.9226959,766590.8385037022,3404267.6947126575,79.39031786937267,0.012238404381337753,-0.009363444480294698,-0.9295767908458339,-0.36830630905052886
1763658769.9326668,766590.8385037022,3404267.6947126575,79.39031786937267,0.01222943884761136,-0.009306640362060584,-0.929531776224204,-0.3684216392397713
1763658769.942741,766590.8385037022,3404267.6947126575,79.39031786937267,0.012431622651731672,-0.009344421485804657,-0.9294827467112419,-0.3685375966051033
1763658769.9526246,766590.8385037022,3404267.6947126575,79.39031786937267,0.012495905575157614,-0.009278660543769036,-0.9294331401040601,-0.3686621717489835
1763658769.971064,766590.8385037022,3404267.6947126575,79.39031786937267,0.012353825054735994,-0.009111056528725953,-0.9293863000868872,-0.3687892038363566
1763658769.9724863,766590.8385037022,3404267.6947126575,79.39031786937267,0.01245408560533797,-0.009016253945812267,-0.9293368235834301,-0.36891282337210785
1763658769.9825432,766590.8385037022,3404267.6947126575,79.39031786937267,0.012419709692007026,-0.008861531708295347,-0.9292919347528654,-0.36903079013847206
1763658769.992554,766590.8385037022,3404267.6947126575,79.39031786937267,0.012474759386679576,-0.008737442691541105,-0.9292461939122847,-0.36914705548465276
1763658770.0054781,766590.8385037022,3404267.6947126575,79.39031786937267,0.012504574122079077,-0.008609631302765496,-0.9292000552218961,-0.3692651719976863
1763658770.0127022,766590.8385037022,3404267.6947126575,79.39031786937267,0.012641652511762202,-0.008555742960656572,-0.9291490062089607,-0.36939018956256
1763658770.0263534,766589.3931712927,3404268.9943603408,79.36542737763375,0.012764544414161715,-0.008509710848121918,-0.9290961353256089,-0.3695199893783805
1763658770.033071,766589.3931712927,3404268.9943603408,79.36542737763375,0.012883055051088178,-0.008428168895627232,-0.9290472483929786,-0.36964064050784873
1763658770.0427818,766589.3931712927,3404268.9943603408,79.36542737763375,0.012731941994753956,-0.008267793436646317,-0.9290018948964692,-0.3697634656418894
1763658770.0549164,766589.3931712927,3404268.9943603408,79.36542737763375,0.012733313796300098,-0.008229141688204284,-0.9289477557253452,-0.36990027180266466
1763658770.0627782,766589.3931712927,3404268.9943603408,79.36542737763375,0.012724884871796514,-0.008190532925193936,-0.9288932460504069,-0.37003828169169084
1763658770.0795171,766589.3931712927,3404268.9943603408,79.36542737763375,0.01257458112643336,-0.008084579268249618,-0.9288412179557823,-0.37017632462648
1763658770.0837371,766589.3931712927,3404268.9943603408,79.36542737763375,0.012545489476074896,-0.007954632351267948,-0.9287925889460416,-0.3703021215667977
1763658770.0929282,766589.3931712927,3404268.9943603408,79.36542737763375,0.012699487266205572,-0.007821427161851354,-0.9287453915182673,-0.3704180692594625
1763658770.1037545,766589.3931712927,3404268.9943603408,79.36542737763375,0.012718304825920668,-0.007616547273622024,-0.9286991959695016,-0.37053749653116735
1763658770.1126778,766587.9501730136,3404270.295747183,79.34018738474697,0.01274471021703549,-0.0074444799200755005,-0.9286550668254955,-0.3706506696871568
1763658770.1226778,766587.9501730136,3404270.295747183,79.34018738474697,0.012677929119813225,-0.007349804938362962,-0.9286051921194045,-0.3707797832264932
1763658770.132702,766587.9501730136,3404270.295747183,79.34018738474697,0.012697290796773847,-0.00734919805027234,-0.9285488448380963,-0.37092022167074823
1763658770.143468,766587.9501730136,3404270.295747183,79.34018738474697,0.012823162540870386,-0.00738235154720202,-0.9284899770670543,-0.37106256867825504
1763658770.1528795,766587.9501730136,3404270.295747183,79.34018738474697,0.0127094433924658,-0.007267309058837353,-0.9284390499212698,-0.37119615683488316
1763658770.1631722,766587.9501730136,3404270.295747183,79.34018738474697,0.012638893327514365,-0.007119568345587775,-0.9283910634251741,-0.37132142878415003
1763658770.1726215,766587.9501730136,3404270.295747183,79.34018738474697,0.012716648055446974,-0.007034979913534608,-0.9283450800789763,-0.37143533517021365
1763658770.182599,766587.9501730136,3404270.295747183,79.34018738474697,0.012699943808122612,-0.006961012376626651,-0.9282982150592428,-0.3715544100825435
1763658770.1925745,766587.9501730136,3404270.295747183,79.34018738474697,0.01274269733215724,-0.00693287790582468,-0.928250384034843,-0.3716729522144571
1763658770.2034838,766587.9501730136,3404270.295747183,79.34018738474697,0.012579897176840885,-0.006839706795176899,-0.9282036580894153,-0.37179689846393804
1763658770.2128613,766586.5099629075,3404271.5984779024,79.31909764464945,0.012644212957028838,-0.0068096078654228676,-0.9281514146674883,-0.3719256707598396
1763658770.2228224,766586.5099629075,3404271.5984779024,79.31909764464945,0.012680259440590676,-0.0067605687998223245,-0.9281017976691917,-0.372049135052397
1763658770.2328966,766586.5099629075,3404271.5984779024,79.31909764464945,0.012713556649643996,-0.006708469430525863,-0.9280519552925548,-0.3721732529251422
1763658770.24291,766586.5099629075,3404271.5984779024,79.31909764464945,0.012732488219917433,-0.006614463050942911,-0.9280030454763045,-0.37229622642323573
1763658770.2528217,766586.5099629075,3404271.5984779024,79.31909764464945,0.012666185740315902,-0.00650028949823441,-0.9279579046430836,-0.37241299814271916
1763658770.2629566,766586.5099629075,3404271.5984779024,79.31909764464945,0.01266652336540845,-0.006452647208112298,-0.9279085681273991,-0.37253672533805493
1763658770.2727168,766586.5099629075,3404271.5984779024,79.31909764464945,0.012861427799596455,-0.006425474975423616,-0.9278585308886704,-0.3726551268980668
1763658770.283748,766586.5099629075,3404271.5984779024,79.31909764464945,0.012822673872122771,-0.00626074106942978,-0.9278156450720761,-0.3727660270404451
1763658770.2930603,766586.5099629075,3404271.5984779024,79.31909764464945,0.0129410971500825,-0.006174816768228841,-0.9277691128352843,-0.3728791666361372
1763658770.3036616,766586.5099629075,3404271.5984779024,79.31909764464945,0.012969354773162856,-0.006076751235052507,-0.9277267328485107,-0.37298522502831527
1763658770.3126812,766585.0738952581,3404272.909813614,79.2911514332518,0.01288856805303251,-0.006006764463487011,-0.9276764457405382,-0.373114212557529
1763658770.3226578,766585.0738952581,3404272.909813614,79.2911514332518,0.013057142679685527,-0.0060175865040081235,-0.9276217914082414,-0.37324403783888366
1763658770.3326356,766585.0738952581,3404272.909813614,79.2911514332518,0.012964376262431897,-0.005895178287731188,-0.9275704083889835,-0.3733768997972108
1763658770.3425362,766585.0738952581,3404272.909813614,79.2911514332518,0.013020515089150638,-0.0058305742472841175,-0.9275191924266382,-0.3735031703627118
1763658770.352491,766585.0738952581,3404272.909813614,79.2911514332518,0.013140482147488832,-0.005765618991919053,-0.9274711689670223,-0.37361921270394644
1763658770.3625503,766585.0738952581,3404272.909813614,79.2911514332518,0.013243808521550136,-0.0057240261419083255,-0.9274224825392154,-0.37373704116847933
1763658770.374545,766585.0738952581,3404272.909813614,79.2911514332518,0.01329421122481435,-0.005685410302774925,-0.9273742740014581,-0.3738554479713619
1763658770.382735,766585.0738952581,3404272.909813614,79.2911514332518,0.01340610665476258,-0.005701708975489706,-0.9273203968281873,-0.3739848238171344
1763658770.392737,766585.0738952581,3404272.909813614,79.2911514332518,0.013376165965755082,-0.00566669290640339,-0.9272672225486808,-0.3741182497051119
1763658770.4035983,766585.0738952581,3404272.909813614,79.2911514332518,0.013426713664633052,-0.0056390612708787135,-0.9272122235062826,-0.37425314551608874
1763658770.4125652,766583.6425111736,3404274.2263731244,79.2664549574256,0.013396881842409893,-0.00556581144311364,-0.9271606446542182,-0.37438307160481354
1763658770.4225202,766583.6425111736,3404274.2263731244,79.2664549574256,0.013248349804608445,-0.0054764343005548125,-0.9271107335070701,-0.37451325438599525
1763658770.4325564,766583.6425111736,3404274.2263731244,79.2664549574256,0.01330878351334178,-0.005477365913118665,-0.9270582792074549,-0.374640923681546
1763658770.4425406,766583.6425111736,3404274.2263731244,79.2664549574256,0.013277534866936919,-0.0054449875002155305,-0.9270071905632562,-0.37476889922057127
1763658770.4526918,766583.6425111736,3404274.2263731244,79.2664549574256,0.013291894297450122,-0.005440225906074435,-0.9269530877453855,-0.37490225740500926
1763658770.4626358,766583.6425111736,3404274.2263731244,79.2664549574256,0.013303509404689492,-0.005415285176924509,-0.9269010969338219,-0.3750307291767565
1763658770.472559,766583.6425111736,3404274.2263731244,79.2664549574256,0.013199763317854368,-0.005343272061582442,-0.9268478959713098,-0.37516688743222604
1763658770.4825501,766583.6425111736,3404274.2263731244,79.2664549574256,0.013218286691750472,-0.005310324172417986,-0.9267967699372472,-0.3752929849970602
1763658770.4928477,766583.6425111736,3404274.2263731244,79.2664549574256,0.01318783285681717,-0.0052740445030222,-0.9267442363164915,-0.37542427461910854
1763658770.5042922,766583.6425111736,3404274.2263731244,79.2664549574256,0.013122112977232528,-0.0052331390257762695,-0.9266911123662329,-0.3755582600188466
1763658770.5127926,766582.2144473998,3404275.5413494785,79.23722573928535,0.013114971444586492,-0.005161873998537231,-0.9266381899921678,-0.37569005500394875
1763658770.523959,766582.2144473998,3404275.5413494785,79.23722573928535,0.01304817631762077,-0.005009081221402975,-0.9265884747864519,-0.3758170467036032
1763658770.5357804,766582.2144473998,3404275.5413494785,79.23722573928535,0.013024409948910989,-0.004860638576987211,-0.9265408497981598,-0.37593721895206195
1763658770.5427241,766582.2144473998,3404275.5413494785,79.23722573928535,0.012988463175589698,-0.004749115657794465,-0.9264880765511503,-0.37606992665374717
1763658770.552628,766582.2144473998,3404275.5413494785,79.23722573928535,0.012933255799050247,-0.004632779824197504,-0.9264376602620011,-0.3761974613069659
1763658770.5625973,766582.2144473998,3404275.5413494785,79.23722573928535,0.01285751682035579,-0.004556325107941542,-0.9263832497212523,-0.3763349555895871
1763658770.572602,766582.2144473998,3404275.5413494785,79.23722573928535,0.012858073172806562,-0.0045339431151491414,-0.9263315329933428,-0.37646248723653064
1763658770.582616,766582.2144473998,3404275.5413494785,79.23722573928535,0.012757217934426747,-0.004512180582618034,-0.9262784261471814,-0.3765968280154046
1763658770.5997965,766582.2144473998,3404275.5413494785,79.23722573928535,0.012671476930140212,-0.004471186809251263,-0.9262285101940608,-0.3767229606283859
1763658770.60351,766582.2144473998,3404275.5413494785,79.23722573928535,0.012585906310918871,-0.004422144939039346,-0.9261795002147943,-0.3768468826703291
1763658770.6170466,766580.7898556686,3404276.861195435,79.21373953763396,0.012485757532000472,-0.004414598638009845,-0.9261235035491724,-0.3769878954973536
1763658770.6226666,766580.7898556686,3404276.861195435,79.21373953763396,0.012501804227397552,-0.0044720153158098915,-0.9260666507142206,-0.37712632420055286
1763658770.6329882,766580.7898556686,3404276.861195435,79.21373953763396,0.012414716822895406,-0.004489569531272535,-0.9260037257279425,-0.37728347235149395
1763658770.6427512,766580.7898556686,3404276.861195435,79.21373953763396,0.012365182708058704,-0.004430604672351849,-0.9259472902666745,-0.37742428067976286
1763658770.6528144,766580.7898556686,3404276.861195435,79.21373953763396,0.012372766563244143,-0.004350963862427349,-0.9258895234026419,-0.37756664870492423
1763658770.6625922,766580.7898556686,3404276.861195435,79.21373953763396,0.012328039545390369,-0.004229922982929645,-0.9258366874845358,-0.3776990274016966
1763658770.6724832,766580.7898556686,3404276.861195435,79.21373953763396,0.01223900756219777,-0.004112445907998736,-0.9257836662358125,-0.37783316134707395
1763658770.6827016,766580.7898556686,3404276.861195435,79.21373953763396,0.012143461610083294,-0.004013505748404336,-0.9257236891684406,-0.37798423171357903
1763658770.6939304,766580.7898556686,3404276.861195435,79.21373953763396,0.01213066897848901,-0.00396044021617231,-0.9256610770590759,-0.3781385092810039
1763658770.7033877,766580.7898556686,3404276.861195435,79.21373953763396,0.012204864217102145,-0.003927227565328724,-0.9255919392478243,-0.378305670288649
1763658770.7126307,766579.3717668857,3404278.188916611,79.19644047506154,0.012161270413574083,-0.0038136896711533173,-0.925532558353231,-0.37845348816088803
1763658770.7226992,766579.3717668857,3404278.188916611,79.19644047506154,0.012200786522776492,-0.0037314579515863354,-0.9254691556452125,-0.37860805456186314
1763658770.7326093,766579.3717668857,3404278.188916611,79.19644047506154,0.01230319230617928,-0.003697565692161872,-0.9254080342287583,-0.37875444505892536
1763658770.7425108,766579.3717668857,3404278.188916611,79.19644047506154,0.012286584172211068,-0.003691031875776298,-0.9253439825967682,-0.37891150682583297
1763658770.7525313,766579.3717668857,3404278.188916611,79.19644047506154,0.012342752887453894,-0.0037508389545504173,-0.9252715288217728,-0.3790859870927914
1763658770.7625952,766579.3717668857,3404278.188916611,79.19644047506154,0.01220331452959756,-0.003680710492142701,-0.925200890896639,-0.3792635534411795
1763658770.7724922,766579.3717668857,3404278.188916611,79.19644047506154,0.012289791327346302,-0.00367932726637265,-0.9251230922335664,-0.3794505077031805
1763658770.7825317,766579.3717668857,3404278.188916611,79.19644047506154,0.012389667824723206,-0.0036351248794253242,-0.9250570457083774,-0.37960867242937507
1763658770.792513,766579.3717668857,3404278.188916611,79.19644047506154,0.012252210502073771,-0.0035517413884173796,-0.9249907522200762,-0.3797754294030357
1763658770.80339,766579.3717668857,3404278.188916611,79.19644047506154,0.012181938286862346,-0.0035263998706471632,-0.9249192391946462,-0.3799520573060815
1763658770.8126113,766577.957707658,3404279.5109925824,79.15684676077217,0.012088247894484358,-0.0035295324400319477,-0.924837874768035,-0.3801530245284663
1763658770.822582,766577.957707658,3404279.5109925824,79.15684676077217,0.011959329129076556,-0.0035571494414047503,-0.9247543138544605,-0.3803600664399459
1763658770.832724,766577.957707658,3404279.5109925824,79.15684676077217,0.012059880077570275,-0.0036290864203563453,-0.9246732578817826,-0.38055322253603197
1763658770.842673,766577.957707658,3404279.5109925824,79.15684676077217,0.011938513314131281,-0.003573333169574925,-0.924601374855099,-0.3807321903989315
1763658770.8527062,766577.957707658,3404279.5109925824,79.15684676077217,0.012014116893577918,-0.0035748483997197055,-0.9245308040437462,-0.38090113392901687
1763658770.8625464,766577.957707658,3404279.5109925824,79.15684676077217,0.011965137159245139,-0.003558091653176898,-0.9244584117775452,-0.3810784963367605
1763658770.872529,766577.957707658,3404279.5109925824,79.15684676077217,0.011894830317441235,-0.0035657876705093607,-0.9243812244826888,-0.38126781924769476
1763658770.88278,766577.957707658,3404279.5109925824,79.15684676077217,0.011863340216217948,-0.0036301802404929053,-0.924297944011987,-0.38147004292021347
1763658770.8925207,766577.957707658,3404279.5109925824,79.15684676077217,0.01185199387294621,-0.0036901853080788726,-0.9242129742563936,-0.38167563583464237
1763658770.9034345,766577.957707658,3404279.5109925824,79.15684676077217,0.011850807113696026,-0.003707680942748785,-0.9241351008460766,-0.3818640161850715
1763658770.9125915,766576.5457793063,3404280.849160437,79.15230081044137,0.011790713473260075,-0.0036917158712965643,-0.9240609291192694,-0.3820454810424405
1763658770.9227686,766576.5457793063,3404280.849160437,79.15230081044137,0.011771069831381285,-0.003713635119384248,-0.9239887667881325,-0.3822203679535812
1763658770.9327192,766576.5457793063,3404280.849160437,79.15230081044137,0.011621939744405969,-0.0037461023384978706,-0.9239165263507523,-0.38239920184253334
1763658770.942703,766576.5457793063,3404280.849160437,79.15230081044137,0.011680339065215263,-0.003880762682433891,-0.9238416731662482,-0.3825768841444963
1763658770.9528658,766576.5457793063,3404280.849160437,79.15230081044137,0.011625702500391778,-0.0039328725827203,-0.9237750484738227,-0.38273886054568196
1763658770.96344,766576.5457793063,3404280.849160437,79.15230081044137,0.011666521560956811,-0.004032522973377915,-0.9237041676702009,-0.3829076150481185
1763658770.9736767,766576.5457793063,3404280.849160437,79.15230081044137,0.011725010609891031,-0.004097589294653722,-0.9236293166620115,-0.3830856552921761
1763658770.9825137,766576.5457793063,3404280.849160437,79.15230081044137,0.011634045205651799,-0.004095951439367409,-0.9235567981274844,-0.38326324218018615
1763658770.992689,766576.5457793063,3404280.849160437,79.15230081044137,0.011493761367656067,-0.004148779051235256,-0.9234798719182621,-0.3834522228959405
1763658771.0052056,766576.5457793063,3404280.849160437,79.15230081044137,0.011512677733825598,-0.0042907921126385945,-0.9234062593022904,-0.3836273291044248
1763658771.0129993,766576.5457793063,3404280.849160437,79.15230081044137,0.011357222919984195,-0.004393923200888227,-0.9233297214936198,-0.3838149714810056
1763658771.0272956,766575.1435532796,3404282.1954369615,79.13245931919664,0.011338260332853161,-0.004471768620733211,-0.9232582337402985,-0.3839865635263447
1763658771.0331578,766575.1435532796,3404282.1954369615,79.13245931919664,0.01121705711565383,-0.00448766444996302,-0.9231918994012257,-0.38414939200447235
1763658771.0442626,766575.1435532796,3404282.1954369615,79.13245931919664,0.011057452592584609,-0.004546782233581063,-0.9231164670536538,-0.38433455187878096
1763658771.052705,766575.1435532796,3404282.1954369615,79.13245931919664,0.011142553246139211,-0.004739888013005997,-0.9230369144789592,-0.38452078159436776
1763658771.0626569,766575.1435532796,3404282.1954369615,79.13245931919664,0.010872390403573214,-0.004865984535014925,-0.9229576515264417,-0.3847171516974678
1763658771.0726354,766575.1435532796,3404282.1954369615,79.13245931919664,0.010702906688255381,-0.005044961651611496,-0.9228731631905681,-0.38492222696668393
1763658771.0827777,766575.1435532796,3404282.1954369615,79.13245931919664,0.010723755201175841,-0.005258598473310879,-0.9227915530847568,-0.38511439569549233
1763658771.0927641,766575.1435532796,3404282.1954369615,79.13245931919664,0.01049910645022754,-0.005342419258371143,-0.9227135965178088,-0.3853061719222583
1763658771.1035907,766575.1435532796,3404282.1954369615,79.13245931919664,0.010414612998977755,-0.00546193906357699,-0.9226380561967966,-0.3854876396399033
1763658771.1126177,766573.7476365531,3404283.5418963395,79.11708393413574,0.01031686240293963,-0.005584741215339557,-0.922560907124612,-0.3856731072568185
1763658771.1228158,766573.7476365531,3404283.5418963395,79.11708393413574,0.010066824030705145,-0.005693363948604424,-0.9224746001432333,-0.38588451219434217
1763658771.132944,766573.7476365531,3404283.5418963395,79.11708393413574,0.010242405058031862,-0.005982136839618654,-0.9223842264894978,-0.3860914993894971
1763658771.143189,766573.7476365531,3404283.5418963395,79.11708393413574,0.009736710311123206,-0.005986166409298997,-0.9223042184321067,-0.386295600475048
1763658771.1529508,766573.7476365531,3404283.5418963395,79.11708393413574,0.009842714343055739,-0.0061788533120155816,-0.9222200868076131,-0.3864906910064819
1763658771.1628106,766573.7476365531,3404283.5418963395,79.11708393413574,0.009748955183824357,-0.0062059294064311255,-0.9221482202479054,-0.3866640715228745
1763658771.1729271,766573.7476365531,3404283.5418963395,79.11708393413574,0.009650412035174943,-0.006309570060877226,-0.9220761858670916,-0.3868366145157342
1763658771.182558,766573.7476365531,3404283.5418963395,79.11708393413574,0.009576338086854326,-0.006503514132449249,-0.921997223211295,-0.3870234081337159
1763658771.1928074,766573.7476365531,3404283.5418963395,79.11708393413574,0.00946421469114172,-0.006648311941747845,-0.9219228393979115,-0.3872008610335179
1763658771.2034156,766573.7476365531,3404283.5418963395,79.11708393413574,0.009412477744128674,-0.006832794868392935,-0.9218379568458889,-0.3874009544324846
1763658771.2126136,766572.3588314878,3404284.895257775,79.1036963025108,0.009459984154001132,-0.006957190672999472,-0.9217659455784752,-0.387568894223421
1763658771.222807,766572.3588314878,3404284.895257775,79.1036963025108,0.009212279976549925,-0.007037536388588656,-0.9216931423514994,-0.38774651297133766
1763658771.2328084,766572.3588314878,3404284.895257775,79.1036963025108,0.00931077310643695,-0.007192659642028261,-0.921616322670523,-0.3879238700295419
1763658771.24304,766572.3588314878,3404284.895257775,79.1036963025108,0.009337619639507445,-0.007252808116755413,-0.9215522094400983,-0.38807438837156255
1763658771.2564523,766572.3588314878,3404284.895257775,79.1036963025108,0.009272548830507266,-0.007393116945923109,-0.9214774354864494,-0.3882508178347163
1763658771.262725,766572.3588314878,3404284.895257775,79.1036963025108,0.009315367336251885,-0.00751632176919929,-0.9214142319463061,-0.38839740216079066
1763658771.2757556,766572.3588314878,3404284.895257775,79.1036963025108,0.009334604813387134,-0.0077033468710710476,-0.921336845428312,-0.38857681461477933
1763658771.2875605,766572.3588314878,3404284.895257775,79.1036963025108,0.009373313581795273,-0.007792956425599701,-0.9212755597078149,-0.3887193768101847
1763658771.292726,766572.3588314878,3404284.895257775,79.1036963025108,0.009503393287348842,-0.00795785742776285,-0.9212103734915842,-0.38886733700927006
1763658771.3033793,766572.3588314878,3404284.895257775,79.1036963025108,0.00934482333461682,-0.008029042620907693,-0.9211552240358862,-0.3890003367387139
1763658771.3126323,766570.9754216287,3404286.2583229877,79.09521478042006,0.00916596078605386,-0.008148189932560581,-0.921100652560498,-0.38913131461797873
1763658771.3225558,766570.9754216287,3404286.2583229877,79.09521478042006,0.009320205615425915,-0.008473927609777877,-0.9210377694877534,-0.3892695126710732
1763658771.332775,766570.9754216287,3404286.2583229877,79.09521478042006,0.008978924586497608,-0.008537565935142037,-0.9210004579439077,-0.389364412020777
1763658771.3426685,766570.9754216287,3404286.2583229877,79.09521478042006,0.009120559593946679,-0.008879948264474358,-0.9209405750391497,-0.3894950823284855
1763658771.3527942,766570.9754216287,3404286.2583229877,79.09521478042006,0.008953221336489937,-0.009031819246430083,-0.9209058035300046,-0.38957767786868436
1763658771.3670933,766570.9754216287,3404286.2583229877,79.09521478042006,0.00863798320414369,-0.0092329370262579,-0.9208552236711577,-0.38969962170571365
1763658771.3777657,766570.9754216287,3404286.2583229877,79.09521478042006,0.008916163590764978,-0.009646385197557401,-0.920810978986931,-0.3897878785398191
1763658771.3825486,766570.9754216287,3404286.2583229877,79.09521478042006,0.008518890675793502,-0.009706991010997318,-0.9207761711283702,-0.3898774749961128
1763658771.3925622,766570.9754216287,3404286.2583229877,79.09521478042006,0.008596077230740334,-0.009976841964783704,-0.9207322720201407,-0.3899726315285245
1763658771.4033947,766570.9754216287,3404286.2583229877,79.09521478042006,0.008333839438944828,-0.009990923609804832,-0.9207124358520529,-0.3900247928440048
1763658771.4125628,766569.5998821335,3404287.6231226213,79.08173735439777,0.00816715458956256,-0.010085811179502408,-0.9206854129786743,-0.39008966190742517
1763658771.4225228,766569.5998821335,3404287.6231226213,79.08173735439777,0.008225983723570734,-0.010231623726282987,-0.9206688161894672,-0.3901237982538217
1763658771.4327476,766569.5998821335,3404287.6231226213,79.08173735439777,0.0080311785631655,-0.01036246376121342,-0.9206440824071351,-0.39018276876921176
1763658771.4428384,766569.5998821335,3404287.6231226213,79.08173735439777,0.007850974220929017,-0.010558935725354924,-0.920619223422924,-0.3902398192705385
1763658771.4527526,766569.5998821335,3404287.6231226213,79.08173735439777,0.007660088593580911,-0.010762843737548985,-0.9206003261959124,-0.3902826202195011
1763658771.4627771,766569.5998821335,3404287.6231226213,79.08173735439777,0.007378276161932456,-0.010969450957139644,-0.9205780637447647,-0.39033480595319336
1763658771.4728076,766569.5998821335,3404287.6231226213,79.08173735439777,0.007285428066481157,-0.011248956341703576,-0.9205604166261401,-0.39037021256778515
1763658771.4825695,766569.5998821335,3404287.6231226213,79.08173735439777,0.006972565902467992,-0.011429032120162426,-0.9205370241354947,-0.3904258543504767
1763658771.4927442,766569.5998821335,3404287.6231226213,79.08173735439777,0.006912252712782032,-0.011701909365075983,-0.9205177207440176,-0.390464354168066
1763658771.5035503,766569.5998821335,3404287.6231226213,79.08173735439777,0.0067983748156469955,-0.011970219763054724,-0.9205069364649423,-0.39048364352251297
1763658771.5126243,766568.2323464891,3404288.9916457916,79.06900739017874,0.00662333220042164,-0.012244335129391371,-0.9204896998069261,-0.39051878351387537
1763658771.522527,766568.2323464891,3404288.9916457916,79.06900739017874,0.0066878859311027845,-0.012522889030021935,-0.9204882960773619,-0.39051215885899004
1763658771.5325625,766568.2323464891,3404288.9916457916,79.06900739017874,0.00632959065337064,-0.01260901111979534,-0.9204813184964842,-0.3905318059002561
1763658771.5425553,766568.2323464891,3404288.9916457916,79.06900739017874,0.006492393764185901,-0.012838201544110008,-0.9204812711304589,-0.39052177775685937
1763658771.5678778,766568.2323464891,3404288.9916457916,79.06900739017874,0.006029506046364614,-0.012857945582538246,-0.9204793090274852,-0.3905331739359878
1763658771.5680842,766568.2323464891,3404288.9916457916,79.06900739017874,0.005970289419400092,-0.013042859026901218,-0.920469719623491,-0.39055055335885136
1763658771.5725605,766568.2323464891,3404288.9916457916,79.06900739017874,0.005798217577144739,-0.013175535505916014,-0.920473343914977,-0.39054015040587153
1763658771.5825393,766568.2323464891,3404288.9916457916,79.06900739017874,0.005546621739867907,-0.013346708174627459,-0.9204745674074308,-0.3905351086961062
1763658771.5925345,766568.2323464891,3404288.9916457916,79.06900739017874,0.005766748274340179,-0.013664104500913422,-0.9204782883864429,-0.3905121732695319
1763658771.6034722,766568.2323464891,3404288.9916457916,79.06900739017874,0.005571777203415383,-0.013738308620363515,-0.9204896916971352,-0.3904855204157513
1763658771.612611,766566.866427292,3404290.361801345,79.05736643821001,0.005426831807343921,-0.013881016574125082,-0.9204959572622581,-0.3904677445567593
1763658771.6225917,766566.866427292,3404290.361801345,79.05736643821001,0.0054933305747136875,-0.014097810168427725,-0.9205036882660299,-0.3904408213241633
1763658771.6326184,766566.866427292,3404290.361801345,79.05736643821001,0.005258665751774678,-0.014163711895971959,-0.92051341068153,-0.39041874501014373
1763658771.6425824,766566.866427292,3404290.361801345,79.05736643821001,0.0052378633856952845,-0.014290917948715034,-0.92052398659168,-0.39038945241988343
1763658771.65257,766566.866427292,3404290.361801345,79.05736643821001,0.005147789141263469,-0.014373478784168692,-0.9205439611238568,-0.390340516745312
1763658771.662525,766566.866427292,3404290.361801345,79.05736643821001,0.0050448686780366556,-0.014489109806624802,-0.9205634767194277,-0.390291558104031
1763658771.6725774,766566.866427292,3404290.361801345,79.05736643821001,0.0051983888637302505,-0.014657869583141771,-0.920583590816808,-0.3902357952973264
1763658771.691705,766566.866427292,3404290.361801345,79.05736643821001,0.004922014705504915,-0.014647769509604874,-0.9206075381030228,-0.39018326131130204
1763658771.6927013,766566.866427292,3404290.361801345,79.05736643821001,0.004909588208204042,-0.014766865230577995,-0.920624189719812,-0.39013963774221583
1763658771.7033792,766566.866427292,3404290.361801345,79.05736643821001,0.004918232397457358,-0.014894688592306755,-0.9206468143660902,-0.3900812767096017
1763658771.712566,766565.4970007739,3404291.729250051,79.04178391117603,0.0049193127807665785,-0.015000656560159493,-0.9206756939108729,-0.39000903490337485
1763658771.7225268,766565.4970007739,3404291.729250051,79.04178391117603,0.004985237916143414,-0.015109458037639216,-0.9207178788620659,-0.3899043975444063
1763658771.732557,766565.4970007739,3404291.729250051,79.04178391117603,0.004813776177400325,-0.015140156045752624,-0.9207609362633347,-0.3898036704358896
1763658771.7427988,766565.4970007739,3404291.729250051,79.04178391117603,0.004802558734149276,-0.015264881016984966,-0.9208004405273927,-0.3897056165385638
1763658771.7528024,766565.4970007739,3404291.729250051,79.04178391117603,0.004721019387593404,-0.015413337456635786,-0.9208356802920674,-0.38961749306908044
1763658771.76285,766565.4970007739,3404291.729250051,79.04178391117603,0.00449148704617913,-0.01558975120179663,-0.9208667305381757,-0.38953979358919233
1763658771.7728484,766565.4970007739,3404291.729250051,79.04178391117603,0.004479457190354033,-0.015809696784243744,-0.9209057405415819,-0.38943883343656277
1763658771.782941,766565.4970007739,3404291.729250051,79.04178391117603,0.004478057552233524,-0.015940427042909964,-0.9209533507324625,-0.38932091590473056
1763658771.7997537,766565.4970007739,3404291.729250051,79.04178391117603,0.004283204893707103,-0.01597375698959879,-0.9210097802733143,-0.38918822937542324
1763658771.803372,766565.4970007739,3404291.729250051,79.04178391117603,0.004228601747147707,-0.01611338380425148,-0.9210655357471074,-0.3890510977346488
1763658771.8125901,766564.1306261183,3404293.0952984057,79.03358794469386,0.004058247165166175,-0.016253591740288537,-0.921120203105141,-0.3889176298614277
1763658771.8224943,766564.1306261183,3404293.0952984057,79.03358794469386,0.0040459597964762305,-0.01641692566506581,-0.9211715768979079,-0.3887891982507422
1763658771.8326294,766564.1306261183,3404293.0952984057,79.03358794469386,0.00412710437330588,-0.01655639834631753,-0.9212275354703985,-0.38864981741205734
1763658771.8427594,766564.1306261183,3404293.0952984057,79.03358794469386,0.003968181227155882,-0.016541967964160673,-0.9212881753241928,-0.3885083201701613
1763658771.8527613,766564.1306261183,3404293.0952984057,79.03358794469386,0.003856744118187755,-0.016589340836508933,-0.921349015847944,-0.3883631165435797
1763658771.8627372,766564.1306261183,3404293.0952984057,79.03358794469386,0.003733773703213093,-0.01668298811538788,-0.9214070897016334,-0.38822250306884665
1763658771.8727298,766564.1306261183,3404293.0952984057,79.03358794469386,0.0036351953946237017,-0.016815747263578026,-0.9214638154172508,-0.3880830489406786
1763658771.8826594,766564.1306261183,3404293.0952984057,79.03358794469386,0.0036171012703193357,-0.017009029667905122,-0.9215218429559084,-0.3879369825671465
1763658771.8924837,766564.1306261183,3404293.0952984057,79.03358794469386,0.0034269639798078675,-0.01712689849511287,-0.9215800958867697,-0.3877951161775397
1763658771.9033728,766564.1306261183,3404293.0952984057,79.03358794469386,0.0033909591466077848,-0.017242128525366024,-0.921644398128477,-0.387637477288224
1763658771.9125748,766562.7652987153,3404294.46111223,79.02747662272304,0.0032792879377656434,-0.017282347223873864,-0.9217094153051861,-0.3874820260125963
1763658771.9225936,766562.7652987153,3404294.46111223,79.02747662272304,0.003253949240699489,-0.01737336273160735,-0.9217761698737332,-0.3873193394792537
1763658771.9326096,766562.7652987153,3404294.46111223,79.02747662272304,0.0032000225523990088,-0.017533496490191296,-0.9218383859472727,-0.38716446963870454
1763658771.9426432,766562.7652987153,3404294.46111223,79.02747662272304,0.0031350800491084926,-0.017724290196555068,-0.9219015740670595,-0.3870058249468502
1763658771.953115,766562.7652987153,3404294.46111223,79.02747662272304,0.0031174853018378565,-0.017915946331804003,-0.9219665677637053,-0.3868422780390499
1763658771.962529,766562.7652987153,3404294.46111223,79.02747662272304,0.0030231781157873568,-0.018011729063968893,-0.9220357495118254,-0.3866736539155117
1763658771.9725251,766562.7652987153,3404294.46111223,79.02747662272304,0.0029852894701083467,-0.0180875952904002,-0.9221064506311831,-0.38650177314955714
1763658771.9825575,766562.7652987153,3404294.46111223,79.02747662272304,0.0029044409156669627,-0.018148417105589516,-0.9221777065458328,-0.3863294924405811
1763658771.9925272,766562.7652987153,3404294.46111223,79.02747662272304,0.0028370397779679474,-0.0182480321268927,-0.9222495056036533,-0.38615386822173775
1763658772.005358,766562.7652987153,3404294.46111223,79.02747662272304,0.002867641096598792,-0.018386790054568083,-0.9223230182433612,-0.38597144014095974
1763658772.0126822,766562.7652987153,3404294.46111223,79.02747662272304,0.0028596073625925637,-0.01850476626144541,-0.9223990512628986,-0.38578411903634113
1763658772.026525,766561.3909449329,3404295.823530531,79.02613401319832,0.0028479717492549145,-0.01860554149985448,-0.9224761907267813,-0.38559486566164164
1763658772.0332155,766561.3909449329,3404295.823530531,79.02613401319832,0.0027976841608391787,-0.0187003810024952,-0.9225532126079679,-0.3854063292428075
1763658772.042894,766561.3909449329,3404295.823530531,79.02613401319832,0.0027018219842435236,-0.01882075162080772,-0.9226271299039888,-0.38522416672831084
1763658772.0527368,766561.3909449329,3404295.823530531,79.02613401319832,0.002762465457955405,-0.01902278952304137,-0.9226981119139114,-0.38504375924543793
1763658772.0629268,766561.3909449329,3404295.823530531,79.02613401319832,0.002675585245285097,-0.019164910144735526,-0.9227726545354646,-0.3848586435359246
1763658772.0728102,766561.3909449329,3404295.823530531,79.02613401319832,0.0026262351202376733,-0.01930932891345986,-0.9228486611249591,-0.3846694702804937
1763658772.082982,766561.3909449329,3404295.823530531,79.02613401319832,0.002575523779707014,-0.019414561608957704,-0.922930723773963,-0.38446758067340403
1763658772.092823,766561.3909449329,3404295.823530531,79.02613401319832,0.0025754272624577378,-0.019552763233228604,-0.9230117721408643,-0.3842659562252977
1763658772.1034472,766561.3909449329,3404295.823530531,79.02613401319832,0.0026391899979759503,-0.01972486657384666,-0.9230921148453404,-0.38406368199187396
1763658772.1127453,766560.0180332353,3404297.1789847403,79.02250086795539,0.002730628796923762,-0.019885819371989577,-0.9231738761923618,-0.3838581667364236
1763658772.1227155,766560.0180332353,3404297.1789847403,79.02250086795539,0.0026617223035317224,-0.019974570845498887,-0.9232534200089504,-0.3836626828291929
1763658772.1327636,766560.0180332353,3404297.1789847403,79.02250086795539,0.0026286371264068395,-0.020064059059504993,-0.9233327044207329,-0.38346739202702745
1763658772.1427343,766560.0180332353,3404297.1789847403,79.02250086795539,0.0024619065083552744,-0.020107450750759343,-0.9234091391023418,-0.3832821301116476
1763658772.1526375,766560.0180332353,3404297.1789847403,79.02250086795539,0.0023510423852762044,-0.020169278138904935,-0.9234881803720443,-0.3830890934654613
1763658772.1626787,766560.0180332353,3404297.1789847403,79.02250086795539,0.002290796438805892,-0.020249375250600325,-0.9235661186972074,-0.38289729621428786
1763658772.1728745,766560.0180332353,3404297.1789847403,79.02250086795539,0.0022674885442005126,-0.02032914796604825,-0.9236449899433563,-0.38270290930591844
1763658772.18271,766560.0180332353,3404297.1789847403,79.02250086795539,0.0022477876642735452,-0.02038725084278585,-0.9237258143625691,-0.3825048069422107
1763658772.1939735,766560.0180332353,3404297.1789847403,79.02250086795539,0.0021847282196955503,-0.020405929984774845,-0.9238081461570328,-0.3823052891054069
1763658772.2037487,766560.0180332353,3404297.1789847403,79.02250086795539,0.002232202447010759,-0.020444798309373027,-0.9238930530631098,-0.38209770216012845
1763658772.2128026,766558.6391731391,3404298.5261314367,79.01089224778116,0.0022295194426736054,-0.020493777797519742,-0.9239750536021515,-0.3818967591320224
1763658772.2228575,766558.6391731391,3404298.5261314367,79.01089224778116,0.0021787665651746974,-0.020545090812725528,-0.9240531835174316,-0.3817052085720747
1763658772.2328093,766558.6391731391,3404298.5261314367,79.01089224778116,0.0021096660979113783,-0.02056874612920219,-0.9241299803038103,-0.38151835538451745
1763658772.2428615,766558.6391731391,3404298.5261314367,79.01089224778116,0.0019710849342519654,-0.020540667953973118,-0.9242073060590512,-0.3813332547933076
1763658772.2561343,766558.6391731391,3404298.5261314367,79.01089224778116,0.001963619878500744,-0.020553156057831437,-0.9242854947055446,-0.3811430653310668
1763658772.2627432,766558.6391731391,3404298.5261314367,79.01089224778116,0.0019125275847736902,-0.020524177135547342,-0.9243668962357997,-0.38094742620805344
1763658772.272751,766558.6391731391,3404298.5261314367,79.01089224778116,0.001785823390889037,-0.020460650832533768,-0.9244489438643958,-0.38075231160208217
1763658772.2827933,766558.6391731391,3404298.5261314367,79.01089224778116,0.001870573578938944,-0.02049427664260854,-0.9245300731991031,-0.3805530571810495
1763658772.2927983,766558.6391731391,3404298.5261314367,79.01089224778116,0.0019154289790497877,-0.020538619022438732,-0.9246120193456758,-0.3803512980679689
1763658772.3034554,766558.6391731391,3404298.5261314367,79.01089224778116,0.0018940146974227579,-0.020539903698560284,-0.9246941651079774,-0.38015158302924434
1763658772.312821,766557.2508265005,3404299.864250269,79.00243491027504,0.001843852037634033,-0.020471571636128262,-0.9247806798105587,-0.3799450081439825
1763658772.3227334,766557.2508265005,3404299.864250269,79.00243491027504,0.0017221361436546567,-0.020366720004857702,-0.9248661906943538,-0.3797430187295898
1763658772.3327482,766557.2508265005,3404299.864250269,79.00243491027504,0.0017186426495307584,-0.020367498472080692,-0.9249457015470508,-0.37954928594724974
1763658772.3426502,766557.2508265005,3404299.864250269,79.00243491027504,0.0017005910308765752,-0.02039520885924446,-0.9250220533306255,-0.3793617591399098
1763658772.3525708,766557.2508265005,3404299.864250269,79.00243491027504,0.0016071302025253281,-0.020418820680102152,-0.9250959341273475,-0.3791806977624209
1763658772.3626056,766557.2508265005,3404299.864250269,79.00243491027504,0.0016116463489268106,-0.0204410607364112,-0.9251761151258949,-0.37898380127991366
1763658772.3725178,766557.2508265005,3404299.864250269,79.00243491027504,0.001597904790616481,-0.02044068346912653,-0.9252593886553159,-0.37878052862414396
1763658772.3826976,766557.2508265005,3404299.864250269,79.00243491027504,0.0016968609198981625,-0.020420903011166523,-0.9253453575762389,-0.37857109846808096
1763658772.3925724,766557.2508265005,3404299.864250269,79.00243491027504,0.0017302401209587093,-0.02035256290150277,-0.9254313558968565,-0.37836435478962605
1763658772.4035542,766557.2508265005,3404299.864250269,79.00243491027504,0.001718694472830599,-0.02027672802872358,-0.9255150102787879,-0.37816380860470117
1763658772.4147491,766555.8577012828,3404301.198431708,78.9957167096436,0.001826035086095898,-0.020253670198802018,-0.9256003437675794,-0.3779556297459817
1763658772.4225454,766555.8577012828,3404301.198431708,78.9957167096436,0.0018801218587256533,-0.020195908161497654,-0.9256850765185168,-0.3777508829192016
1763658772.4325461,766555.8577012828,3404301.198431708,78.9957167096436,0.0019875170586585514,-0.020127597351792873,-0.925771996434446,-0.3775409119798355
1763658772.4425788,766555.8577012828,3404301.198431708,78.9957167096436,0.0020568271834059734,-0.020073245519784434,-0.925856371661236,-0.3773364723036074
1763658772.4525375,766555.8577012828,3404301.198431708,78.9957167096436,0.0020666204734568414,-0.020052494768814606,-0.9259362375520509,-0.3771414993358826
1763658772.4624975,766555.8577012828,3404301.198431708,78.9957167096436,0.0021792507515829007,-0.020123204811002045,-0.9260118240137463,-0.3769514680711976
1763658772.4725437,766555.8577012828,3404301.198431708,78.9957167096436,0.0021600889343226376,-0.020148359463572487,-0.9260839479599723,-0.3767730072040645
1763658772.482526,766555.8577012828,3404301.198431708,78.9957167096436,0.0021683963752071513,-0.020183164940719173,-0.9261618736240118,-0.37657950256937184
1763658772.4925327,766555.8577012828,3404301.198431708,78.9957167096436,0.002186385494466817,-0.020239279654615472,-0.9262400422535191,-0.37638407963638787
1763658772.5035744,766555.8577012828,3404301.198431708,78.9957167096436,0.002271984683130451,-0.020276008601602443,-0.9263211671243958,-0.37618189336820096
1763658772.5127327,766554.4572373879,3404302.5243457635,78.99424081388861,0.0023254118404250484,-0.020236607372606085,-0.926404470922378,-0.3759784946467656
1763658772.5225537,766554.4572373879,3404302.5243457635,78.99424081388861,0.002363783348154635,-0.02017936702353738,-0.9264860406758957,-0.3757802843517938
1763658772.5326157,766554.4572373879,3404302.5243457635,78.99424081388861,0.002393420478763921,-0.020141628406175484,-0.9265674647138794,-0.3755813090094516
1763658772.542606,766554.4572373879,3404302.5243457635,78.99424081388861,0.0023970846654812437,-0.0201281136154345,-0.9266456553490864,-0.37538905478190615
1763658772.5525782,766554.4572373879,3404302.5243457635,78.99424081388861,0.0024205394049632394,-0.020073875161125358,-0.9267237043788636,-0.37519908884127234
1763658772.562556,766554.4572373879,3404302.5243457635,78.99424081388861,0.0023893115969304962,-0.019928406657429284,-0.92680700741409,-0.37500122773976086
1763658772.5725284,766554.4572373879,3404302.5243457635,78.99424081388861,0.0022954835968370755,-0.01979715330923002,-0.9268886772820264,-0.37480686146638625
1763658772.5826993,766554.4572373879,3404302.5243457635,78.99424081388861,0.002354638145923158,-0.019775463089687802,-0.9269684264660081,-0.374610361674531
1763658772.5927289,766554.4572373879,3404302.5243457635,78.99424081388861,0.0023158840746556747,-0.019763928204211096,-0.9270466313867117,-0.37441763721470417
1763658772.6035972,766554.4572373879,3404302.5243457635,78.99424081388861,0.002279319823674797,-0.01978016719149314,-0.9271238681910241,-0.3742257109252793
1763658772.621659,766553.0536348411,3404303.8404908194,78.98349995817989,0.0022746572345039018,-0.019810500053976634,-0.9272029403823292,-0.3740281772386136
1763658772.6314132,766553.0536348411,3404303.8404908194,78.98349995817989,0.0021255510515712575,-0.019824897704201067,-0.9272798769499371,-0.37383751185168007
1763658772.6326828,766553.0536348411,3404303.8404908194,78.98349995817989,0.002198247482529848,-0.019904257479012484,-0.9273576442947917,-0.3736399173137538
1763658772.6425424,766553.0536348411,3404303.8404908194,78.98349995817989,0.0021834203916873598,-0.01990446208558283,-0.9274381887395435,-0.3734400234736388
1763658772.6525636,766553.0536348411,3404303.8404908194,78.98349995817989,0.0022270184351107867,-0.019904592094981403,-0.9275228623662758,-0.37322940316954184
1763658772.6625376,766553.0536348411,3404303.8404908194,78.98349995817989,0.002320678484524649,-0.019958102422002612,-0.927605612330096,-0.37302026295201735
1763658772.6725812,766553.0536348411,3404303.8404908194,78.98349995817989,0.002292898209176355,-0.019980900959688994,-0.9276841132822156,-0.37282394260351737
1763658772.682937,766553.0536348411,3404303.8404908194,78.98349995817989,0.0022672261532159666,-0.0199815162519023,-0.9277599633208811,-0.372635276312754
1763658772.6929529,766553.0536348411,3404303.8404908194,78.98349995817989,0.0021813185818614703,-0.01993245399263309,-0.9278356973498005,-0.37244980581346154
1763658772.7037039,766553.0536348411,3404303.8404908194,78.98349995817989,0.0022080674504935047,-0.01997036890288737,-0.9279103206142916,-0.37226166294892515
1763658772.712934,766551.6406677426,3404305.1552362232,78.97418755665421,0.0022398320883624274,-0.02004325051891371,-0.9279806771415635,-0.3720821335575487
1763658772.7227647,766551.6406677426,3404305.1552362232,78.97418755665421,0.002276723148567023,-0.02011431605599584,-0.9280478181869282,-0.37191057793478666
1763658772.7325463,766551.6406677426,3404305.1552362232,78.97418755665421,0.0022844362233488385,-0.020130832880886743,-0.9281179861750951,-0.37173449484403415
1763658772.7425568,766551.6406677426,3404305.1552362232,78.97418755665421,0.0023264633951431777,-0.020165624963377066,-0.9281879258337349,-0.3715576798753816
1763658772.7525437,766551.6406677426,3404305.1552362232,78.97418755665421,0.002339748241463352,-0.020181185848078178,-0.9282549044535524,-0.3713893882084658
1763658772.7625098,766551.6406677426,3404305.1552362232,78.97418755665421,0.0023802482306484046,-0.020188684525589487,-0.9283195116549183,-0.3712272022848819
1763658772.7725818,766551.6406677426,3404305.1552362232,78.97418755665421,0.0023012530314156857,-0.02014651209041758,-0.9283777292218192,-0.3710843760790992
1763658772.782552,766551.6406677426,3404305.1552362232,78.97418755665421,0.0024083061527542075,-0.020153635321798636,-0.928438001224706,-0.3709324856718043
1763658772.7925508,766551.6406677426,3404305.1552362232,78.97418755665421,0.002340864135657428,-0.020118224292428107,-0.9284969637619398,-0.37078722428271055
1763658772.803612,766551.6406677426,3404305.1552362232,78.97418755665421,0.002300057639181235,-0.020078475577208377,-0.9285557893812699,-0.37064229461824616
1763658772.8125753,766550.2296271219,3404306.4666247563,78.97506364900619,0.002256221453172504,-0.020009437600760925,-0.928613641678161,-0.3705013311189038
1763658772.8225036,766550.2296271219,3404306.4666247563,78.97506364900619,0.002226793755685087,-0.019940993768436867,-0.9286641277539696,-0.370378638665968
1763658772.8326504,766550.2296271219,3404306.4666247563,78.97506364900619,0.0023266595960887374,-0.019929738453594158,-0.9287095712626326,-0.3702646680760569
1763658772.8425605,766550.2296271219,3404306.4666247563,78.97506364900619,0.0022861924389951382,-0.01987362202743021,-0.928752963690548,-0.37015908054195595
1763658772.8526828,766550.2296271219,3404306.4666247563,78.97506364900619,0.002293793140603193,-0.019824632454253616,-0.9287982005007703,-0.37004813904087236
1763658772.862582,766550.2296271219,3404306.4666247563,78.97506364900619,0.0023979874434911837,-0.01974260197455345,-0.9288462616789952,-0.36993121183329575
1763658772.8727155,766550.2296271219,3404306.4666247563,78.97506364900619,0.002380467511654171,-0.019602579640757796,-0.9288935591465961,-0.36981999408066485
1763658772.882578,766550.2296271219,3404306.4666247563,78.97506364900619,0.0023828710168551023,-0.019481598994323328,-0.9289321676455227,-0.369729383657469
1763658772.8926466,766550.2296271219,3404306.4666247563,78.97506364900619,0.0024440307318796695,-0.019356846625160136,-0.9289663559192818,-0.36964962974763305
1763658772.9082892,766550.2296271219,3404306.4666247563,78.97506364900619,0.002453803578521943,-0.019185571942765278,-0.9289981954648173,-0.369578470017316
1763658772.912536,766548.8113344186,3404307.763114049,78.96014511305839,0.002651073809590364,-0.019051224234579743,-0.9290297372630314,-0.3695047630867602
1763658772.9226093,766548.8113344186,3404307.763114049,78.96014511305839,0.0026615445534957684,-0.01881842076601775,-0.9290629347789429,-0.36943314204386263
1763658772.9326155,766548.8113344186,3404307.763114049,78.96014511305839,0.00267463333543266,-0.018595818368078207,-0.9290900727197036,-0.36937606669820755
1763658772.9425826,766548.8113344186,3404307.763114049,78.96014511305839,0.0028423821587642145,-0.01839312159559924,-0.9291134002296315,-0.3693262831905756
1763658772.9526014,766548.8113344186,3404307.763114049,78.96014511305839,0.002848249772248345,-0.018148311829436437,-0.9291313867252393,-0.36929309830134927
1763658772.9625893,766548.8113344186,3404307.763114049,78.96014511305839,0.0029748642094306306,-0.01799620512748451,-0.929142907584682,-0.3692705567318195
1763658772.9724996,766548.8113344186,3404307.763114049,78.96014511305839,0.003046634506542428,-0.017848808584344254,-0.929148744618037,-0.3692624384161339
1763658772.982522,766548.8113344186,3404307.763114049,78.96014511305839,0.0030786841809711443,-0.017653878998976726,-0.9291500842071629,-0.3692681725762803
1763658772.9927356,766548.8113344186,3404307.763114049,78.96014511305839,0.003207955926955445,-0.017429947581509404,-0.9291514000872501,-0.36927439887159663
1763658773.005571,766548.8113344186,3404307.763114049,78.96014511305839,0.00321587467080834,-0.017137183005464796,-0.9291527592953723,-0.36928461246379396
1763658773.0127873,766548.8113344186,3404307.763114049,78.96014511305839,0.0033203966685625003,-0.016925636538717946,-0.9291516430399824,-0.3692962523907105
1763658773.0317624,766547.3795948309,3404309.056679941,78.95642008073628,0.0034881877448310113,-0.016762382233022975,-0.9291448745571322,-0.3693191806179876
1763658773.0361652,766547.3795948309,3404309.056679941,78.95642008073628,0.003573869980290495,-0.016577952886814178,-0.929132908535481,-0.36935678849568193
1763658773.043355,766547.3795948309,3404309.056679941,78.95642008073628,0.003681672164180772,-0.016391837570040757,-0.9291166449383187,-0.36940494453880174
1763658773.0531013,766547.3795948309,3404309.056679941,78.95642008073628,0.003798831487809109,-0.016218749855550576,-0.9290989182023295,-0.36945598009466724
1763658773.06276,766547.3795948309,3404309.056679941,78.95642008073628,0.0038652070169871806,-0.016027973705456416,-0.9290773802751844,-0.3695177745313657
1763658773.0726228,766547.3795948309,3404309.056679941,78.95642008073628,0.004063672765237102,-0.015858958803176157,-0.9290538501423963,-0.36958209307936724
1763658773.082909,766547.3795948309,3404309.056679941,78.95642008073628,0.004154191519961533,-0.015614963484992512,-0.9290301043621538,-0.3696511609572239
1763658773.0927973,766547.3795948309,3404309.056679941,78.95642008073628,0.004272874958765673,-0.015396590395792826,-0.929005044539847,-0.36972194249636803
1763658773.1035817,766547.3795948309,3404309.056679941,78.95642008073628,0.00436084221476737,-0.015169557968310201,-0.9289799562940452,-0.36979333197089687
1763658773.1128125,766545.9474659252,3404310.3429160584,78.94342735875398,0.00444655180310094,-0.01493173998370569,-0.9289531039756465,-0.36986943903509134
1763658773.1229367,766545.9474659252,3404310.3429160584,78.94342735875398,0.00452251637623425,-0.014669029245407049,-0.9289250473418613,-0.369949486886446
1763658773.1328382,766545.9474659252,3404310.3429160584,78.94342735875398,0.004691630519527802,-0.014456488394296661,-0.928897214928356,-0.3700256243082596
1763658773.1427724,766545.9474659252,3404310.3429160584,78.94342735875398,0.00482918161289729,-0.014292111326614149,-0.9288648480847008,-0.37011148124769455
1763658773.153079,766545.9474659252,3404310.3429160584,78.94342735875398,0.004973973515837892,-0.014112180101235015,-0.9288296827382887,-0.37020470880925344
1763658773.1628962,766545.9474659252,3404310.3429160584,78.94342735875398,0.004963262004952601,-0.013891708740241395,-0.9287945354808517,-0.37030136013719345
1763658773.1730416,766545.9474659252,3404310.3429160584,78.94342735875398,0.004994641763186001,-0.013744093281926191,-0.9287572905084156,-0.3703998498663054
1763658773.1837678,766545.9474659252,3404310.3429160584,78.94342735875398,0.005075453757222451,-0.013607697330528057,-0.9287226801376612,-0.37049055823386157
1763658773.1927114,766545.9474659252,3404310.3429160584,78.94342735875398,0.005117181707810414,-0.013436819845409783,-0.9286880450822352,-0.37058302881425575
1763658773.2035627,766545.9474659252,3404310.3429160584,78.94342735875398,0.005198319749829456,-0.013266358543561337,-0.9286532495842212,-0.3706752260934604
1763658773.2130787,766544.5180901843,3404311.633495076,78.92924111057073,0.005240963524761045,-0.013116817702189077,-0.9286176736194205,-0.37076906240455815
1763658773.2228112,766544.5180901843,3404311.633495076,78.92924111057073,0.005278205836733678,-0.013015313681185497,-0.9285807189709703,-0.370864652546292
1763658773.2326126,766544.5180901843,3404311.633495076,78.92924111057073,0.00531867382762127,-0.012900941021156345,-0.9285416148504042,-0.37096596463892473
1763658773.242891,766544.5180901843,3404311.633495076,78.92924111057073,0.005319181569326015,-0.012770966833733773,-0.9285033068052084,-0.3710663255610201
1763658773.2558184,766544.5180901843,3404311.633495076,78.92924111057073,0.005357367684678888,-0.012652931945658617,-0.92846598808493,-0.3711631863401114
1763658773.2637355,766544.5180901843,3404311.633495076,78.92924111057073,0.00539246914721519,-0.012518789474532192,-0.9284321120875645,-0.3712519554577626
1763658773.272734,766544.5180901843,3404311.633495076,78.92924111057073,0.0053587852033470055,-0.012404389906024431,-0.9284024160661803,-0.37133053789674025
1763658773.2903342,766544.5180901843,3404311.633495076,78.92924111057073,0.005359277241789435,-0.012368272497646701,-0.9283671571834669,-0.3714198775590208
1763658773.292615,766544.5180901843,3404311.633495076,78.92924111057073,0.0053811997420156275,-0.012407310551978613,-0.9283315248015958,-0.3715073100138779
1763658773.3036485,766544.5180901843,3404311.633495076,78.92924111057073,0.005440872898574954,-0.012479887588532716,-0.9282935180864134,-0.37159896876421655
1763658773.312737,766543.0949846538,3404312.927584792,78.92419425863773,0.005428976724866235,-0.01250090021797456,-0.9282566786219486,-0.37169045225726366
1763658773.3226008,766543.0949846538,3404312.927584792,78.92419425863773,0.005419345794036318,-0.012492301355735758,-0.9282198667168492,-0.3717828023593302
1763658773.3327289,766543.0949846538,3404312.927584792,78.92419425863773,0.005382285275862417,-0.012456452649550236,-0.9281870752614874,-0.37186640223355044
1763658773.342592,766543.0949846538,3404312.927584792,78.92419425863773,0.005450941674267891,-0.012484043484192821,-0.9281548860842036,-0.3719448122116607
1763658773.3525856,766543.0949846538,3404312.927584792,78.92419425863773,0.005360078847040892,-0.012483235274463739,-0.9281248247195029,-0.37202116624088544
1763658773.3625538,766543.0949846538,3404312.927584792,78.92419425863773,0.005334578678162238,-0.012523784565958944,-0.9280922221122518,-0.37210149737029335
1763658773.3724883,766543.0949846538,3404312.927584792,78.92419425863773,0.00531634681155938,-0.012561065248077537,-0.9280562600951734,-0.37219018551618543
1763658773.3825483,766543.0949846538,3404312.927584792,78.92419425863773,0.005308786427408821,-0.012581442810942653,-0.9280200553812409,-0.3722798690416412
1763658773.392546,766543.0949846538,3404312.927584792,78.92419425863773,0.0054313904326886075,-0.012635416091548158,-0.9279825190332522,-0.3723698304466423
1763658773.4036143,766543.0949846538,3404312.927584792,78.92419425863773,0.005369771256511277,-0.012601073979232841,-0.9279494854580519,-0.3724541997740918
1763658773.4127922,766541.675107765,3404314.2281458573,78.91424667742103,0.005349179331792792,-0.012627125540626196,-0.9279190502858967,-0.37252943252523957
1763658773.4226992,766541.675107765,3404314.2281458573,78.91424667742103,0.005355073285096754,-0.01271246472961265,-0.92788958223495,-0.37259983844663647
1763658773.4329438,766541.675107765,3404314.2281458573,78.91424667742103,0.00531199696347447,-0.012791240188875052,-0.9278597891646617,-0.3726719448979224
1763658773.442789,766541.675107765,3404314.2281458573,78.91424667742103,0.0053582484820000175,-0.012911946895859859,-0.9278246966766197,-0.37275448090868335
1763658773.4557734,766541.675107765,3404314.2281458573,78.91424667742103,0.00529829869815771,-0.012977148620730426,-0.927791468983215,-0.37283577044933447
1763658773.463891,766541.675107765,3404314.2281458573,78.91424667742103,0.0051672637730067646,-0.01304911374753621,-0.92775404376702,-0.3729282160006755
1763658773.4727755,766541.675107765,3404314.2281458573,78.91424667742103,0.005244209903752957,-0.013205496807736337,-0.9277216245496932,-0.37300227942926073
1763658773.4832864,766541.675107765,3404314.2281458573,78.91424667742103,0.005069930967145303,-0.013283306063990925,-0.9276888023826807,-0.37308355031250856
1763658773.4926097,766541.675107765,3404314.2281458573,78.91424667742103,0.005062753680691371,-0.013420490026715165,-0.9276568259624667,-0.3731582401848488
1763658773.5035813,766541.675107765,3404314.2281458573,78.91424667742103,0.005009016558561612,-0.01350365733140392,-0.9276284865172606,-0.3732264084888534
1763658773.5130382,766540.2621400527,3404315.5330301323,78.91301761101931,0.004903840023531724,-0.013565839252903762,-0.9275957621208601,-0.3733068743725578
1763658773.52269,766540.2621400527,3404315.5330301323,78.91301761101931,0.004942561403358942,-0.01364157253508131,-0.9275655643939623,-0.37337863133293286
1763658773.5328462,766540.2621400527,3404315.5330301323,78.91301761101931,0.004772446375628588,-0.013667679359603847,-0.9275334211534563,-0.37345973134982013
1763658773.5427768,766540.2621400527,3404315.5330301323,78.91301761101931,0.004701331789111063,-0.013794696740045123,-0.9274944206058737,-0.3735528122852691
1763658773.5526118,766540.2621400527,3404315.5330301323,78.91301761101931,0.004729933008921886,-0.01395121823681468,-0.9274608092138283,-0.3736300825895457
1763658773.5625799,766540.2621400527,3404315.5330301323,78.91301761101931,0.004558422674380903,-0.01406208150280884,-0.9274218980137393,-0.3737246335620968
1763658773.5726056,766540.2621400527,3404315.5330301323,78.91301761101931,0.004681816513939318,-0.014205703685130928,-0.92738373666857,-0.3738123640806716
1763658773.5825474,766540.2621400527,3404315.5330301323,78.91301761101931,0.0045616665904064865,-0.014232600013646055,-0.9273474236685748,-0.37390290198128495
1763658773.592626,766540.2621400527,3404315.5330301323,78.91301761101931,0.004483493928343464,-0.014290099519662581,-0.9273094640295954,-0.373995787755768
1763658773.6032739,766540.2621400527,3404315.5330301323,78.91301761101931,0.00453883828646626,-0.014396596726772168,-0.9272765210945699,-0.37407270733969317
1763658773.6125658,766538.8474958327,3404316.837738322,78.8988018175587,0.004337933484658951,-0.014448182803229747,-0.9272429740445904,-0.3741562500235832
1763658773.6227202,766538.8474958327,3404316.837738322,78.8988018175587,0.0043621971297276305,-0.014594573199149231,-0.927205863002563,-0.3742422441187105
1763658773.6326392,766538.8474958327,3404316.837738322,78.8988018175587,0.004268078970580628,-0.014669396992320737,-0.9271681401882768,-0.37433385114573137
1763658773.6427326,766538.8474958327,3404316.837738322,78.8988018175587,0.004153746396441621,-0.014760437107310904,-0.9271246774406574,-0.3744391918160174
1763658773.6527185,766538.8474958327,3404316.837738322,78.8988018175587,0.004170660415318793,-0.014833592913811533,-0.9270804552204981,-0.3745455908979856
1763658773.6638165,766538.8474958327,3404316.837738322,78.8988018175587,0.004040966456677478,-0.014828189860686923,-0.9270424313881104,-0.37464132951607426
1763658773.6734147,766538.8474958327,3404316.837738322,78.8988018175587,0.004014684140355297,-0.014832015754940796,-0.927006758804473,-0.3747297195989715
1763658773.6834073,766538.8474958327,3404316.837738322,78.8988018175587,0.004091709898176157,-0.01483718280770658,-0.9269763907860917,-0.37480379779510054
1763658773.6925883,766538.8474958327,3404316.837738322,78.8988018175587,0.0040585091018823325,-0.014817991740359627,-0.9269459063321833,-0.3748803040420499
1763658773.7036104,766538.8474958327,3404316.837738322,78.8988018175587,0.004133814410628979,-0.014843509801362318,-0.9269124547983416,-0.37496117523672684
1763658773.7124987,766537.4389458054,3404318.144968092,78.88968314509839,0.004132881580151324,-0.014831585831251212,-0.9268745481689299,-0.37505534965950926
1763658773.722515,766537.4389458054,3404318.144968092,78.88968314509839,0.004062251163843634,-0.014813376823043425,-0.9268348086980234,-0.3751550337770757
1763658773.7325094,766537.4389458054,3404318.144968092,78.88968314509839,0.004155727332289507,-0.014880274441636167,-0.9267912313947813,-0.3752590049187709
1763658773.7426207,766537.4389458054,3404318.144968092,78.88968314509839,0.004169128585429836,-0.014889008384372977,-0.9267545228669773,-0.3753491576409479
1763658773.752617,766537.4389458054,3404318.144968092,78.88968314509839,0.004152670221866277,-0.01487215292393263,-0.9267222653850631,-0.3754296435246051
1763658773.762584,766537.4389458054,3404318.144968092,78.88968314509839,0.00431111528761221,-0.014871571813101357,-0.9266905053582857,-0.3755062688099754
1763658773.7726233,766537.4389458054,3404318.144968092,78.88968314509839,0.004201031815838878,-0.014772772036533151,-0.9266620741496208,-0.37558157152709404
1763658773.7827542,766537.4389458054,3404318.144968092,78.88968314509839,0.004169170691162601,-0.014764655223740639,-0.9266269809423011,-0.3756688184579978
1763658773.7956955,766537.4389458054,3404318.144968092,78.88968314509839,0.004304443043928206,-0.014799862696461205,-0.926589716678715,-0.3757578113353149
1763658773.8034017,766537.4389458054,3404318.144968092,78.88968314509839,0.004253988068593936,-0.014719029808885217,-0.9265525302020814,-0.3758532459925265
1763658773.8125343,766536.0323840996,3404319.4568517264,78.88880791980773,0.004440495491945163,-0.014710857503305277,-0.9265117085000858,-0.37595202710393205
1763658773.8226836,766536.0323840996,3404319.4568517264,78.88880791980773,0.004537697582726259,-0.014592903807240452,-0.9264743987796215,-0.3760473970991674
1763658773.8326771,766536.0323840996,3404319.4568517264,78.88880791980773,0.004432408470319063,-0.014425577944736872,-0.926436052546749,-0.3761495673235711
1763658773.8427942,766536.0323840996,3404319.4568517264,78.88880791980773,0.004548520724134172,-0.014367660344388824,-0.9263971733485863,-0.37624614085356356
1763658773.8526635,766536.0323840996,3404319.4568517264,78.88880791980773,0.004540385557376829,-0.014323042961079486,-0.9263568128111336,-0.3763473006382852
1763658773.8627257,766536.0323840996,3404319.4568517264,78.88880791980773,0.004526318881867981,-0.014328486301488448,-0.9263141437229229,-0.37645227327850744
1763658773.8725493,766536.0323840996,3404319.4568517264,78.88880791980773,0.004578073745348439,-0.014345168052787245,-0.9262709756901615,-0.37655721608849235
1763658773.8838723,766536.0323840996,3404319.4568517264,78.88880791980773,0.004432835120866248,-0.014259059621374326,-0.9262286133177295,-0.37666641085053154
1763658773.8925278,766536.0323840996,3404319.4568517264,78.88880791980773,0.004377396258055497,-0.014206674064858014,-0.9261891784928916,-0.37676599429443974
1763658773.9033723,766536.0323840996,3404319.4568517264,78.88880791980773,0.004330364939019302,-0.014192281187476227,-0.9261500776352106,-0.37686318577234884
1763658773.9125016,766534.6239207647,3404320.7656158223,78.8767998451367,0.004189843978643391,-0.014181501535083765,-0.9261128363496705,-0.3769566879231795
1763658773.9225557,766534.6239207647,3404320.7656158223,78.8767998451367,0.00417701912233814,-0.014237370193249416,-0.9260723653637619,-0.3770541392304282
1763658773.9328947,766534.6239207647,3404320.7656158223,78.8767998451367,0.004142854113769031,-0.014249165419645552,-0.9260301421717492,-0.3771577572236923
1763658773.9429357,766534.6239207647,3404320.7656158223,78.8767998451367,0.004173071809664975,-0.014232607410874181,-0.9259895133001377,-0.3772577893379189
1763658773.9528747,766534.6239207647,3404320.7656158223,78.8767998451367,0.004175101973473771,-0.014171411720462063,-0.9259499598987684,-0.3773571403549025
1763658773.9626822,766534.6239207647,3404320.7656158223,78.8767998451367,0.004197325989449265,-0.014109832319314914,-0.9259112766402025,-0.37745410698119264
1763658773.9753397,766534.6239207647,3404320.7656158223,78.8767998451367,0.004017160126386799,-0.01400168159588595,-0.9258731492519006,-0.3775536078908192
1763658773.9826121,766534.6239207647,3404320.7656158223,78.8767998451367,0.0039756169976358615,-0.013995506063555749,-0.9258347806344482,-0.37764835395785334
1763658773.9926698,766534.6239207647,3404320.7656158223,78.8767998451367,0.003942098335276782,-0.014004223752570093,-0.9257956945775736,-0.37774419053035246
1763658774.0054836,766534.6239207647,3404320.7656158223,78.8767998451367,0.003962250969417497,-0.014014580002868964,-0.9257588734742805,-0.3778338263022906
1763658774.0126023,766534.6239207647,3404320.7656158223,78.8767998451367,0.003893799056701716,-0.013973438583251684,-0.9257254504721036,-0.37791794306606646
1763658774.0263839,766533.2231497327,3404322.0770632313,78.8698995122686,0.0038776040231460855,-0.01391819274429946,-0.9256965664095453,-0.37799089279419207
1763658774.0331612,766533.2231497327,3404322.0770632313,78.8698995122686,0.0038089982014460847,-0.013882262573097139,-0.9256675527313374,-0.3780639577358963
1763658774.043568,766533.2231497327,3404322.0770632313,78.8698995122686,0.0038076145655212817,-0.013925830107581156,-0.9256389405739011,-0.37813241730954666
1763658774.0529382,766533.2231497327,3404322.0770632313,78.8698995122686,0.003774883318852864,-0.014017419826341387,-0.9256100948924335,-0.3781999661958749
1763658774.0629785,766533.2231497327,3404322.0770632313,78.8698995122686,0.003586960733702682,-0.014067575197853656,-0.9255772261408597,-0.3782803662498746
1763658774.0728667,766533.2231497327,3404322.0770632313,78.8698995122686,0.0036465027508490637,-0.014184277769718354,-0.9255450617933367,-0.37835413024282966
1763658774.083059,766533.2231497327,3404322.0770632313,78.8698995122686,0.0036218867132963095,-0.01424877477770644,-0.925513846520425,-0.3784282947309001
1763658774.0928495,766533.2231497327,3404322.0770632313,78.8698995122686,0.003593654953786292,-0.014294149440074379,-0.9254892206964496,-0.3784870741657322
1763658774.1035748,766533.2231497327,3404322.0770632313,78.8698995122686,0.0035659034628102862,-0.01431967424507034,-0.9254664744311989,-0.3785419870581013
1763658774.1127117,766531.8245910177,3404323.394809148,78.85941822919995,0.0034696328274112873,-0.014316225246417378,-0.925442159771211,-0.3786024514721653
1763658774.122692,766531.8245910177,3404323.394809148,78.85941822919995,0.0034643574596830134,-0.01438465439235791,-0.9254172836946539,-0.3786607069456932
1763658774.1327891,766531.8245910177,3404323.394809148,78.85941822919995,0.003484145980064352,-0.014489002031718958,-0.9253915525475659,-0.3787194265158838
1763658774.1427784,766531.8245910177,3404323.394809148,78.85941822919995,0.003400809100257413,-0.014512085208551049,-0.9253685693626039,-0.378775454215517
1763658774.1525273,766531.8245910177,3404323.394809148,78.85941822919995,0.00333306563827415,-0.01451187392518346,-0.9253475663376078,-0.378827371848573
1763658774.1625345,766531.8245910177,3404323.394809148,78.85941822919995,0.003329259085084949,-0.01451643615835493,-0.9253301615978508,-0.3788697416692182
1763658774.1725314,766531.8245910177,3404323.394809148,78.85941822919995,0.003399783350514489,-0.014566634173257098,-0.9253131615060207,-0.3789087064000574
1763658774.1825576,766531.8245910177,3404323.394809148,78.85941822919995,0.0034033156890938806,-0.014611588008918087,-0.9252977679097605,-0.37894453372412273
1763658774.1926093,766531.8245910177,3404323.394809148,78.85941822919995,0.0034554892102592128,-0.01469164988025665,-0.9252768239109255,-0.37899210301987035
1763658774.203556,766531.8245910177,3404323.394809148,78.85941822919995,0.003490561141440875,-0.01473664519111935,-0.9252587460128665,-0.3790341675866786
1763658774.2125978,766530.4284783223,3404324.7171316706,78.85765295196325,0.0035505013569276976,-0.014776391302554677,-0.9252414604636897,-0.37907425662949823
1763658774.222615,766530.4284783223,3404324.7171316706,78.85765295196325,0.0036254111267545255,-0.014758772793736382,-0.9252291409418143,-0.3791043019695999
1763658774.2325048,766530.4284783223,3404324.7171316706,78.85765295196325,0.00358079418093471,-0.014694235297817299,-0.925219401507043,-0.37913100168278924
1763658774.2428527,766530.4284783223,3404324.7171316706,78.85765295196325,0.003659242056776509,-0.014727908456096495,-0.9252039229950654,-0.3791667173350262
1763658774.2528892,766530.4284783223,3404324.7171316706,78.85765295196325,0.003834998617753888,-0.01478867579743511,-0.9251909782885501,-0.37919420030801604
1763658774.2628188,766530.4284783223,3404324.7171316706,78.85765295196325,0.0038162633510327258,-0.014780302100486743,-0.9251751543577773,-0.37923332206297033
1763658774.2721877,766530.4284783223,3404324.7171316706,78.85765295196325,0.00393302705081098,-0.0147950211751364,-0.9251631178467035,-0.3792609181326376
1763658774.2828133,766530.4284783223,3404324.7171316706,78.85765295196325,0.003930058492223971,-0.01480606630485792,-0.9251497040142252,-0.3792932377504441
1763658774.2926056,766530.4284783223,3404324.7171316706,78.85765295196325,0.0040660307019081176,-0.014875322270418566,-0.9251372581056613,-0.37931945092022584
1763658774.3036578,766530.4284783223,3404324.7171316706,78.85765295196325,0.004113183987734308,-0.014933848296084039,-0.9251260558387071,-0.3793439635751039
1763658774.3127205,766529.0329557753,3404326.0387945976,78.85876006726176,0.004063716582960936,-0.015000637264759819,-0.9251089150221565,-0.37938366126615486
1763658774.3227282,766529.0329557753,3404326.0387945976,78.85876006726176,0.004064056822149051,-0.01510187408523064,-0.9250904157789083,-0.3794247481059541
1763658774.3328526,766529.0329557753,3404326.0387945976,78.85876006726176,0.004082626585190002,-0.015193719408598717,-0.9250694653039158,-0.3794719586649668
1763658774.3518338,766529.0329557753,3404326.0387945976,78.85876006726176,0.004079237589070778,-0.015191711961829755,-0.9250566932582767,-0.3795032094283568
1763658774.3531363,766529.0329557753,3404326.0387945976,78.85876006726176,0.004078137798116803,-0.015138997389448752,-0.9250494781771901,-0.3795229142940516
1763658774.36265,766529.0329557753,3404326.0387945976,78.85876006726176,0.004054835434544644,-0.015080932988417194,-0.9250411720375133,-0.3795457203095054
1763658774.3748882,766529.0329557753,3404326.0387945976,78.85876006726176,0.004128298161505476,-0.015077280599681178,-0.9250353282506223,-0.37955931585494196
1763658774.3827972,766529.0329557753,3404326.0387945976,78.85876006726176,0.004034277798501252,-0.015063786728258286,-0.9250225531785952,-0.37959199549384964
1763658774.3929813,766529.0329557753,3404326.0387945976,78.85876006726176,0.0040993196349808055,-0.01507960947090432,-0.9250108542070129,-0.3796191783300045
1763658774.4035394,766529.0329557753,3404326.0387945976,78.85876006726176,0.004013579800628301,-0.015007645661400719,-0.9249992251166248,-0.37965128115486396
1763658774.4128034,766527.6422016476,3404327.3598835156,78.8568734806031,0.0039843105566257425,-0.014955377369067257,-0.9249921923783977,-0.37967078633487533
1763658774.422563,766527.6422016476,3404327.3598835156,78.8568734806031,0.003940042938856596,-0.01493406186455858,-0.9249897873519448,-0.37967794662380566
1763658774.432742,766527.6422016476,3404327.3598835156,78.8568734806031,0.0038751741347606344,-0.014928020993593952,-0.9249827665164858,-0.37969595581484467
1763658774.442632,766527.6422016476,3404327.3598835156,78.8568734806031,0.003946602429575297,-0.014995049128061403,-0.9249761777659691,-0.379708629604817
1763658774.452675,766527.6422016476,3404327.3598835156,78.8568734806031,0.003891040647852741,-0.015035625373575006,-0.9249648754575297,-0.3797351299815949
1763658774.4625392,766527.6422016476,3404327.3598835156,78.8568734806031,0.004021904589536098,-0.015061490188233368,-0.9249611495164027,-0.3797418171364292
1763658774.4726424,766527.6422016476,3404327.3598835156,78.8568734806031,0.003936805539853279,-0.014925349172881776,-0.9249604042573304,-0.37974989936841946
1763658774.4825635,766527.6422016476,3404327.3598835156,78.8568734806031,0.003934284360940486,-0.014805296569677617,-0.9249625379369171,-0.379749427930245
1763658774.492527,766527.6422016476,3404327.3598835156,78.8568734806031,0.003938854695252406,-0.014787489459984895,-0.9249619731311898,-0.3797514500833627
1763658774.5037389,766527.6422016476,3404327.3598835156,78.8568734806031,0.003924636469216082,-0.014843002584282929,-0.9249566976294143,-0.379762280924996
1763658774.5127356,766526.2493125563,3404328.679363806,78.84680496156216,0.003941416541504468,-0.014921830724467611,-0.9249477689740231,-0.37978076422253626
1763658774.522516,766526.2493125563,3404328.679363806,78.84680496156216,0.0039052743071060735,-0.014935215760222106,-0.9249397677119844,-0.3798000977720812
1763658774.5325847,766526.2493125563,3404328.679363806,78.84680496156216,0.0038669456605128763,-0.014894461989637004,-0.9249361349263592,-0.37981093723165127
1763658774.5438662,766526.2493125563,3404328.679363806,78.84680496156216,0.0039038152082056833,-0.014842836832173488,-0.924940172024292,-0.3798027495915044
1763658774.552739,766526.2493125563,3404328.679363806,78.84680496156216,0.0038281447078634063,-0.014807385117318269,-0.9249480040653777,-0.37978582968504393
1763658774.5626948,766526.2493125563,3404328.679363806,78.84680496156216,0.0037978732826679153,-0.014893107864853483,-0.9249503017608269,-0.37977718568814794
1763658774.5727081,766526.2493125563,3404328.679363806,78.84680496156216,0.003687560479638914,-0.015047003648736736,-0.9249462167689932,-0.3797821555360788
1763658774.582537,766526.2493125563,3404328.679363806,78.84680496156216,0.0036169735630524604,-0.015215646871608658,-0.924937340025604,-0.379797733825365
1763658774.5978415,766526.2493125563,3404328.679363806,78.84680496156216,0.0035599419443386572,-0.0153256648077395,-0.924931978487674,-0.37980690618053636
1763658774.6034963,766526.2493125563,3404328.679363806,78.84680496156216,0.0034353100553408504,-0.015352734584011572,-0.9249313773842731,-0.3798084244927275
1763658774.6125536,766524.8597469194,3404330.0009182803,78.84042015485466,0.0034275606536796586,-0.015396429986359251,-0.924933777501469,-0.37980088073687196
1763658774.6226442,766524.8597469194,3404330.0009182803,78.84042015485466,0.0033212905762333537,-0.015399090263364983,-0.9249387038901429,-0.37978971957386054
1763658774.6345794,766524.8597469194,3404330.0009182803,78.84042015485466,0.0032169437485580488,-0.015446903761510731,-0.924943442245592,-0.37977713607321906
1763658774.6425598,766524.8597469194,3404330.0009182803,78.84042015485466,0.003046000596607993,-0.015515161084728278,-0.9249453913250941,-0.37977101617073
1763658774.652915,766524.8597469194,3404330.0009182803,78.84042015485466,0.002960549354770127,-0.015592239390255183,-0.9249464755959379,-0.3797658943361921
1763658774.663987,766524.8597469194,3404330.0009182803,78.84042015485466,0.002886099861118099,-0.01562439349647337,-0.924950551973474,-0.3797552174222554
1763658774.6727512,766524.8597469194,3404330.0009182803,78.84042015485466,0.0029280026070227488,-0.01565367504616662,-0.9249549794204877,-0.3797429068508425
1763658774.6827817,766524.8597469194,3404330.0009182803,78.84042015485466,0.0027953843297109414,-0.01562703063296432,-0.9249643387656744,-0.3797222060293871
1763658774.6957138,766524.8597469194,3404330.0009182803,78.84042015485466,0.0026886016944790503,-0.015673022171970547,-0.9249689341277659,-0.3797098875397767
1763658774.7034328,766524.8597469194,3404330.0009182803,78.84042015485466,0.0026570197835254546,-0.01578248808294367,-0.9249729431792717,-0.3796958094344173
1763658774.7157192,766523.473888344,3404331.321145059,78.8328403616324,0.0025918147688984974,-0.01588612836597146,-0.9249762466063571,-0.37968389040853334
1763658774.722643,766523.473888344,3404331.321145059,78.8328403616324,0.0025640038998692855,-0.01597982293668348,-0.9249814535512477,-0.3796674620363646
1763658774.732549,766523.473888344,3404331.321145059,78.8328403616324,0.002649379724688693,-0.01605281901285404,-0.9249896589568515,-0.37964380491679656
1763658774.74254,766523.473888344,3404331.321145059,78.8328403616324,0.0026254626757720202,-0.0160520940098291,-0.9250016500781677,-0.3796147844543265
1763658774.7527735,766523.473888344,3404331.321145059,78.8328403616324,0.0026513767592724257,-0.01609178800145128,-0.925012835229926,-0.3795856678275547
1763658774.7626984,766523.473888344,3404331.321145059,78.8328403616324,0.0026278191456104117,-0.016173232535311374,-0.9250217888037366,-0.3795605503134277
1763658774.77274,766523.473888344,3404331.321145059,78.8328403616324,0.0025413464771795267,-0.01625100110175417,-0.9250233266458157,-0.3795540695110279
1763658774.7827148,766523.473888344,3404331.321145059,78.8328403616324,0.0026042149513721517,-0.016332878707145487,-0.9250284750577854,-0.37953758110349606
1763658774.792548,766523.473888344,3404331.321145059,78.8328403616324,0.0026106357770663237,-0.016349585744283947,-0.9250353491467262,-0.37952006331131444
1763658774.8033593,766523.473888344,3404331.321145059,78.8328403616324,0.0027205025394242003,-0.016384105150825383,-0.9250436782123765,-0.3794975011296606
1763658774.812614,766522.0850289861,3404332.6466454077,78.83449401520193,0.0028281326239453118,-0.016443943331942573,-0.9250496602919447,-0.379479544096009
1763658774.822716,766522.0850289861,3404332.6466454077,78.83449401520193,0.0028546241831536876,-0.016496784179381975,-0.9250493021301551,-0.3794779253935925
1763658774.8349552,766522.0850289861,3404332.6466454077,78.83449401520193,0.002900662505149888,-0.01654574745216219,-0.925052830247945,-0.3794668439383694
1763658774.8426445,766522.0850289861,3404332.6466454077,78.83449401520193,0.002771675567960954,-0.016565396929057938,-0.9250527988243411,-0.37946702732435367
1763658774.8525815,766522.0850289861,3404332.6466454077,78.83449401520193,0.0029148877410305847,-0.01668800568932701,-0.9250561558137478,-0.3794523981827777
1763658774.862641,766522.0850289861,3404332.6466454077,78.83449401520193,0.0028649538163735937,-0.016712934361062817,-0.925059846591102,-0.37944268353668376
1763658774.872657,766522.0850289861,3404332.6466454077,78.83449401520193,0.00288588272346235,-0.016764826941087878,-0.9250640619786451,-0.3794299586143815
1763658774.882524,766522.0850289861,3404332.6466454077,78.83449401520193,0.0029512449141642196,-0.016818036839658854,-0.9250696107807951,-0.37941357250391666
1763658774.8925307,766522.0850289861,3404332.6466454077,78.83449401520193,0.002847791817890131,-0.0168598957207773,-0.9250706765549168,-0.3794099067977466
1763658774.90345,766522.0850289861,3404332.6466454077,78.83449401520193,0.0028850047027355885,-0.01693816030213274,-0.925073140061293,-0.3794001331188272
1763658774.9125795,766520.6961966017,3404333.969113432,78.82904447708279,0.0028861189488128295,-0.016963878643197483,-0.9250771757366325,-0.3793891354136644
1763658774.9232032,766520.6961966017,3404333.969113432,78.82904447708279,0.0028649432604535676,-0.016932416890096617,-0.9250840800091906,-0.3793738660898029
1763658774.9325252,766520.6961966017,3404333.969113432,78.82904447708279,0.002998974011318765,-0.01698206526145669,-0.9250877595573669,-0.37936163845526943
1763658774.9425032,766520.6961966017,3404333.969113432,78.82904447708279,0.0030059136478331463,-0.01702179736330501,-0.9250920518488783,-0.37934933571010315
1763658774.9525373,766520.6961966017,3404333.969113432,78.82904447708279,0.0030230636745984677,-0.017096843374521872,-0.9250925377582367,-0.379344639630866
1763658774.9625237,766520.6961966017,3404333.969113432,78.82904447708279,0.003116445602612891,-0.017144790396531964,-0.9250974495278337,-0.3793297415259739
1763658774.9725204,766520.6961966017,3404333.969113432,78.82904447708279,0.003061953825679512,-0.017130459137807832,-0.9251017291275023,-0.379320395673371
1763658774.9825914,766520.6961966017,3404333.969113432,78.82904447708279,0.0031394575638499485,-0.017156282155989643,-0.9251054377038193,-0.37930955026154256
1763658774.9957523,766520.6961966017,3404333.969113432,78.82904447708279,0.0031309889334140842,-0.017126448921824616,-0.9251135491007674,-0.3792911848775412
1763658775.0057847,766520.6961966017,3404333.969113432,78.82904447708279,0.003118294570040656,-0.01709836103944138,-0.9251205750226847,-0.3792754196602202
1763658775.0128515,766520.6961966017,3404333.969113432,78.82904447708279,0.0031809402660940957,-0.017103458248955154,-0.9251304008359282,-0.3792507017582232
1763658775.026246,766519.308179765,3404335.2899281913,78.8274731207639,0.0031916993370714767,-0.01714349322601369,-0.9251386258013483,-0.3792287393457198
1763658775.0330534,766519.308179765,3404335.2899281913,78.8274731207639,0.0032867749587719586,-0.01721109091698375,-0.9251440012851182,-0.3792117513289623
1763658775.0430753,766519.308179765,3404335.2899281913,78.8274731207639,0.003343380343571169,-0.017221042296590654,-0.925150968289689,-0.37919380715242174
1763658775.0530267,766519.308179765,3404335.2899281913,78.8274731207639,0.003409532764395094,-0.017241327267373905,-0.925156665285124,-0.37917839653505714
1763658775.0627048,766519.308179765,3404335.2899281913,78.8274731207639,0.003552515375632584,-0.01727783370241438,-0.9251620990549198,-0.3791621639475021
1763658775.072595,766519.308179765,3404335.2899281913,78.8274731207639,0.003599652525828107,-0.017264614132719902,-0.9251660953520905,-0.3791525703612045
1763658775.0828474,766519.308179765,3404335.2899281913,78.8274731207639,0.0036564826383640838,-0.01722876825156949,-0.9251738943216312,-0.37913462641256657
1763658775.0927033,766519.308179765,3404335.2899281913,78.8274731207639,0.003633746359081689,-0.017169756545206173,-0.9251818043504012,-0.3791182193544806
1763658775.1051712,766519.308179765,3404335.2899281913,78.8274731207639,0.0036759311591637684,-0.017129372076336715,-0.9251902448755299,-0.3790990410559492
1763658775.1282134,766517.9154227253,3404336.607973983,78.8212988562882,0.003674405105653365,-0.01707134428221977,-0.9251983177591283,-0.37908197103950514
1763658775.1282768,766517.9154227253,3404336.607973983,78.8212988562882,0.003690994152161219,-0.01703967751248181,-0.9252025936093096,-0.3790727987221538
1763658775.1357758,766517.9154227253,3404336.607973983,78.8212988562882,0.003763773986467007,-0.017039546001585245,-0.9252090102934696,-0.3790564273946786
1763658775.1438165,766517.9154227253,3404336.607973983,78.8212988562882,0.003806662540458956,-0.01706786482378171,-0.9252133543000127,-0.3790441218850116
1763658775.1529388,766517.9154227253,3404336.607973983,78.8212988562882,0.003858411721756155,-0.017072600715324862,-0.9252203320484764,-0.37902635281456054
1763658775.1627533,766517.9154227253,3404336.607973983,78.8212988562882,0.0038701115922859216,-0.01703047150531755,-0.9252297677106378,-0.37900509524106524
1763658775.1727533,766517.9154227253,3404336.607973983,78.8212988562882,0.0038849800865887662,-0.016962685788982926,-0.9252381449981879,-0.37898753180132916
1763658775.182861,766517.9154227253,3404336.607973983,78.8212988562882,0.003983330591532345,-0.016909536851099593,-0.9252446379685517,-0.37897303406881516
1763658775.192765,766517.9154227253,3404336.607973983,78.8212988562882,0.0039756733655833985,-0.01682859971793401,-0.9252522056179213,-0.3789582407759403
1763658775.2035127,766517.9154227253,3404336.607973983,78.8212988562882,0.00389576661589185,-0.01671988638662673,-0.9252579599581383,-0.3789498330066887
1763658775.2157533,766516.526827186,3404337.9259063583,78.81263988278806,0.0038933791221828417,-0.016660123007202134,-0.9252641459196342,-0.3789373855612636
1763658775.222825,766516.526827186,3404337.9259063583,78.81263988278806,0.003802923632309319,-0.016626960332934766,-0.9252650345467935,-0.3789375909131407
1763658775.2326803,766516.526827186,3404337.9259063583,78.81263988278806,0.0038217490329521975,-0.01663945110463424,-0.925263529501726,-0.3789405281508886
1763658775.243008,766516.526827186,3404337.9259063583,78.81263988278806,0.0038020166852034704,-0.016585049307002376,-0.9252673184502502,-0.37893385994985035
1763658775.2528243,766516.526827186,3404337.9259063583,78.81263988278806,0.0037488641668533863,-0.016459444969061147,-0.9252739264946985,-0.37892373063434803
1763658775.2628205,766516.526827186,3404337.9259063583,78.81263988278806,0.0038409591432655033,-0.01638056366722239,-0.9252849391571518,-0.3788993343036511
1763658775.2726967,766516.526827186,3404337.9259063583,78.81263988278806,0.0037868918888587467,-0.016251108318909753,-0.9252960733595508,-0.37887826218143705
1763658775.2827497,766516.526827186,3404337.9259063583,78.81263988278806,0.0037499831239802446,-0.01618276077157568,-0.9253073541374509,-0.37885400388478124
1763658775.292722,766516.526827186,3404337.9259063583,78.81263988278806,0.0037925860112198078,-0.01618170381282573,-0.9253130504837117,-0.3788397119595432
1763658775.303473,766516.526827186,3404337.9259063583,78.81263988278806,0.003744028745625071,-0.016151962984313005,-0.9253167481688733,-0.37883243247996495
1763658775.312592,766515.1393122904,3404339.238951693,78.80382659472525,0.0037299871780755948,-0.016114817093022715,-0.9253201437627115,-0.3788258589545655
1763658775.3229637,766515.1393122904,3404339.238951693,78.80382659472525,0.0035979934429310858,-0.016010528998378994,-0.9253246130039098,-0.3788206409021839
1763658775.3356514,766515.1393122904,3404339.238951693,78.80382659472525,0.0034699613224310607,-0.01592997701587555,-0.9253342290248658,-0.37880174207050754
1763658775.3426366,766515.1393122904,3404339.238951693,78.80382659472525,0.003425065161784855,-0.015953085804376335,-0.9253393956180922,-0.3787885569801441
1763658775.3526049,766515.1393122904,3404339.238951693,78.80382659472525,0.0033918693604384435,-0.01598485386110287,-0.9253449857864808,-0.37877385990733126
1763658775.3626304,766515.1393122904,3404339.238951693,78.80382659472525,0.0032780885038067855,-0.01596229818309823,-0.925349904208435,-0.3787637970475994
1763658775.3725512,766515.1393122904,3404339.238951693,78.80382659472525,0.003308096483457027,-0.01593186759975359,-0.925357783831408,-0.3787455663041685
1763658775.3825295,766515.1393122904,3404339.238951693,78.80382659472525,0.003244617706485965,-0.01582782714234845,-0.9253702810398178,-0.3787199431138784
1763658775.3925729,766515.1393122904,3404339.238951693,78.80382659472525,0.0031667385455029584,-0.01571060198170996,-0.9253811844528596,-0.3786988410504842
1763658775.4034674,766515.1393122904,3404339.238951693,78.80382659472525,0.003091052016873314,-0.015582563167734303,-0.925394781199464,-0.378671530552996
1763658775.4129958,766513.7489703794,3404340.5537843565,78.79433128144592,0.002955063837582086,-0.015474607289957726,-0.9254034732533878,-0.3786558012463343
1763658775.4225855,766513.7489703794,3404340.5537843565,78.79433128144592,0.0028506688032952686,-0.01541889878228499,-0.9254139952498297,-0.37863315840462786
1763658775.4325278,766513.7489703794,3404340.5537843565,78.79433128144592,0.002759638188263828,-0.015383532435341863,-0.925418733781906,-0.37862368981929084
1763658775.443857,766513.7489703794,3404340.5537843565,78.79433128144592,0.0026197319992077167,-0.01528197419638417,-0.9254229076725063,-0.37861859466206527
1763658775.4526021,766513.7489703794,3404340.5537843565,78.79433128144592,0.002616125300545843,-0.015222067125894082,-0.9254294177828115,-0.3786051204923055
1763658775.4625888,766513.7489703794,3404340.5537843565,78.79433128144592,0.002539658736077973,-0.01518822709137167,-0.9254341249261842,-0.3785954943121128
1763658775.475756,766513.7489703794,3404340.5537843565,78.79433128144592,0.0024832342089203983,-0.015202204159018495,-0.9254415175908122,-0.37857723657899145
1763658775.4825778,766513.7489703794,3404340.5537843565,78.79433128144592,0.0024339048712738827,-0.015228372485012309,-0.925446064654645,-0.3785653895878042
1763658775.4927645,766513.7489703794,3404340.5537843565,78.79433128144592,0.0023581279737382695,-0.01519064954869974,-0.9254514365589155,-0.3785542523467247
1763658775.5036075,766513.7489703794,3404340.5537843565,78.79433128144592,0.002315333538416309,-0.015135764166371808,-0.9254601400045026,-0.37853543709480114
1763658775.5127113,766512.3577868717,3404341.8668136704,78.78773436881602,0.002142643081566172,-0.015043184324152211,-0.9254705759158524,-0.3785146295719558
1763658775.5228248,766512.3577868717,3404341.8668136704,78.78773436881602,0.0021247956914796666,-0.01504353512124198,-0.9254799558567061,-0.378491781419088
1763658775.5326638,766512.3577868717,3404341.8668136704,78.78773436881602,0.002115759354812753,-0.015065641021556084,-0.9254868016192399,-0.37847421319232816
1763658775.542798,766512.3577868717,3404341.8668136704,78.78773436881602,0.0021303478821008276,-0.015112964942315666,-0.9254896343048234,-0.37846531770147457
1763658775.552798,766512.3577868717,3404341.8668136704,78.78773436881602,0.0021848388640831346,-0.015149749250173022,-0.9254918470241997,-0.3784581253831526
1763658775.5626292,766512.3577868717,3404341.8668136704,78.78773436881602,0.0021613436056827405,-0.015131968831992628,-0.9254963555311904,-0.3784479462377489
1763658775.5727458,766512.3577868717,3404341.8668136704,78.78773436881602,0.0021988471410751467,-0.015117804816986036,-0.9254991538215704,-0.3784414529677251
1763658775.5827584,766512.3577868717,3404341.8668136704,78.78773436881602,0.002279983208945237,-0.015108450559099987,-0.925507981586384,-0.37841975690781193
1763658775.5926654,766512.3577868717,3404341.8668136704,78.78773436881602,0.002231433767411247,-0.015106350279524823,-0.925513384288777,-0.37840691640997803
1763658775.6034107,766512.3577868717,3404341.8668136704,78.78773436881602,0.0023264340116380166,-0.015163984584943576,-0.9255188341195906,-0.378390709407896
1763658775.6127427,766510.9718192428,3404343.1827856223,78.79130372405052,0.0022619722855035636,-0.015154326227339688,-0.9255239114113569,-0.3783790682421503
1763658775.6230752,766510.9718192428,3404343.1827856223,78.79130372405052,0.002255017236470023,-0.015157882499199641,-0.9255265520943703,-0.3783725080706979
1763658775.637817,766510.9718192428,3404343.1827856223,78.79130372405052,0.002324952328792365,-0.015160661178883147,-0.9255363652621242,-0.37834796884173133
1763658775.6518188,766510.9718192428,3404343.1827856223,78.79130372405052,0.0022497838448063343,-0.015174824786343528,-0.925543902098835,-0.378329417905901
1763658775.6546175,766510.9718192428,3404343.1827856223,78.79130372405052,0.0022946689548428998,-0.015252453442377077,-0.9255535675510516,-0.3783023800505313
1763658775.6632874,766510.9718192428,3404343.1827856223,78.79130372405052,0.0022766452193513104,-0.015351044220331286,-0.9255586826413437,-0.3782859861468719
1763658775.6725962,766510.9718192428,3404343.1827856223,78.79130372405052,0.0022034011965736356,-0.015418589043617871,-0.9255596795707093,-0.37828123359220034
1763658775.6825116,766510.9718192428,3404343.1827856223,78.79130372405052,0.00229685830662914,-0.015478868089366922,-0.9255629636824791,-0.378270180352479
1763658775.6924896,766510.9718192428,3404343.1827856223,78.79130372405052,0.002244214382064514,-0.015438144678742395,-0.925567574543436,-0.37826087842184625
1763658775.7033267,766510.9718192428,3404343.1827856223,78.79130372405052,0.0023403492270380136,-0.01542495644700857,-0.9255730918653311,-0.37824733323442594
1763658775.7124908,766509.5804445083,3404344.4971992057,78.79124306421727,0.0023674673563422446,-0.015403103256874414,-0.9255794731072144,-0.3782324397390397
1763658775.7225165,766509.5804445083,3404344.4971992057,78.79124306421727,0.0023729279204701753,-0.015404790177976723,-0.9255829192262444,-0.37822390364608166
1763658775.7325566,766509.5804445083,3404344.4971992057,78.79124306421727,0.0023831016015938697,-0.015382946752342709,-0.9255886411916432,-0.3782107257508417
1763658775.7425902,766509.5804445083,3404344.4971992057,78.79124306421727,0.0024085220681030455,-0.015323802359713236,-0.9255968783239443,-0.3781928065678365
1763658775.7548213,766509.5804445083,3404344.4971992057,78.79124306421727,0.002396617599259604,-0.015243716956675396,-0.9256081484612234,-0.37816853494125274
1763658775.7668786,766509.5804445083,3404344.4971992057,78.79124306421727,0.0025394485116483683,-0.015226410572537949,-0.9256191679310114,-0.3781413275232363
1763658775.7724524,766509.5804445083,3404344.4971992057,78.79124306421727,0.0024086324194807435,-0.015137385049723229,-0.9256305333618462,-0.37811793632673457
1763658775.782597,766509.5804445083,3404344.4971992057,78.79124306421727,0.0024723931127807177,-0.015131787204626369,-0.9256378287463712,-0.3780998892911678
1763658775.7925646,766509.5804445083,3404344.4971992057,78.79124306421727,0.0024775276318023797,-0.015128249717761954,-0.9256457260590035,-0.378080663015197
1763658775.8034086,766509.5804445083,3404344.4971992057,78.79124306421727,0.0024711562843535663,-0.015142165476369812,-0.9256499123376553,-0.378069898300031
1763658775.8125525,766508.1928520987,3404345.8129163957,78.79712289012969,0.002642375161558813,-0.015189785979070605,-0.9256584067772913,-0.3780460318769958
1763658775.8225198,766508.1928520987,3404345.8129163957,78.79712289012969,0.0025950207038805727,-0.01508600136991927,-0.9256697091780974,-0.3780228405008749
1763658775.8326437,766508.1928520987,3404345.8129163957,78.79712289012969,0.0025978906630952725,-0.015016661759913123,-0.925682195700914,-0.37799500445908707
1763658775.8425748,766508.1928520987,3404345.8129163957,78.79712289012969,0.0026434627701826946,-0.015010225056941159,-0.9256904765699814,-0.37797466427786297
1763658775.852976,766508.1928520987,3404345.8129163957,78.79712289012969,0.0025369860732464547,-0.01498813432051342,-0.9256955710806374,-0.37796379352121384
1763658775.8625355,766508.1928520987,3404345.8129163957,78.79712289012969,0.0025333178278496666,-0.014962693556950488,-0.9257022391523867,-0.377948494547288
1763658775.8727214,766508.1928520987,3404345.8129163957,78.79712289012969,0.0025369549808873584,-0.014891800812170012,-0.925712609006915,-0.3779258705799408
1763658775.882486,766508.1928520987,3404345.8129163957,78.79712289012969,0.002590741046232542,-0.01483384325448499,-0.9257249582279017,-0.37789753488092803
1763658775.8925204,766508.1928520987,3404345.8129163957,78.79712289012969,0.0025671738210512607,-0.014787688895006989,-0.9257332419845842,-0.3778792116013103
1763658775.903411,766508.1928520987,3404345.8129163957,78.79712289012969,0.0026317556132092494,-0.014777133228728699,-0.9257420396958367,-0.37785762680634694
1763658775.9128034,766506.8007605775,3404347.124448308,78.79032443836331,0.002516054170353,-0.014727857277853067,-0.9257459497136538,-0.37785075926902706
1763658775.922679,766506.8007605775,3404347.124448308,78.79032443836331,0.002714248817766031,-0.01479170454858585,-0.9257498677218281,-0.37783729400751387
1763658775.9327986,766506.8007605775,3404347.124448308,78.79032443836331,0.0027740501934083207,-0.01479104771398957,-0.925755841202442,-0.37782224925565977
1763658775.9428523,766506.8007605775,3404347.124448308,78.79032443836331,0.0027899157406298695,-0.014746002118258725,-0.925760191696673,-0.3778132333063889
1763658775.9526858,766506.8007605775,3404347.124448308,78.79032443836331,0.0027993205984759833,-0.014666251960948708,-0.9257681846465855,-0.3777966822958753
1763658775.9625647,766506.8007605775,3404347.124448308,78.79032443836331,0.002712776461233056,-0.01462958257954816,-0.9257698958676464,-0.3777945421292196
1763658775.9757664,766506.8007605775,3404347.124448308,78.79032443836331,0.002780554217573954,-0.014714363564276531,-0.9257682009985035,-0.37779491002809396
1763658775.9877374,766506.8007605775,3404347.124448308,78.79032443836331,0.002807440630712324,-0.01476966065094501,-0.9257668502291452,-0.377795863421198
1763658775.9957733,766506.8007605775,3404347.124448308,78.79032443836331,0.002826980171239519,-0.014734330861825254,-0.9257696431161004,-0.37779025339711114
1763658776.0057497,766506.8007605775,3404347.124448308,78.79032443836331,0.0028096524461057064,-0.014630368710171383,-0.9257759631002607,-0.37777893576842103
1763658776.0136304,766506.8007605775,3404347.124448308,78.79032443836331,0.0028230039446348505,-0.014560143625447396,-0.9257835543288033,-0.3777629460397922
1763658776.0264666,766505.4080883171,3404348.4327812106,78.78975131735206,0.002769097062779686,-0.014524758216971863,-0.9257890184043458,-0.3777513162149319
1763658776.0330749,766505.4080883171,3404348.4327812106,78.78975131735206,0.0028202611485105946,-0.014532200949819388,-0.9257937547083845,-0.3777390435281476
1763658776.0431755,766505.4080883171,3404348.4327812106,78.78975131735206,0.0027736880632061468,-0.014469614927084836,-0.9258004764122869,-0.377725316563733
1763658776.0526142,766505.4080883171,3404348.4327812106,78.78975131735206,0.0028369586883368715,-0.014419006463681838,-0.925804901235239,-0.3777159366068771
1763658776.062658,766505.4080883171,3404348.4327812106,78.78975131735206,0.0028642195151127696,-0.014330835991110569,-0.9258107988137347,-0.3777046308774086
1763658776.0727434,766505.4080883171,3404348.4327812106,78.78975131735206,0.002941052406090548,-0.014247433978358613,-0.9258159275979995,-0.37769462405709836
1763658776.0829618,766505.4080883171,3404348.4327812106,78.78975131735206,0.0030359731964821526,-0.01416887914716488,-0.9258217648805593,-0.3776825193253052
1763658776.0930188,766505.4080883171,3404348.4327812106,78.78975131735206,0.0030547907768856365,-0.014074117889910106,-0.9258258499555478,-0.37767589678587926
1763658776.1036725,766505.4080883171,3404348.4327812106,78.78975131735206,0.0031460467508763893,-0.014044460942339285,-0.9258314353374391,-0.3776625594994796
1763658776.113037,766504.0199142924,3404349.744249567,78.7862017210573,0.003224858673103393,-0.01399185598007267,-0.9258373659020589,-0.37764930842291805
1763658776.1227355,766504.0199142924,3404349.744249567,78.7862017210573,0.0033587215127404155,-0.013955664593759383,-0.9258457080084992,-0.3776290287806108
1763658776.1328993,766504.0199142924,3404349.744249567,78.7862017210573,0.0033541996737048814,-0.013881970202209739,-0.9258498683681959,-0.37762158504308013
1763658776.1427963,766504.0199142924,3404349.744249567,78.7862017210573,0.003486204349917172,-0.013886746009803743,-0.9258523513356467,-0.37761412604766775
1763658776.152806,766504.0199142924,3404349.744249567,78.7862017210573,0.003407736026179117,-0.013831004225170689,-0.9258530560467991,-0.3776151602704823
1763658776.1627269,766504.0199142924,3404349.744249567,78.7862017210573,0.003516145770512331,-0.013806596542027798,-0.9258565810247701,-0.37760641676747103
1763658776.1725607,766504.0199142924,3404349.744249567,78.7862017210573,0.00356414232216824,-0.01372953508429979,-0.9258646432574597,-0.37758900821079733
1763658776.1825757,766504.0199142924,3404349.744249567,78.7862017210573,0.003548783962287254,-0.01364863785599634,-0.9258696578085117,-0.37757978966916944
1763658776.1924646,766504.0199142924,3404349.744249567,78.7862017210573,0.003642425964678995,-0.013645325999044298,-0.9258697923956984,-0.37757868761440716
1763658776.203421,766504.0199142924,3404349.744249567,78.7862017210573,0.0035768948496213973,-0.013596624995824206,-0.9258673289379694,-0.37758711156132946
1763658776.2125304,766502.6227780728,3404351.0492424695,78.77636340260506,0.003545367763085239,-0.013576391961438849,-0.9258614654896731,-0.3776025141204022
1763658776.2226357,766502.6227780728,3404351.0492424695,78.77636340260506,0.0036247324232414387,-0.013535676993686829,-0.9258599914717253,-0.3776068364783127
1763658776.2329297,766502.6227780728,3404351.0492424695,78.77636340260506,0.0035637642119563506,-0.013442729091903458,-0.9258610208026234,-0.3776082133343066
1763658776.2427046,766502.6227780728,3404351.0492424695,78.77636340260506,0.0035355910132060615,-0.013378985565540154,-0.925860642814941,-0.3776116688182829
1763658776.2527697,766502.6227780728,3404351.0492424695,78.77636340260506,0.0034490580542475436,-0.013330313023937421,-0.9258619337536993,-0.37761102523507284
1763658776.262819,766502.6227780728,3404351.0492424695,78.77636340260506,0.0033730667440558743,-0.01330488053859981,-0.9258576664262164,-0.37762307145405505
1763658776.272686,766502.6227780728,3404351.0492424695,78.77636340260506,0.0033802675100143287,-0.013280011909472623,-0.9258588051756591,-0.3776210904517199
1763658776.2837322,766502.6227780728,3404351.0492424695,78.77636340260506,0.0033238802293969654,-0.013216115933293719,-0.925861510271194,-0.37761720021498274
1763658776.292748,766502.6227780728,3404351.0492424695,78.77636340260506,0.0032895315153148048,-0.013156699305334231,-0.9258682263717577,-0.3776031086220214
1763658776.3035467,766502.6227780728,3404351.0492424695,78.77636340260506,0.0033479559253586358,-0.013132695359700247,-0.9258746156121838,-0.37758776419357426
1763658776.3127382,766501.2332032733,3404352.357897276,78.7808642834425,0.0032910387690323253,-0.013137358910891326,-0.9258760682272731,-0.37758454039946215
1763658776.32275,766501.2332032733,3404352.357897276,78.7808642834425,0.0031874197716882293,-0.013190607879154555,-0.925874036206462,-0.3775885555703887
1763658776.332866,766501.2332032733,3404352.357897276,78.7808642834425,0.002988913298900004,-0.013269713079392809,-0.925868876277051,-0.3776000596577718
1763658776.3428261,766501.2332032733,3404352.357897276,78.7808642834425,0.002991243164966773,-0.01338514097504981,-0.9258710102961778,-0.377590734471254
1763658776.3528647,766501.2332032733,3404352.357897276,78.7808642834425,0.0028914048912428046,-0.013392205435489725,-0.9258778813528408,-0.37757441310674555
1763658776.362588,766501.2332032733,3404352.357897276,78.7808642834425,0.002851572880230009,-0.013395093559080553,-0.9258870179133991,-0.377552208389893
1763658776.3725116,766501.2332032733,3404352.357897276,78.7808642834425,0.002677156381799861,-0.013401472652722825,-0.9258948614960613,-0.37753402339343595
1763658776.3825316,766501.2332032733,3404352.357897276,78.7808642834425,0.0025897670021664257,-0.013509876212737379,-0.925896113479753,-0.3775276988443092
1763658776.3925915,766501.2332032733,3404352.357897276,78.7808642834425,0.002490417353226964,-0.013622388662563628,-0.9258983064052829,-0.3775189459409443
1763658776.4034626,766501.2332032733,3404352.357897276,78.7808642834425,0.0023945704198338755,-0.013691951550562232,-0.9259018957323941,-0.37750824623364204
1763658776.4128096,766499.8460756694,3404353.6698631914,78.78421685565263,0.0023528859576266298,-0.013716845584910403,-0.9259091243534177,-0.3774898747171337
1763658776.4228635,766499.8460756694,3404353.6698631914,78.78421685565263,0.002221941163698689,-0.013694436780735592,-0.9259170275425868,-0.3774720963004076
1763658776.4326913,766499.8460756694,3404353.6698631914,78.78421685565263,0.002151814793602055,-0.013744555715913261,-0.9259198859775066,-0.37746366928840624
1763658776.442663,766499.8460756694,3404353.6698631914,78.78421685565263,0.002095418676149698,-0.013860681755048319,-0.9259183933876265,-0.3774634015481945
1763658776.4543192,766499.8460756694,3404353.6698631914,78.78421685565263,0.0019750740989460886,-0.013971911184447797,-0.9259139320689309,-0.3774708931570869
1763658776.4625404,766499.8460756694,3404353.6698631914,78.78421685565263,0.0018686574633966762,-0.014074073012405836,-0.9259130397071312,-0.3774698285802803
1763658776.4725425,766499.8460756694,3404353.6698631914,78.78421685565263,0.001820257213423381,-0.0141288663850862,-0.9259153026042135,-0.37746246727548594
1763658776.4824984,766499.8460756694,3404353.6698631914,78.78421685565263,0.0017923165844659639,-0.014112597292656674,-0.9259248383313343,-0.37743981766635176
1763658776.4926603,766499.8460756694,3404353.6698631914,78.78421685565263,0.0019405052388930533,-0.01418298759208331,-0.9259344275798099,-0.377412921247843
1763658776.5035825,766499.8460756694,3404353.6698631914,78.78421685565263,0.001847907160582152,-0.01422694560607677,-0.9259400890496263,-0.377397841473183
1763658776.5127258,766498.460624262,3404354.9776138533,78.78045106399804,0.00184358331542775,-0.014347761381020143,-0.9259420087271576,-0.3773885788126457
1763658776.52252,766498.460624262,3404354.9776138533,78.78045106399804,0.0017604284714360851,-0.014420664011966735,-0.9259409147784439,-0.3773888812356687
1763658776.5358524,766498.460624262,3404354.9776138533,78.78045106399804,0.001795449431612319,-0.014485154159128212,-0.9259439102748982,-0.37737889672735575
1763658776.5425923,766498.460624262,3404354.9776138533,78.78045106399804,0.0017800557318235297,-0.014542774023149692,-0.92594851983105,-0.37736544323505705
1763658776.5557814,766498.460624262,3404354.9776138533,78.78045106399804,0.0018262617133452848,-0.01464653226114878,-0.9259531206778819,-0.37734992005798723
1763658776.5694106,766498.460624262,3404354.9776138533,78.78045106399804,0.0017071634094596947,-0.014737637721290005,-0.9259533163183344,-0.3773464503961418
1763658776.5725834,766498.460624262,3404354.9776138533,78.78045106399804,0.0016997395399210146,-0.014881304335897638,-0.9259491989154054,-0.3773509489781065
1763658776.5838246,766498.460624262,3404354.9776138533,78.78045106399804,0.0016709536031645315,-0.015029267521823719,-0.9259444500473695,-0.37735686618675435
1763658776.5997374,766498.460624262,3404354.9776138533,78.78045106399804,0.0016925290754379778,-0.015154173011253155,-0.925941770966271,-0.37735834847730565
1763658776.6034648,766498.460624262,3404354.9776138533,78.78045106399804,0.0016592115672005225,-0.015202930751362913,-0.9259440890708646,-0.37735084712806927
1763658776.61271,766497.0738264084,3404356.2852936634,78.7843108503148,0.0015988230370503793,-0.015211161002969844,-0.9259472568690723,-0.37734300290647754
1763658776.6225097,766497.0738264084,3404356.2852936634,78.7843108503148,0.0015160115676390844,-0.015229770050677223,-0.9259454700768144,-0.37734697859842126
1763658776.6327083,766497.0738264084,3404356.2852936634,78.7843108503148,0.001423981132731741,-0.015301615008536586,-0.9259404502125392,-0.37735674833778243
1763658776.6425822,766497.0738264084,3404356.2852936634,78.7843108503148,0.0013177037783117223,-0.015394975503568609,-0.9259319450231653,-0.377374206288155
1763658776.6525931,766497.0738264084,3404356.2852936634,78.7843108503148,0.0013251445518462166,-0.015472151763266273,-0.9259279780125874,-0.3773807573860286
1763658776.662964,766497.0738264084,3404356.2852936634,78.7843108503148,0.0013725455591075781,-0.015502055959100204,-0.9259279328109258,-0.3773794716465311
1763658776.6724672,766497.0738264084,3404356.2852936634,78.7843108503148,0.0013168542610304422,-0.015468935264658874,-0.9259272534590495,-0.3773826959975965
1763658776.68252,766497.0738264084,3404356.2852936634,78.7843108503148,0.0012392244351363694,-0.015469708823695357,-0.9259240926549189,-0.37739068228147166
1763658776.6926754,766497.0738264084,3404356.2852936634,78.7843108503148,0.0011735117701809532,-0.015533395877057894,-0.9259153230941332,-0.37740979179419637
1763658776.7034516,766497.0738264084,3404356.2852936634,78.7843108503148,0.001222792565521675,-0.015646713747193074,-0.9259062587233542,-0.37742719189822027
1763658776.712612,766495.6845158795,3404357.593661461,78.78203396685421,0.0012065078696146788,-0.015713767083507215,-0.925898441528302,-0.3774436353129659
1763658776.722819,766495.6845158795,3404357.593661461,78.78203396685421,0.00131760708548703,-0.01574214585229649,-0.9258987834933914,-0.3774412424219051
1763658776.732845,766495.6845158795,3404357.593661461,78.78203396685421,0.0012443396424971177,-0.01569412457598509,-0.9258995606587386,-0.37744158441353903
1763658776.742828,766495.6845158795,3404357.593661461,78.78203396685421,0.001330689627178177,-0.0157445090859238,-0.9258963604241843,-0.3774470419171522
1763658776.7545223,766495.6845158795,3404357.593661461,78.78203396685421,0.0013350979236334678,-0.015831937193783348,-0.9258903493343634,-0.3774581146136838
1763658776.7626715,766495.6845158795,3404357.593661461,78.78203396685421,0.0013121436765319693,-0.015901863896521783,-0.9258804310934919,-0.3774795839800054
1763658776.7725103,766495.6845158795,3404357.593661461,78.78203396685421,0.0013503494433654431,-0.01591262825172781,-0.9258802178511625,-0.37747951866344603
1763658776.7825952,766495.6845158795,3404357.593661461,78.78203396685421,0.0013014770033023086,-0.015828477097981925,-0.9258811272754537,-0.3774809977012135
1763658776.792538,766495.6845158795,3404357.593661461,78.78203396685421,0.0014238926423784503,-0.015782564901498274,-0.9258848679315625,-0.3774733030430444
1763658776.8033714,766495.6845158795,3404357.593661461,78.78203396685421,0.00148513007083881,-0.01573831091898488,-0.9258867998647853,-0.3774701760328054
1763658776.812495,766494.3005063102,3404358.9016014556,78.79536965768784,0.0014289197044181166,-0.01572671160308252,-0.9258797397779392,-0.37748819345691736
1763658776.8225927,766494.3005063102,3404358.9016014556,78.79536965768784,0.0014628314359702264,-0.015787451651846078,-0.9258722356908939,-0.3775039333189475
1763658776.8325605,766494.3005063102,3404358.9016014556,78.79536965768784,0.001382571483448919,-0.015856405146556764,-0.9258597458123745,-0.377531977448489
1763658776.8427532,766494.3005063102,3404358.9016014556,78.79536965768784,0.0014402723378632246,-0.015928365858205385,-0.9258514961450572,-0.37754896353008166
1763658776.852754,766494.3005063102,3404358.9016014556,78.79536965768784,0.0014470798461526475,-0.015893583332640855,-0.9258441545046223,-0.37756840643569245
1763658776.8629708,766494.3005063102,3404358.9016014556,78.79536965768784,0.0013890441311191718,-0.01579033608813622,-0.9258406560052268,-0.37758153494369473
1763658776.8728452,766494.3005063102,3404358.9016014556,78.79536965768784,0.0013147292374212976,-0.01573373665367193,-0.9258360408409643,-0.37759547997542753
1763658776.8829541,766494.3005063102,3404358.9016014556,78.79536965768784,0.001243329375220102,-0.01575896676359339,-0.9258269174070383,-0.377617038947119
1763658776.8927522,766494.3005063102,3404358.9016014556,78.79536965768784,0.0012541809961493918,-0.01581163925395449,-0.925817429592336,-0.3776380623787432
1763658776.9039009,766494.3005063102,3404358.9016014556,78.79536965768784,0.0012399948609306015,-0.015806570973470588,-0.9258046695984699,-0.3776696022669469
1763658776.9158442,766492.917132034,3404360.2070503337,78.79609106201679,0.0012527837848575292,-0.015742878200704146,-0.9257941466613326,-0.37769801472388115
1763658776.922522,766492.917132034,3404360.2070503337,78.79609106201679,0.0013014152149447523,-0.015661695725928182,-0.9257819891044206,-0.37773102368655065
1763658776.935799,766492.917132034,3404360.2070503337,78.79609106201679,0.0013582663076079247,-0.015578917190276985,-0.925768668559408,-0.3777668920982319
1763658776.9425726,766492.917132034,3404360.2070503337,78.79609106201679,0.001289175017626494,-0.015474526890068955,-0.9257552159249486,-0.3778043901717581
1763658776.9556756,766492.917132034,3404360.2070503337,78.79609106201679,0.001231236859264886,-0.015405312630833282,-0.9257371726683572,-0.3778516210611495
1763658776.9625158,766492.917132034,3404360.2070503337,78.79609106201679,0.0012909709742688277,-0.015373147406870583,-0.9257199346881277,-0.3778949619322265
1763658776.9724994,766492.917132034,3404360.2070503337,78.79609106201679,0.0012302204039474724,-0.015300586417323524,-0.9257015304771499,-0.3779431902883107
1763658776.9826503,766492.917132034,3404360.2070503337,78.79609106201679,0.0012623068440096629,-0.015282917739080651,-0.9256856719465582,-0.3779826394950719
1763658776.9925292,766492.917132034,3404360.2070503337,78.79609106201679,0.0011757050284519274,-0.015247095628104543,-0.925664463271739,-0.3780363014691008
1763658777.005488,766492.917132034,3404360.2070503337,78.79609106201679,0.0012404827205571654,-0.01527683881211784,-0.9256448322695566,-0.37808295900660865
1763658777.012774,766492.917132034,3404360.2070503337,78.79609106201679,0.0012665161240833708,-0.015320434695221218,-0.9256226333415525,-0.3781354530634582
1763658777.0318732,766491.5289203587,3404361.512778603,78.79352591000497,0.0011857920439154622,-0.015298383527737793,-0.9256029264861578,-0.3781848434812365
1763658777.0331464,766491.5289203587,3404361.512778603,78.79352591000497,0.0012647523338477793,-0.015302935299595649,-0.9255879927970413,-0.3782209515120685
1763658777.0435665,766491.5289203587,3404361.512778603,78.79352591000497,0.0012488858522128896,-0.015243637442902936,-0.9255710706488052,-0.3782648080110837
1763658777.052811,766491.5289203587,3404361.512778603,78.79352591000497,0.0013567902507571556,-0.015235332267281812,-0.9255569257534848,-0.37829938006911856
1763658777.06273,766491.5289203587,3404361.512778603,78.79352591000497,0.0012631577944098868,-0.015207872320831829,-0.9255352123948629,-0.3783539291048208
1763658777.0730414,766491.5289203587,3404361.512778603,78.79352591000497,0.0011597960572183163,-0.015193823656011357,-0.9255135349779696,-0.3784078476569936
1763658777.0826747,766491.5289203587,3404361.512778603,78.79352591000497,0.0011108720130677706,-0.01520149918959321,-0.9254880491079107,-0.3784700137979137
1763658777.092651,766491.5289203587,3404361.512778603,78.79352591000497,0.0010548109270813854,-0.015195718007194393,-0.9254663386726256,-0.37852349136089153
1763658777.1035903,766491.5289203587,3404361.512778603,78.79352591000497,0.0010997372738760277,-0.015196363034543015,-0.9254441727079461,-0.3785775275017732
1763658777.1126952,766490.1423853734,3404362.8178539034,78.79563422128558,0.0010906991837284176,-0.015145048556904185,-0.9254272964698829,-0.3786208615857597
1763658777.1237967,766490.1423853734,3404362.8178539034,78.79563422128558,0.001132848889490494,-0.015155680505582397,-0.9254105183454742,-0.3786613190403362
1763658777.1331465,766490.1423853734,3404362.8178539034,78.79563422128558,0.0011298638490645644,-0.015188952119224039,-0.9253934950389441,-0.3787015955614792
1763658777.1427996,766490.1423853734,3404362.8178539034,78.79563422128558,0.0011603764986975948,-0.015233269021598245,-0.9253805236732555,-0.37873141861681875
1763658777.1529078,766490.1423853734,3404362.8178539034,78.79563422128558,0.0010766524561485408,-0.015197909117962347,-0.9253667363819519,-0.37876677200586917
1763658777.1717114,766490.1423853734,3404362.8178539034,78.79563422128558,0.0011264988865603287,-0.015186821344953777,-0.9253535432482343,-0.3787993023431183
1763658777.1728432,766490.1423853734,3404362.8178539034,78.79563422128558,0.000985162526808029,-0.015180302529800193,-0.925333377357109,-0.37884921620452855
1763658777.1830165,766490.1423853734,3404362.8178539034,78.79563422128558,0.0009900684033341172,-0.015253094188702146,-0.9253092173391746,-0.37890528524869016
1763658777.192859,766490.1423853734,3404362.8178539034,78.79563422128558,0.0009522403463504059,-0.01530301126957074,-0.9252867409876799,-0.37895825368608105
1763658777.2033286,766490.1423853734,3404362.8178539034,78.79563422128558,0.0009430432391571214,-0.015312481996584646,-0.9252658709886199,-0.3790088475856781
1763658777.2125926,766488.7591936254,3404364.125062919,78.79706223681569,0.0010049360012749937,-0.01532774142169595,-0.9252530103760617,-0.3790394665949428
1763658777.2228725,766488.7591936254,3404364.125062919,78.79706223681569,0.0009075674363411878,-0.015277143103931693,-0.9252377711374464,-0.37907895230484745
1763658777.2328544,766488.7591936254,3404364.125062919,78.79706223681569,0.0009271204653790513,-0.015260600544800287,-0.9252256532259084,-0.379109146726039
1763658777.2427225,766488.7591936254,3404364.125062919,78.79706223681569,0.0008937635703390482,-0.015247848987912095,-0.9252053724302528,-0.37915923187246686
1763658777.252798,766488.7591936254,3404364.125062919,78.79706223681569,0.0008051163842417528,-0.015273966882927193,-0.9251813189798015,-0.3792170680943332
1763658777.2627378,766488.7591936254,3404364.125062919,78.79706223681569,0.000782557473310525,-0.015349960585113653,-0.925154954909124,-0.37927836178845337
1763658777.2757962,766488.7591936254,3404364.125062919,78.79706223681569,0.0007315469367355498,-0.0153903397915737,-0.9251334123757771,-0.3793293708456144
1763658777.282801,766488.7591936254,3404364.125062919,78.79706223681569,0.0007835336672848423,-0.015410515767768057,-0.9251174592426633,-0.3793673532121114
1763658777.2928689,766488.7591936254,3404364.125062919,78.79706223681569,0.0008190579654782969,-0.015402349051895713,-0.9251007700342073,-0.3794083052199162
1763658777.3035083,766488.7591936254,3404364.125062919,78.79706223681569,0.0007239355247420183,-0.015368163353107284,-0.9250826369519933,-0.3794540950924822
1763658777.31272,766487.38144999,3404365.43298264,78.80477993004024,0.0006627390835300465,-0.015385608547140363,-0.9250549004401166,-0.37952111271741834
1763658777.3229074,766487.38144999,3404365.43298264,78.80477993004024,0.0006736028542651974,-0.01543667899222631,-0.9250312071819934,-0.37957676554329517
1763658777.3328507,766487.38144999,3404365.43298264,78.80477993004024,0.0005930551216016466,-0.015472342402349033,-0.9250020071649019,-0.37964660099507025
1763658777.3427188,766487.38144999,3404365.43298264,78.80477993004024,0.0007364684417645361,-0.01550582102359412,-0.9249808784076823,-0.37969645996344403
1763658777.3526914,766487.38144999,3404365.43298264,78.80477993004024,0.0006180383764223642,-0.015392832195003456,-0.9249612410736544,-0.379749103036553
1763658777.3625462,766487.38144999,3404365.43298264,78.80477993004024,0.0006370556211118617,-0.015373659792710295,-0.9249388518309731,-0.3798043774343768
1763658777.3725488,766487.38144999,3404365.43298264,78.80477993004024,0.0007418611931544264,-0.015461297301571583,-0.9249146052705656,-0.3798596726225572
1763658777.3826432,766487.38144999,3404365.43298264,78.80477993004024,0.0006977455377102128,-0.01552966817918942,-0.9248842613707688,-0.3799308432149937
1763658777.3926597,766487.38144999,3404365.43298264,78.80477993004024,0.0007684856794968947,-0.015554499349737533,-0.924861238646886,-0.37998573161144783
1763658777.4074876,766487.38144999,3404365.43298264,78.80477993004024,0.0006522626720667918,-0.015453421868877566,-0.9248418628238771,-0.3800372285374287
1763658777.412559,766486.0019831175,3404366.744150226,78.81206303555518,0.0006387948724600823,-0.015415702781758862,-0.9248246756925381,-0.3800806062916749
1763658777.4225502,766486.0019831175,3404366.744150226,78.81206303555518,0.0007990842513502993,-0.015480250693436592,-0.9248048472763372,-0.38012592355299596
1763658777.4326336,766486.0019831175,3404366.744150226,78.81206303555518,0.0007997727806325246,-0.01549435602252649,-0.9247806328625996,-0.3801842531946797
1763658777.4425397,766486.0019831175,3404366.744150226,78.81206303555518,0.000767780120518727,-0.01551294315979827,-0.9247552897724316,-0.3802452013452807
1763658777.4525487,766486.0019831175,3404366.744150226,78.81206303555518,0.0007988939978420644,-0.015571839014128494,-0.9247260635396501,-0.3803138007074699
1763658777.4624834,766486.0019831175,3404366.744150226,78.81206303555518,0.0008435075953564389,-0.015589143930517815,-0.9247039055842514,-0.3803668677522818
1763658777.4724796,766486.0019831175,3404366.744150226,78.81206303555518,0.0008687287393494888,-0.015572954839306707,-0.9246837549518445,-0.3804164582613475
1763658777.4825554,766486.0019831175,3404366.744150226,78.81206303555518,0.0008267726198712974,-0.015509909729587674,-0.9246677527353169,-0.3804580215984858
1763658777.4928472,766486.0019831175,3404366.744150226,78.81206303555518,0.0008259043124410476,-0.015516368765731132,-0.9246476254753786,-0.38050667390354176
1763658777.511997,766486.0019831175,3404366.744150226,78.81206303555518,0.0008748576217604389,-0.015583595018359122,-0.9246254838237278,-0.3805576183105292
1763658777.5166874,766484.6252313688,3404368.0529241287,78.81536144856364,0.0007949435133183524,-0.015617464498318176,-0.9246017310056502,-0.38061411152085417
1763658777.5225728,766484.6252313688,3404368.0529241287,78.81536144856364,0.0007336057980519986,-0.015628611562125014,-0.9245801689664728,-0.3806661522608785
1763658777.532622,766484.6252313688,3404368.0529241287,78.81536144856364,0.0008270389787610058,-0.01566116243218111,-0.9245606011933837,-0.38071214679693294
1763658777.5426273,766484.6252313688,3404368.0529241287,78.81536144856364,0.0008919805008883955,-0.01565846647657599,-0.9245423404417455,-0.3807564543496112
1763658777.5525253,766484.6252313688,3404368.0529241287,78.81536144856364,0.0009975697918512428,-0.015701771868219888,-0.92452644419401,-0.3807930057139822
1763658777.56255,766484.6252313688,3404368.0529241287,78.81536144856364,0.000899568641370546,-0.015697730676201,-0.9245035167772867,-0.3808490770558672
1763658777.5726874,766484.6252313688,3404368.0529241287,78.81536144856364,0.0009357802472924068,-0.015749797801453802,-0.9244824329126866,-0.3808980170864399
1763658777.5827718,766484.6252313688,3404368.0529241287,78.81536144856364,0.000888659005305696,-0.015789330135644285,-0.924457320569379,-0.3809574382850716
1763658777.5927088,766484.6252313688,3404368.0529241287,78.81536144856364,0.0009274220457871699,-0.01581456028596159,-0.9244351377168534,-0.3810101254897737
1763658777.603686,766484.6252313688,3404368.0529241287,78.81536144856364,0.0008429089095710858,-0.015744457688175912,-0.9244151015441842,-0.38106183434415386
1763658777.61266,766483.2537962986,3404369.3654237483,78.83040651027113,0.0008582844913733725,-0.015726708024522945,-0.9243959943875715,-0.38110888150587136
1763658777.622664,766483.2537962986,3404369.3654237483,78.83040651027113,0.0008937097552335713,-0.015755140596390698,-0.924378242162017,-0.38115068181117123
1763658777.6325974,766483.2537962986,3404369.3654237483,78.83040651027113,0.0008455930693242889,-0.015811724377820042,-0.9243586710062628,-0.3811959098417722
1763658777.6447592,766483.2537962986,3404369.3654237483,78.83040651027113,0.0008517841509213513,-0.01589186737288932,-0.9243372779205941,-0.3812444355810445
1763658777.6528046,766483.2537962986,3404369.3654237483,78.83040651027113,0.0008004983088178196,-0.015912182915649595,-0.9243175245401711,-0.38129158850576095
1763658777.6628172,766483.2537962986,3404369.3654237483,78.83040651027113,0.000689411072717235,-0.01590334214866123,-0.924297979829596,-0.38133955066817127
1763658777.6726954,766483.2537962986,3404369.3654237483,78.83040651027113,0.0008483205195124769,-0.01596980330633727,-0.9242800800558388,-0.3813798360514423
1763658777.6826642,766483.2537962986,3404369.3654237483,78.83040651027113,0.0007304224661081249,-0.015899509205262077,-0.9242627286716577,-0.38142506535160275
1763658777.692628,766483.2537962986,3404369.3654237483,78.83040651027113,0.000696626057104994,-0.015866306616653343,-0.9242427507889134,-0.3814749174462526
1763658777.703405,766483.2537962986,3404369.3654237483,78.83040651027113,0.0006693433710081914,-0.015793040381058762,-0.9242274067535625,-0.3815151798560039
1763658777.7131317,766481.8797225014,3404370.678936561,78.82833542022854,0.0005689158836509854,-0.01572397094474621,-0.9242093079745448,-0.3815620370603695
1763658777.7225356,766481.8797225014,3404370.678936561,78.82833542022854,0.0006657367877974021,-0.015711177774281687,-0.9241922306763224,-0.38160376890827186
1763658777.732618,766481.8797225014,3404370.678936561,78.82833542022854,0.0008098757689730431,-0.015661979895222816,-0.924176834232217,-0.381642798380263
1763658777.7425942,766481.8797225014,3404370.678936561,78.82833542022854,0.0006747821800756684,-0.015507235584660876,-0.924160442713206,-0.38168907036704935
1763658777.755807,766481.8797225014,3404370.678936561,78.82833542022854,0.0007449379950088143,-0.015427086869320341,-0.9241462374807073,-0.3817265799081356
1763658777.7626247,766481.8797225014,3404370.678936561,78.82833542022854,0.0006580233428773513,-0.015322959150955868,-0.9241299712632245,-0.3817703107120438
1763658777.772531,766481.8797225014,3404370.678936561,78.82833542022854,0.0006336741565621312,-0.015221172687241033,-0.9241121686970577,-0.38181751403662617
1763658777.7825043,766481.8797225014,3404370.678936561,78.82833542022854,0.0007782963607880023,-0.015165763157916009,-0.9241001780741149,-0.3818484709488858
1763658777.7925518,766481.8797225014,3404370.678936561,78.82833542022854,0.0006523540703679068,-0.015034203997513523,-0.9240847186696928,-0.38189131944243326
1763658777.8034394,766481.8797225014,3404370.678936561,78.82833542022854,0.0008207750845787287,-0.015008569819087431,-0.9240719224441456,-0.38192296515217194
1763658777.8126054,766480.5108557394,3404371.9828424943,78.82525260746479,0.0008609421584681292,-0.014931270209987652,-0.9240543100631256,-0.38196851703023554
1763658777.8226445,766480.5108557394,3404371.9828424943,78.82525260746479,0.00085292061178257,-0.014813784212867945,-0.9240372227913862,-0.3820144437317866
1763658777.8326616,766480.5108557394,3404371.9828424943,78.82525260746479,0.0008666740033477756,-0.014721909593460718,-0.9240183437584593,-0.38206362644455905
1763658777.8425963,766480.5108557394,3404371.9828424943,78.82525260746479,0.0008936297718526096,-0.01466078185546927,-0.9239970676279026,-0.3821173666771171
1763658777.8527627,766480.5108557394,3404371.9828424943,78.82525260746479,0.001025135475224384,-0.014649838609741266,-0.9239747180723734,-0.38217149512888027
1763658777.8625681,766480.5108557394,3404371.9828424943,78.82525260746479,0.0009952575030902477,-0.014575780263508153,-0.9239509260327587,-0.38223192223494384
1763658777.8797336,766480.5108557394,3404371.9828424943,78.82525260746479,0.0009874246943821427,-0.014523086483570306,-0.9239289980301759,-0.3822869492284808
1763658777.8837924,766480.5108557394,3404371.9828424943,78.82525260746479,0.0010037618361649512,-0.014475847030910044,-0.92390454490887,-0.38234779221495163
1763658777.8925283,766480.5108557394,3404371.9828424943,78.82525260746479,0.0010525762752945358,-0.014431483133723052,-0.9238838775616791,-0.3823992745277401
1763658777.9033744,766480.5108557394,3404371.9828424943,78.82525260746479,0.0010904134998795667,-0.014387050654560606,-0.9238619177302887,-0.3824538936127796
1763658777.912533,766479.1366654995,3404373.294642807,78.82622723374516,0.0011953176503569684,-0.014376065045582097,-0.9238428939435057,-0.38249994415634603
1763658777.9224937,766479.1366654995,3404373.294642807,78.82622723374516,0.0012047264147049316,-0.014356277064886508,-0.9238189736178157,-0.3825584268145554
1763658777.9325652,766479.1366654995,3404373.294642807,78.82622723374516,0.0012886069036515766,-0.014425445249956838,-0.9237898735067263,-0.38262581672962825
1763658777.9426608,766479.1366654995,3404373.294642807,78.82622723374516,0.0012540874271969316,-0.014411762273964016,-0.9237607007572366,-0.38269687235380306
1763658777.9527786,766479.1366654995,3404373.294642807,78.82622723374516,0.0012817305935142551,-0.014411850772512235,-0.9237347736649661,-0.3827593547467264
1763658777.9625795,766479.1366654995,3404373.294642807,78.82622723374516,0.0013339898692511735,-0.014374872269483904,-0.9237114183144,-0.3828169264725173
1763658777.9726205,766479.1366654995,3404373.294642807,78.82622723374516,0.0014410496011127366,-0.014324928106299064,-0.9236908861352844,-0.3828679494047652
1763658777.9826713,766479.1366654995,3404373.294642807,78.82622723374516,0.0014130466933025346,-0.014230629038675474,-0.923672369029614,-0.3829162404331091
1763658777.9926682,766479.1366654995,3404373.294642807,78.82622723374516,0.0014454684678454344,-0.014193410096371449,-0.9236533867207085,-0.3829632866608883
1763658778.005548,766479.1366654995,3404373.294642807,78.82622723374516,0.00136120503405281,-0.014181184399012847,-0.9236356409982341,-0.38300684564075005
1763658778.0128005,766479.1366654995,3404373.294642807,78.82622723374516,0.0013173029805292162,-0.014255905581766329,-0.9236077993362579,-0.3830713600285668
1763658778.026436,766477.7724037457,3404374.60578232,78.84203694295138,0.0014690558272274267,-0.014387777762882576,-0.9235849192330279,-0.38312103921782154
1763658778.0331478,766477.7724037457,3404374.60578232,78.84203694295138,0.0014824411134760256,-0.014422156041347408,-0.9235639414692709,-0.3831702621566676
1763658778.043246,766477.7724037457,3404374.60578232,78.84203694295138,0.0015869651205575337,-0.0144421193361543,-0.9235486335559748,-0.3832059866281817
1763658778.056184,766477.7724037457,3404374.60578232,78.84203694295138,0.0014677170630686609,-0.014379056784080723,-0.9235333219529505,-0.38324573288579583
1763658778.062675,766477.7724037457,3404374.60578232,78.84203694295138,0.0012663449073114195,-0.014384332013686989,-0.9235127486350472,-0.3832958263164836
1763658778.0757222,766477.7724037457,3404374.60578232,78.84203694295138,0.0011974836391309366,-0.014467497412466307,-0.9234917239620505,-0.3833435708671195
1763658778.0838656,766477.7724037457,3404374.60578232,78.84203694295138,0.0010617771358696895,-0.014527405932316613,-0.923469528749651,-0.38339517025790587
1763658778.0996754,766477.7724037457,3404374.60578232,78.84203694295138,0.0009679802618262267,-0.014549376117660828,-0.9234479183427835,-0.38344663354524194
1763658778.1037593,766477.7724037457,3404374.60578232,78.84203694295138,0.0008570834846226743,-0.014566871536041567,-0.9234282045724256,-0.38349370615656697
1763658778.112751,766476.408974634,3404375.922845277,78.84038044326007,0.0007462067847114583,-0.014608030226151304,-0.9234097076426271,-0.38353690886237285
1763658778.1228795,766476.408974634,3404375.922845277,78.84038044326007,0.0006607803875752346,-0.014660197574505023,-0.9233905346528143,-0.38358123323482013
1763658778.1328673,766476.408974634,3404375.922845277,78.84038044326007,0.000559257543028136,-0.014731540334352172,-0.923371226794611,-0.38362513796438447
1763658778.142698,766476.408974634,3404375.922845277,78.84038044326007,0.00040072184022304624,-0.014815021144498529,-0.9233498649603661,-0.38367353498536844
1763658778.1528885,766476.408974634,3404375.922845277,78.84038044326007,0.0003433847149690158,-0.01492931784379019,-0.9233322238554398,-0.38371161299317585
1763658778.1628962,766476.408974634,3404375.922845277,78.84038044326007,0.00022279426047799346,-0.014967174154194435,-0.923318671892075,-0.3837428360191373
1763658778.1727827,766476.408974634,3404375.922845277,78.84038044326007,0.00012701391811145886,-0.014996955203534727,-0.9233070464348011,-0.3837696877111734
1763658778.1838236,766476.408974634,3404375.922845277,78.84038044326007,4.4887406868148946e-05,-0.01506180408420632,-0.9232926953949115,-0.3838016918582414
1763658778.1927433,766476.408974634,3404375.922845277,78.84038044326007,-0.00017298320275699938,-0.015124902142592309,-0.9232751200582159,-0.3838414517655377
1763658778.2033572,766476.408974634,3404375.922845277,78.84038044326007,-0.00023777084189753085,-0.015291055046932563,-0.9232542803284332,-0.3838849579702299
1763658778.212647,766475.0521013453,3404377.238655973,78.84623131714761,-0.0003509503895624856,-0.015419145002477559,-0.9232350455454297,-0.38392600521187015
1763658778.2229142,766475.0521013453,3404377.238655973,78.84623131714761,-0.0003737498799349986,-0.015545005897194014,-0.9232199834220423,-0.38395712692029527
1763658778.2327454,766475.0521013453,3404377.238655973,78.84623131714761,-0.0003915901965086555,-0.01563720038309201,-0.9232068348183142,-0.3839849798703677
1763658778.242909,766475.0521013453,3404377.238655973,78.84623131714761,-0.00047018102296931055,-0.015705763755373196,-0.9231964424025468,-0.3840070789060365
1763658778.2528355,766475.0521013453,3404377.238655973,78.84623131714761,-0.0005240807053910907,-0.01582342671507863,-0.9231827210569672,-0.38403516511936886
1763658778.2628045,766475.0521013453,3404377.238655973,78.84623131714761,-0.0005749034594940703,-0.01597664073965248,-0.9231686372791064,-0.38406260372617057
1763658778.272814,766475.0521013453,3404377.238655973,78.84623131714761,-0.0007491961182775403,-0.016107309080398043,-0.9231536282627706,-0.38409292095096936
1763658778.282819,766475.0521013453,3404377.238655973,78.84623131714761,-0.0007347133536364054,-0.016291757549502454,-0.9231393578093159,-0.38411946695740395
1763658778.2927268,766475.0521013453,3404377.238655973,78.84623131714761,-0.000860910599568796,-0.016386933099807342,-0.9231281202741788,-0.3841421622467178
1763658778.3035574,766475.0521013453,3404377.238655973,78.84623131714761,-0.0008794062395581365,-0.016567246282917312,-0.9231133245252673,-0.384169940363865
1763658778.3128064,766473.6963250639,3404378.56103493,78.85622426401824,-0.0009050634423982268,-0.01676859258733708,-0.9230994822551786,-0.384194405246909
1763658778.322525,766473.6963250639,3404378.56103493,78.85622426401824,-0.0009466276592145061,-0.016975968643948215,-0.9230817422874977,-0.3842278197113693
1763658778.3325226,766473.6963250639,3404378.56103493,78.85622426401824,-0.000994188449759641,-0.017126506859202507,-0.9230670352378829,-0.3842563503824927
1763658778.3425577,766473.6963250639,3404378.56103493,78.85622426401824,-0.0010477138845528932,-0.01723937005022434,-0.9230505332701051,-0.38429080062585663
1763658778.352657,766473.6963250639,3404378.56103493,78.85622426401824,-0.0012359160718449554,-0.01726822489770787,-0.9230360496993935,-0.3843237331673447
1763658778.362551,766473.6963250639,3404378.56103493,78.85622426401824,-0.0013405463297841078,-0.017320753646967998,-0.9230210451857463,-0.3843570534969422
1763658778.372555,766473.6963250639,3404378.56103493,78.85622426401824,-0.0014203960502111833,-0.017351932779073483,-0.9230111247337444,-0.38437918325741777
1763658778.3825607,766473.6963250639,3404378.56103493,78.85622426401824,-0.0014932267597570232,-0.017412300191719937,-0.9230018165386695,-0.38439852853801804
1763658778.3927448,766473.6963250639,3404378.56103493,78.85622426401824,-0.001518828784759927,-0.017511152977901186,-0.9229920855964225,-0.38441730268924346
1763658778.4034474,766473.6963250639,3404378.56103493,78.85622426401824,-0.0016468904986719057,-0.017557411899806735,-0.9229829238187954,-0.3844366623749269
1763658778.412892,766472.3426060942,3404379.878776867,78.86423785239458,-0.0018095109608721512,-0.017586829226233266,-0.9229720231870904,-0.38446075680331615
1763658778.4228482,766472.3426060942,3404379.878776867,78.86423785239458,-0.0017623055913570523,-0.017661153012096968,-0.9229599597653941,-0.3844865285327278
1763658778.432892,766472.3426060942,3404379.878776867,78.86423785239458,-0.0018495275466121081,-0.017686981089048513,-0.9229468367817174,-0.384516431927729
1763658778.442555,766472.3426060942,3404379.878776867,78.86423785239458,-0.0019676544942837694,-0.01770405426987107,-0.922931012623623,-0.38455304021127495
1763658778.452614,766472.3426060942,3404379.878776867,78.86423785239458,-0.0021137684835874247,-0.017696524663512094,-0.922917214194454,-0.3845857261277124
1763658778.4637635,766472.3426060942,3404379.878776867,78.86423785239458,-0.002157434059840567,-0.017734934173357628,-0.9229032556787802,-0.38461721002270866
1763658778.4725392,766472.3426060942,3404379.878776867,78.86423785239458,-0.0021657864997201397,-0.01780907752160528,-0.9228908037897108,-0.3846436148008294
1763658778.4824953,766472.3426060942,3404379.878776867,78.86423785239458,-0.0022991070948831073,-0.017855228681743385,-0.9228758178430851,-0.3846766561097067
1763658778.4925904,766472.3426060942,3404379.878776867,78.86423785239458,-0.0025235672186401676,-0.017871555083329327,-0.9228578831264623,-0.3847175154301412
1763658778.503422,766472.3426060942,3404379.878776867,78.86423785239458,-0.002599995727903575,-0.017920382888320492,-0.9228387792525773,-0.3847605585386365
1763658778.5126731,766470.9895331654,3404381.20090174,78.87667095381767,-0.002508604595035534,-0.017983010988397108,-0.9228228967856609,-0.3847963349447315
1763658778.5228417,766470.9895331654,3404381.20090174,78.87667095381767,-0.0026323220775759573,-0.017904267822332814,-0.9228146425585293,-0.38481897504385054
1763658778.5328107,766470.9895331654,3404381.20090174,78.87667095381767,-0.0027352322672357984,-0.017836161993037728,-0.9228031910526782,-0.3848488799682245
1763658778.542792,766470.9895331654,3404381.20090174,78.87667095381767,-0.0027538219111227415,-0.017803395576347716,-0.9227930592406093,-0.3848745579902514
1763658778.55285,766470.9895331654,3404381.20090174,78.87667095381767,-0.0027558114249864795,-0.01783122835445876,-0.9227743018758269,-0.38491822585627405
1763658778.5625594,766470.9895331654,3404381.20090174,78.87667095381767,-0.00273936565927161,-0.017847180198570577,-0.9227539231115679,-0.3849664549242634
1763658778.5725782,766470.9895331654,3404381.20090174,78.87667095381767,-0.002844706443511219,-0.017750986564178416,-0.9227358853362158,-0.38501337124058244
1763658778.5827224,766470.9895331654,3404381.20090174,78.87667095381767,-0.002886196908468655,-0.017670410238238378,-0.9227175278927227,-0.38506076168438697
1763658778.5925837,766470.9895331654,3404381.20090174,78.87667095381767,-0.002820310529695047,-0.017611476157412903,-0.9227051369947454,-0.38509364045590444
1763658778.6034539,766470.9895331654,3404381.20090174,78.87667095381767,-0.002899639141602132,-0.017525314676093362,-0.9226935248687773,-0.38512480393189863
1763658778.6132317,766469.6364779961,3404382.517616004,78.88347208872437,-0.0030156357969365437,-0.01745680818042914,-0.9226826886211918,-0.3851529850691292
1763658778.62258,766469.6364779961,3404382.517616004,78.88347208872437,-0.0030726998141347335,-0.017471369612002397,-0.9226687784595928,-0.38518519573786314
1763658778.6325784,766469.6364779961,3404382.517616004,78.88347208872437,-0.0030637926974968997,-0.01756186847023791,-0.9226528210065823,-0.38521937365446257
1763658778.642617,766469.6364779961,3404382.517616004,78.88347208872437,-0.0030952901653493606,-0.0175741473328353,-0.9226388717671096,-0.3852519705707305
1763658778.6527262,766469.6364779961,3404382.517616004,78.88347208872437,-0.003180114629634471,-0.01748382792754139,-0.9226292198247215,-0.3852785036276593
1763658778.6626468,766469.6364779961,3404382.517616004,78.88347208872437,-0.0032308485546246124,-0.01737671932684757,-0.9226226581452746,-0.38529863991454805
1763658778.6725078,766469.6364779961,3404382.517616004,78.88347208872437,-0.003178624659537498,-0.017337938452895052,-0.9226139898685437,-0.3853215773017704
1763658778.6825037,766469.6364779961,3404382.517616004,78.88347208872437,-0.003203588511348667,-0.017304191526791877,-0.9226038783725341,-0.3853470975474091
1763658778.6925194,766469.6364779961,3404382.517616004,78.88347208872437,-0.0033512901084866665,-0.017182054430485434,-0.9225927910028362,-0.3853778507513808
1763658778.7034822,766469.6364779961,3404382.517616004,78.88347208872437,-0.0034120994825147513,-0.017053804521447367,-0.9225865515225584,-0.385397950537077
1763658778.7125425,766468.2796324156,3404383.833817049,78.89845714438707,-0.0034625066591754726,-0.016917646498027697,-0.9225796801250014,-0.3854199503204949
1763658778.722704,766468.2796324156,3404383.833817049,78.89845714438707,-0.003405323658401114,-0.016831967594733238,-0.9225740904448778,-0.38543759063884503
1763658778.7358942,766468.2796324156,3404383.833817049,78.89845714438707,-0.003452193199559461,-0.016707492983107843,-0.9225671775361066,-0.38545913528335807
1763658778.7425773,766468.2796324156,3404383.833817049,78.89845714438707,-0.003516916475057935,-0.016595216558736997,-0.9225604479805889,-0.3854795064691908
1763658778.752704,766468.2796324156,3404383.833817049,78.89845714438707,-0.0035824404259471735,-0.01654341123544182,-0.9225523238799795,-0.38550057246253083
1763658778.762767,766468.2796324156,3404383.833817049,78.89845714438707,-0.0036815596812346182,-0.01650536212250496,-0.9225397548127672,-0.3855313475315827
1763658778.772539,766468.2796324156,3404383.833817049,78.89845714438707,-0.0037779319804254387,-0.016442586422078943,-0.9225301353919713,-0.3855561150797311
1763658778.7825642,766468.2796324156,3404383.833817049,78.89845714438707,-0.0038903079944886043,-0.016320792894638204,-0.9225224479991097,-0.385578565484038
1763658778.792518,766468.2796324156,3404383.833817049,78.89845714438707,-0.0038676799659231372,-0.016219106609857512,-0.9225210747268795,-0.3855863694650296
1763658778.8035722,766468.2796324156,3404383.833817049,78.89845714438707,-0.003919956490054191,-0.016118840054967394,-0.9225173737351315,-0.38559890053426527
1763658778.8127866,766466.9291944695,3404385.147839923,78.90754069853574,-0.003986454664802822,-0.016034790915228567,-0.9225085827645176,-0.38562275397765555
1763658778.8227723,766466.9291944695,3404385.147839923,78.90754069853574,-0.004060756561162674,-0.01594006816700558,-0.9224978796822231,-0.38565150909180296
1763658778.8329554,766466.9291944695,3404385.147839923,78.90754069853574,-0.004110621839527577,-0.01585351666128932,-0.9224864991912516,-0.3856817698665982
1763658778.8428195,766466.9291944695,3404385.147839923,78.90754069853574,-0.004032890762956734,-0.015815343305655198,-0.922478707520517,-0.3857027934556538
1763658778.8571103,766466.9291944695,3404385.147839923,78.90754069853574,-0.004025436497139919,-0.015772462901679614,-0.9224698420682971,-0.3857258297670945
1763658778.8640354,766466.9291944695,3404385.147839923,78.90754069853574,-0.0040489931855812455,-0.01570189558284098,-0.9224636865103336,-0.3857431829586284
1763658778.872571,766466.9291944695,3404385.147839923,78.90754069853574,-0.004031721822753789,-0.015655605608105812,-0.9224541017094763,-0.3857681654459716
1763658778.88261,766466.9291944695,3404385.147839923,78.90754069853574,-0.004048150487120048,-0.015615242634290906,-0.922444594570741,-0.38579236205804684
1763658778.8926811,766466.9291944695,3404385.147839923,78.90754069853574,-0.004082740773368466,-0.015619608023772515,-0.9224329312769559,-0.385819707076717
1763658778.9033978,766466.9291944695,3404385.147839923,78.90754069853574,-0.004055858770961111,-0.015648539026445953,-0.9224231170906683,-0.38584228162903983
1763658778.912765,766465.5830013906,3404386.465205147,78.92900125309825,-0.00406412058205462,-0.015596438328186558,-0.9224191526526455,-0.38585378170356827
1763658778.9225967,766465.5830013906,3404386.465205147,78.92900125309825,-0.004067410365359709,-0.015516875031347382,-0.9224168057649565,-0.3858625651764572
1763658778.932669,766465.5830013906,3404386.465205147,78.92900125309825,-0.0040743913600021255,-0.015449722355548628,-0.9224132729001254,-0.38587363137672526
1763658778.9428473,766465.5830013906,3404386.465205147,78.92900125309825,-0.0041166848574217775,-0.015449797941620175,-0.92240562295794,-0.38589146580991196
1763658778.9530416,766465.5830013906,3404386.465205147,78.92900125309825,-0.004055049597099605,-0.015498381417122774,-0.9223965071235978,-0.385911959379858
1763658778.967942,766465.5830013906,3404386.465205147,78.92900125309825,-0.004089258057708622,-0.01543806599234607,-0.9223898592645767,-0.3859299050511989
1763658778.9727678,766465.5830013906,3404386.465205147,78.92900125309825,-0.004037906214861563,-0.01535915856288345,-0.9223873822575989,-0.3859395141905196
1763658778.9825897,766465.5830013906,3404386.465205147,78.92900125309825,-0.004084050988193374,-0.015220374946475617,-0.9223887117869134,-0.38594134927744267
1763658778.992533,766465.5830013906,3404386.465205147,78.92900125309825,-0.004077873717853426,-0.01515400013464654,-0.9223895114578312,-0.3859421153209948
1763658779.005352,766465.5830013906,3404386.465205147,78.92900125309825,-0.004049687317261752,-0.015108764588210888,-0.922388227755912,-0.385947253601523
1763658779.0129719,766465.5830013906,3404386.465205147,78.92900125309825,-0.004133474934924706,-0.015048067071741923,-0.9223839679239715,-0.38595891721684167
1763658779.026876,766464.2331228463,3404387.7746268315,78.94387194700539,-0.004164455001998611,-0.015035859926181958,-0.9223792318274262,-0.38597037829898845
1763658779.033284,766464.2331228463,3404387.7746268315,78.94387194700539,-0.0042010743599879725,-0.014967520369895806,-0.9223759309340853,-0.38598052585807735
1763658779.0429544,766464.2331228463,3404387.7746268315,78.94387194700539,-0.00425218162873897,-0.014823839237275725,-0.9223793597905504,-0.385977317175554
1763658779.0527992,766464.2331228463,3404387.7746268315,78.94387194700539,-0.004320291069418663,-0.014668417075050916,-0.9223838359724938,-0.3859718017708747
1763658779.062708,766464.2331228463,3404387.7746268315,78.94387194700539,-0.004325121762685581,-0.014602726699830395,-0.9223879863759668,-0.38596431996229547
1763658779.072611,766464.2331228463,3404387.7746268315,78.94387194700539,-0.0043446588261088345,-0.014596396531114227,-0.9223850258126731,-0.38597141513918565
1763658779.0826726,766464.2331228463,3404387.7746268315,78.94387194700539,-0.004314004245179797,-0.014598569864006592,-0.9223835715929167,-0.38597515202509175
1763658779.0926309,766464.2331228463,3404387.7746268315,78.94387194700539,-0.004447708690528616,-0.014500805229686565,-0.9223838555598097,-0.3859766411814514
1763658779.103499,766464.2331228463,3404387.7746268315,78.94387194700539,-0.004495275498244272,-0.014397605577023095,-0.922387321792429,-0.38597167000757127
1763658779.1127121,766462.8858571514,3404389.0910545755,78.9673008788377,-0.004452893252977369,-0.014349841742456366,-0.9223924029001708,-0.38596179714538187
1763658779.122698,766462.8858571514,3404389.0910545755,78.9673008788377,-0.004601946159435781,-0.014288853817181202,-0.9223913364265786,-0.38596486010170294
1763658779.1327264,766462.8858571514,3404389.0910545755,78.9673008788377,-0.004686610250533104,-0.014296238107494395,-0.9223900781528521,-0.38596657495890546
1763658779.1428216,766462.8858571514,3404389.0910545755,78.9673008788377,-0.004823438003494554,-0.01430868553786795,-0.9223855124112492,-0.3859753391835315
1763658779.1527798,766462.8858571514,3404389.0910545755,78.9673008788377,-0.0048823468928905775,-0.014322041510198993,-0.9223858067833469,-0.3859733996798636
1763658779.1624968,766462.8858571514,3404389.0910545755,78.9673008788377,-0.004843580725041964,-0.014314510540115722,-0.9223917414738492,-0.38595998468053205
1763658779.172472,766462.8858571514,3404389.0910545755,78.9673008788377,-0.004926492668581269,-0.014195449017642447,-0.9224008269535316,-0.3859416190729042
1763658779.1826096,766462.8858571514,3404389.0910545755,78.9673008788377,-0.004893472587059794,-0.014109144956741808,-0.9224084329903377,-0.38592702510052196
1763658779.1926386,766462.8858571514,3404389.0910545755,78.9673008788377,-0.0049022501995560205,-0.014040796715666567,-0.9224135137032167,-0.3859172627756578
1763658779.203516,766462.8858571514,3404389.0910545755,78.9673008788377,-0.00498553451416168,-0.013978456373853705,-0.9224140962881098,-0.38591706644304047
1763658779.2129323,766461.5447235211,3404390.4050697936,78.99263322260231,-0.005026369090538489,-0.013894235387463982,-0.9224169684963444,-0.385912713015233
1763658779.2227495,766461.5447235211,3404390.4050697936,78.99263322260231,-0.005076593011775666,-0.013762553271929032,-0.9224242271645999,-0.38589942403509836
1763658779.232751,766461.5447235211,3404390.4050697936,78.99263322260231,-0.005013699640405587,-0.01369375216510012,-0.9224334974058963,-0.3858805344029197
1763658779.2428577,766461.5447235211,3404390.4050697936,78.99263322260231,-0.004917954200176415,-0.013647089451042125,-0.9224416547069372,-0.3858639194554575
1763658779.2530394,766461.5447235211,3404390.4050697936,78.99263322260231,-0.005030993462371152,-0.01355123704387936,-0.9224492548114331,-0.385847671208722
1763658779.2627442,766461.5447235211,3404390.4050697936,78.99263322260231,-0.00509493007794931,-0.013504797886857888,-0.9224545673955347,-0.3858357593752203
1763658779.2727544,766461.5447235211,3404390.4050697936,78.99263322260231,-0.005016759245446489,-0.013524856150599337,-0.9224626733881347,-0.38581670077692926
1763658779.282769,766461.5447235211,3404390.4050697936,78.99263322260231,-0.004970823769514692,-0.013502444155584466,-0.9224734684430168,-0.38579226914440407
1763658779.2928529,766461.5447235211,3404390.4050697936,78.99263322260231,-0.004894484706685425,-0.013476223350684872,-0.9224851603921626,-0.38576620417022617
1763658779.3037655,766461.5447235211,3404390.4050697936,78.99263322260231,-0.004913868353431004,-0.013398643130120604,-0.922499382447922,-0.385734649264594
1763658779.3128054,766460.1980456985,3404391.718783338,79.01470189914107,-0.004937891382295151,-0.013389016976655932,-0.922505273979003,-0.385720586609038
1763658779.3224835,766460.1980456985,3404391.718783338,79.01470189914107,-0.004862499478997458,-0.013434271603063815,-0.9225065130366401,-0.3857170074682875
1763658779.3325293,766460.1980456985,3404391.718783338,79.01470189914107,-0.004869581526281315,-0.013450679441419724,-0.9225062600001448,-0.38571695147979707
1763658779.3427503,766460.1980456985,3404391.718783338,79.01470189914107,-0.0049407695818291545,-0.01340941949739474,-0.9225044751535214,-0.3857217515080115
1763658779.3528216,766460.1980456985,3404391.718783338,79.01470189914107,-0.004730280651329206,-0.013417049353993297,-0.9225069939204504,-0.3857181009486674
1763658779.3627799,766460.1980456985,3404391.718783338,79.01470189914107,-0.004844972128695397,-0.013270222649880852,-0.9225109820725561,-0.38571221835900243
1763658779.37273,766460.1980456985,3404391.718783338,79.01470189914107,-0.004715423158016994,-0.013259455693416109,-0.9225163981395501,-0.385701240317926
1763658779.3828154,766460.1980456985,3404391.718783338,79.01470189914107,-0.004746165021803205,-0.013238118641886377,-0.9225193473410718,-0.385694542240115
1763658779.3926673,766460.1980456985,3404391.718783338,79.01470189914107,-0.004732188160465351,-0.013289800204066648,-0.9225185192538425,-0.38569491731088146
1763658779.403438,766460.1980456985,3404391.718783338,79.01470189914107,-0.004610783667714216,-0.013380300588108178,-0.9225159050038956,-0.3856995115954708
1763658779.412544,766458.8542755938,3404393.0334613984,79.0503450781107,-0.004654776031247089,-0.013369307164873254,-0.922513803522012,-0.3857043906897883
1763658779.4225116,766458.8542755938,3404393.0334613984,79.0503450781107,-0.004605206630767949,-0.01340954306897961,-0.9225118935847931,-0.3857081570581159
1763658779.4325707,766458.8542755938,3404393.0334613984,79.0503450781107,-0.0045306550364445355,-0.013435369551950072,-0.9225115667422017,-0.38570892294162934
1763658779.4425364,766458.8542755938,3404393.0334613984,79.0503450781107,-0.004620521973439995,-0.013429016493222947,-0.9225104643670203,-0.38571071468921153
1763658779.4525046,766458.8542755938,3404393.0334613984,79.0503450781107,-0.004561579433067311,-0.01348088735013716,-0.9225094412507456,-0.3857120538336412
1763658779.4624774,766458.8542755938,3404393.0334613984,79.0503450781107,-0.00455172359599278,-0.013495039308341266,-0.9225117257086148,-0.38570621158659807
1763658779.4725974,766458.8542755938,3404393.0334613984,79.0503450781107,-0.004613331304784269,-0.013523861519854147,-0.9225117889697878,-0.38570431881899614
1763658779.4825068,766458.8542755938,3404393.0334613984,79.0503450781107,-0.004513558497475408,-0.013629663121438105,-0.9225165800814206,-0.3856903156001791
1763658779.4926915,766458.8542755938,3404393.0334613984,79.0503450781107,-0.004525359776611409,-0.013683914471076114,-0.9225178776978942,-0.38568515259394365
1763658779.5034316,766458.8542755938,3404393.0334613984,79.0503450781107,-0.004543829425826929,-0.0137095750514834,-0.922521870020737,-0.38567447478346173
1763658779.512909,766457.5133995304,3404394.343763563,79.07613107655197,-0.004442283134657883,-0.013763741484188546,-0.9225256650791573,-0.3856646507150564
1763658779.5226197,766457.5133995304,3404394.343763563,79.07613107655197,-0.004544947883795339,-0.013707867566053399,-0.9225314241373754,-0.3856516683415116
1763658779.5325987,766457.5133995304,3404394.343763563,79.07613107655197,-0.004516986323013755,-0.013687925088944907,-0.9225398528824813,-0.38563254191637747
1763658779.5425887,766457.5133995304,3404394.343763563,79.07613107655197,-0.004524639610727157,-0.013624154929768319,-0.9225501652771484,-0.38561003952950823
1763658779.5526116,766457.5133995304,3404394.343763563,79.07613107655197,-0.004609901399115483,-0.013532991709685496,-0.9225610808270384,-0.3855861240860762
1763658779.56251,766457.5133995304,3404394.343763563,79.07613107655197,-0.004623030448937906,-0.013495682345757602,-0.92257087943443,-0.38556382943304324
1763658779.5725658,766457.5133995304,3404394.343763563,79.07613107655197,-0.00467059459623598,-0.013457576855449464,-0.9225789341906767,-0.3855453142743304
1763658779.5826252,766457.5133995304,3404394.343763563,79.07613107655197,-0.004771068726167657,-0.013371189132659854,-0.9225853625145991,-0.3855317069686937
1763658779.5957596,766457.5133995304,3404394.343763563,79.07613107655197,-0.004814000410251587,-0.013278038947317251,-0.9225948328166155,-0.3855117294478145
1763658779.6034572,766457.5133995304,3404394.343763563,79.07613107655197,-0.0049915418749754345,-0.013123447689484317,-0.9226071987410975,-0.38548517022261275
1763658779.6126754,766456.1711816667,3404395.649975858,79.09594183694571,-0.005116087287159258,-0.013015940172483323,-0.9226241893842981,-0.3854465152459725
1763658779.6227415,766456.1711816667,3404395.649975858,79.09594183694571,-0.00529026699072156,-0.01296272149773401,-0.9226416689739727,-0.38540411466337704
1763658779.6328757,766456.1711816667,3404395.649975858,79.09594183694571,-0.005421800208083659,-0.012960972107273783,-0.9226529697512589,-0.38537529071506466
1763658779.6428032,766456.1711816667,3404395.649975858,79.09594183694571,-0.005568391009987291,-0.01290463550822668,-0.9226664747979223,-0.3853427561119256
1763658779.6528344,766456.1711816667,3404395.649975858,79.09594183694571,-0.0058306792653870995,-0.012809837723412949,-0.9226756314294318,-0.3853201141948128
1763658779.6627922,766456.1711816667,3404395.649975858,79.09594183694571,-0.005930013577268781,-0.012768002899662692,-0.9226884152223704,-0.3852893736600559
1763658779.6726568,766456.1711816667,3404395.649975858,79.09594183694571,-0.0060507938737162335,-0.012728770868426028,-0.922700723933606,-0.38525931570576766
1763658779.682556,766456.1711816667,3404395.649975858,79.09594183694571,-0.006066870266016655,-0.01272726683668353,-0.9227107220529399,-0.3852351660642955
1763658779.6928866,766456.1711816667,3404395.649975858,79.09594183694571,-0.0060221482996979745,-0.012691065337768766,-0.9227227563063117,-0.3852082366525043
1763658779.70351,766456.1711816667,3404395.649975858,79.09594183694571,-0.006204804057240896,-0.012596200994342128,-0.9227296883648308,-0.38519184614586977
1763658779.7124963,766454.8344241355,3404396.955128067,79.11373943649232,-0.006069227247172253,-0.01261702006319137,-0.9227377079264174,-0.38517411342930197
1763658779.7232554,766454.8344241355,3404396.955128067,79.11373943649232,-0.006117888460193093,-0.012536039853694905,-0.9227465798265744,-0.38515473327473815
1763658779.7326787,766454.8344241355,3404396.955128067,79.11373943649232,-0.006166246326208489,-0.012437778781713274,-0.9227575300175772,-0.3851309126272284
1763658779.7425525,766454.8344241355,3404396.955128067,79.11373943649232,-0.006184471100302602,-0.012396315602559752,-0.922768968079225,-0.38510455103347374
1763658779.752519,766454.8344241355,3404396.955128067,79.11373943649232,-0.006208034788596736,-0.012436350593133694,-0.9227728088606149,-0.38509367784407894
1763658779.7627673,766454.8344241355,3404396.955128067,79.11373943649232,-0.006042269490819682,-0.012563732437794753,-0.9227746695154859,-0.3850877210548492
1763658779.772678,766454.8344241355,3404396.955128067,79.11373943649232,-0.006055848480247891,-0.012591962181056151,-0.9227763796859398,-0.38508248763261765
1763658779.7827446,766454.8344241355,3404396.955128067,79.11373943649232,-0.006008218334779648,-0.012621159304614457,-0.922782083335185,-0.38506860989416547
1763658779.7928445,766454.8344241355,3404396.955128067,79.11373943649232,-0.005787920243748816,-0.012675719283075959,-0.922800300948828,-0.38502653244764967
1763658779.8036757,766454.8344241355,3404396.955128067,79.11373943649232,-0.005667327881188158,-0.012747859975186232,-0.9228156140617289,-0.3849892412842398
1763658779.8237317,766453.4935948527,3404398.2652304065,79.15429808665067,-0.005458172343827951,-0.012876939852126349,-0.9228306632035816,-0.38495189287227455
1763658779.8239002,766453.4935948527,3404398.2652304065,79.15429808665067,-0.005456312706047638,-0.012967782310413508,-0.9228345236769815,-0.3849396149832883
1763658779.8325744,766453.4935948527,3404398.2652304065,79.15429808665067,-0.005416335143779724,-0.013063966965601637,-0.9228353658336128,-0.38493490832538674
1763658779.8427434,766453.4935948527,3404398.2652304065,79.15429808665067,-0.0053529433448209224,-0.013135363448389854,-0.9228368049913679,-0.3849299151507323
1763658779.8525836,766453.4935948527,3404398.2652304065,79.15429808665067,-0.005336789529504723,-0.013164345818389059,-0.9228422742064182,-0.38491603709668687
1763658779.8625388,766453.4935948527,3404398.2652304065,79.15429808665067,-0.005209923528687203,-0.013237658555125834,-0.9228541504017775,-0.3848867861839587
1763658779.8725705,766453.4935948527,3404398.2652304065,79.15429808665067,-0.005114738323830533,-0.01330346482523399,-0.9228688833121379,-0.38485046640186116
1763658779.882504,766453.4935948527,3404398.2652304065,79.15429808665067,-0.0050476908336876064,-0.013398457586740502,-0.922879811528788,-0.38482184920315116
1763658779.892609,766453.4935948527,3404398.2652304065,79.15429808665067,-0.005047679346209131,-0.013527973731198932,-0.9228842032374047,-0.38480678564028276
1763658779.9033587,766453.4935948527,3404398.2652304065,79.15429808665067,-0.005103776963430241,-0.0136583143798528,-0.9228831997110749,-0.3848038482136799
1763658779.9125764,766452.1522101744,3404399.568107981,79.17894775792956,-0.005056629138934534,-0.013724866931611627,-0.9228916349758434,-0.38478187148185067
1763658779.9224825,766452.1522101744,3404399.568107981,79.17894775792956,-0.005048136915411798,-0.013704470897458736,-0.9229065613759655,-0.3847469074083578
1763658779.9325202,766452.1522101744,3404399.568107981,79.17894775792956,-0.005003408059469435,-0.01370959733486537,-0.9229228956389014,-0.38470812514711966
1763658779.9425616,766452.1522101744,3404399.568107981,79.17894775792956,-0.0049035116437250795,-0.013815057703813334,-0.9229349149490709,-0.38467680268265697
1763658779.9526155,766452.1522101744,3404399.568107981,79.17894775792956,-0.0050189545316101135,-0.013866715909824037,-0.9229379060675895,-0.3846662785179633
1763658779.9625921,766452.1522101744,3404399.568107981,79.17894775792956,-0.005018733669549327,-0.013967232720205308,-0.922941228426035,-0.38465467317314006
1763658779.972566,766452.1522101744,3404399.568107981,79.17894775792956,-0.005063888294495376,-0.014050054063382134,-0.9229440509318165,-0.384644292646759
1763658779.9825826,766452.1522101744,3404399.568107981,79.17894775792956,-0.005078278485086577,-0.014140218548372852,-0.9229486509728071,-0.3846297609058712
1763658779.9926822,766452.1522101744,3404399.568107981,79.17894775792956,-0.005116426899531684,-0.014157103387447217,-0.9229571736081366,-0.384608182810427
1763658780.0052466,766452.1522101744,3404399.568107981,79.17894775792956,-0.005260568077564016,-0.014125573633348865,-0.9229691006513208,-0.3845787745520056
1763658780.0129511,766452.1522101744,3404399.568107981,79.17894775792956,-0.005458280567482014,-0.01415857081431834,-0.9229764291765665,-0.3845572171084778
1763658780.026784,766450.8140956104,3404400.875059492,79.21145177446306,-0.005430210028280241,-0.014319218257909888,-0.9229828032690534,-0.3845363671710789
1763658780.0331345,766450.8140956104,3404400.875059492,79.21145177446306,-0.005505840627320247,-0.014388367343852904,-0.9229898976290614,-0.38451568170733963
1763658780.044024,766450.8140956104,3404400.875059492,79.21145177446306,-0.005498869990053623,-0.014400473831147847,-0.9230020434635626,-0.3844861721107255
1763658780.0529475,766450.8140956104,3404400.875059492,79.21145177446306,-0.005500344052410319,-0.01432712848858064,-0.923020425243285,-0.384444760906274
1763658780.0640435,766450.8140956104,3404400.875059492,79.21145177446306,-0.00550658143232436,-0.014270212010349385,-0.9230389884556526,-0.3844022169562429
1763658780.0726736,766450.8140956104,3404400.875059492,79.21145177446306,-0.005477249569419797,-0.014278798898252463,-0.9230508004575593,-0.3843739525694169
1763658780.0825782,766450.8140956104,3404400.875059492,79.21145177446306,-0.005581910237009832,-0.01428991291654762,-0.9230590890218904,-0.38435212870624463
1763658780.092965,766450.8140956104,3404400.875059492,79.21145177446306,-0.005647792767511033,-0.014374084881864866,-0.9230610038447231,-0.38434342885216116
1763658780.103523,766450.8140956104,3404400.875059492,79.21145177446306,-0.0056403672398706445,-0.01443093434906652,-0.9230670155311456,-0.3843269691677078
1763658780.112802,766449.4777421188,3404402.1761045707,79.23459800519049,-0.005738014826177143,-0.01439504377347197,-0.923077545790917,-0.38430157735459736
1763658780.1228185,766449.4777421188,3404402.1761045707,79.23459800519049,-0.005722690669544065,-0.014364209864314838,-0.9230910250829868,-0.3842705813586505
1763658780.1329138,766449.4777421188,3404402.1761045707,79.23459800519049,-0.005766313681109038,-0.014321494107860992,-0.9231052721158841,-0.3842372978055479
1763658780.1427677,766449.4777421188,3404402.1761045707,79.23459800519049,-0.00582594345398701,-0.014337323878176787,-0.9231148905772153,-0.38421269932356367
1763658780.1529984,766449.4777421188,3404402.1761045707,79.23459800519049,-0.005808107394216044,-0.014375034080602086,-0.9231253551882994,-0.3841864168501467
1763658780.1628742,766449.4777421188,3404402.1761045707,79.23459800519049,-0.005895416537890574,-0.014361297246005994,-0.9231360133591735,-0.3841599901663219
1763658780.1727915,766449.4777421188,3404402.1761045707,79.23459800519049,-0.005962811643630724,-0.014336116757407013,-0.9231498272685463,-0.38412669400560223
1763658780.1827035,766449.4777421188,3404402.1761045707,79.23459800519049,-0.005820005455318105,-0.014356316205572366,-0.923165414881441,-0.38409066701533257
1763658780.1927602,766449.4777421188,3404402.1761045707,79.23459800519049,-0.00593557928517067,-0.014226937826526478,-0.9231769536889537,-0.38406597781658963
1763658780.203484,766449.4777421188,3404402.1761045707,79.23459800519049,-0.0059035191935958185,-0.014167870253187501,-0.9231888731640165,-0.3840400036191189
1763658780.2127857,766448.1405182828,3404403.4739105077,79.25719199236482,-0.005882119216206322,-0.014160867718963285,-0.9231985362799074,-0.38401736042737517
1763658780.2229013,766448.1405182828,3404403.4739105077,79.25719199236482,-0.005929370024392248,-0.014162492580359641,-0.9232064125921755,-0.38399763817465193
1763658780.232816,766448.1405182828,3404403.4739105077,79.25719199236482,-0.005904726558666755,-0.014155319445764333,-0.9232154271068447,-0.3839766090370373
1763658780.2429533,766448.1405182828,3404403.4739105077,79.25719199236482,-0.0058977215451762,-0.014068042157738988,-0.923226052632536,-0.3839543759497601
1763658780.2531211,766448.1405182828,3404403.4739105077,79.25719199236482,-0.005971542445497534,-0.01390038786365964,-0.923240130831025,-0.38392548850157543
1763658780.263168,766448.1405182828,3404403.4739105077,79.25719199236482,-0.0058898101899927694,-0.013811596252750882,-0.9232542240968189,-0.38389606358004985
1763658780.2730508,766448.1405182828,3404403.4739105077,79.25719199236482,-0.005878529633062301,-0.013735996126411212,-0.9232681135519019,-0.38386554390578054
1763658780.2917585,766448.1405182828,3404403.4739105077,79.25719199236482,-0.005912566940357045,-0.01369460268078533,-0.9232783557240944,-0.3838418649144507
1763658780.2929263,766448.1405182828,3404403.4739105077,79.25719199236482,-0.005772627169298936,-0.013738347597025871,-0.9232911794982064,-0.3838115845589844
1763658780.303778,766448.1405182828,3404403.4739105077,79.25719199236482,-0.005776990348407454,-0.013696020693408435,-0.9233026061042939,-0.3837855429282072
1763658780.3157392,766446.8039214798,3404404.770647662,79.2864361749962,-0.005710715684595998,-0.01363997460582509,-0.9233139110080393,-0.3837613328074638
1763658780.322514,766446.8039214798,3404404.770647662,79.2864361749962,-0.005711788145575962,-0.013536147100671674,-0.9233284978576861,-0.3837298962052836
1763658780.3324883,766446.8039214798,3404404.770647662,79.2864361749962,-0.0056798702679801225,-0.013492212623388039,-0.9233367975330244,-0.3837119461180775
1763658780.3425505,766446.8039214798,3404404.770647662,79.2864361749962,-0.005591831531047563,-0.013482845939230404,-0.92334880406749,-0.38368467562914643
1763658780.3525994,766446.8039214798,3404404.770647662,79.2864361749962,-0.0056658284915635255,-0.013458625027599029,-0.9233519321318897,-0.383676912555573
1763658780.362589,766446.8039214798,3404404.770647662,79.2864361749962,-0.005635808926582679,-0.013440469674891294,-0.9233559207335937,-0.38366839207690684
1763658780.3726497,766446.8039214798,3404404.770647662,79.2864361749962,-0.005592591377002171,-0.013360167660448381,-0.9233605928426714,-0.3836605849276224
1763658780.3825893,766446.8039214798,3404404.770647662,79.2864361749962,-0.005554333552557878,-0.013256107732563147,-0.9233697295401111,-0.3836427603325675
1763658780.3925014,766446.8039214798,3404404.770647662,79.2864361749962,-0.005355053010038326,-0.01317727169658547,-0.9233825785112428,-0.38361738310434057
1763658780.4034371,766446.8039214798,3404404.770647662,79.2864361749962,-0.0053724672756963795,-0.01303700264244706,-0.9233938698003215,-0.3835947527960459
1763658780.4125266,766445.4656615534,3404406.0627729846,79.31344035919756,-0.0052980460588932556,-0.01300270002575949,-0.9234013893042189,-0.3835788507348084
1763658780.422599,766445.4656615534,3404406.0627729846,79.31344035919756,-0.00528926802505639,-0.012993754789572,-0.9234069469074159,-0.3835658957511112
1763658780.432641,766445.4656615534,3404406.0627729846,79.31344035919756,-0.005419056545536814,-0.012956800364551848,-0.9234117512211231,-0.3835537678829503
1763658780.4426668,766445.4656615534,3404406.0627729846,79.31344035919756,-0.005376996265155984,-0.013013167026871572,-0.9234141577064277,-0.38354665784285497
1763658780.4525826,766445.4656615534,3404406.0627729846,79.31344035919756,-0.00534623838328476,-0.013038087867551744,-0.9234175554693584,-0.38353806101989607
1763658780.4625127,766445.4656615534,3404406.0627729846,79.31344035919756,-0.0053764586219241395,-0.013026253362932883,-0.9234212194154665,-0.3835292191597204
1763658780.4729888,766445.4656615534,3404406.0627729846,79.31344035919756,-0.005360439851665001,-0.013035942491005348,-0.9234293872760664,-0.38350944786656355
1763658780.4825113,766445.4656615534,3404406.0627729846,79.31344035919756,-0.0054214919355243425,-0.01303819697775861,-0.9234364554920191,-0.3834914934038275
1763658780.492571,766445.4656615534,3404406.0627729846,79.31344035919756,-0.005561865946215945,-0.013059836110226819,-0.9234437735920445,-0.38347112452185406
1763658780.5036077,766445.4656615534,3404406.0627729846,79.31344035919756,-0.005595388509150062,-0.013131651885478976,-0.923449141750069,-0.38345525677352676
1763658780.512689,766444.1265515019,3404407.360153143,79.34354614466429,-0.005637170392630371,-0.013169517957162495,-0.9234561294177325,-0.383436517754322
1763658780.5235968,766444.1265515019,3404407.360153143,79.34354614466429,-0.005751121066570346,-0.013158899994773359,-0.9234616933854104,-0.383421789687487
1763658780.5328352,766444.1265515019,3404407.360153143,79.34354614466429,-0.005828451654041179,-0.01313504187656733,-0.9234683947790974,-0.38340529948128604
1763658780.5428267,766444.1265515019,3404407.360153143,79.34354614466429,-0.006031460407129742,-0.013051887452834848,-0.9234775505107584,-0.3833829461803498
1763658780.552553,766444.1265515019,3404407.360153143,79.34354614466429,-0.006223693597212238,-0.013008538712894783,-0.9234838621284067,-0.3833661434542243
1763658780.562586,766444.1265515019,3404407.360153143,79.34354614466429,-0.006220850134305859,-0.013049876777175168,-0.9234940525115647,-0.38334023623339436
1763658780.5725486,766444.1265515019,3404407.360153143,79.34354614466429,-0.006309578308462713,-0.013066887257592795,-0.9235023049000659,-0.3833183253162217
1763658780.5828812,766444.1265515019,3404407.360153143,79.34354614466429,-0.006434291288184256,-0.013058879178193872,-0.9235102237145387,-0.3832974462019685
1763658780.5928524,766444.1265515019,3404407.360153143,79.34354614466429,-0.006419319637627584,-0.013061288609134289,-0.9235248894394945,-0.38326227789991013
1763658780.603707,766444.1265515019,3404407.360153143,79.34354614466429,-0.00647905947875535,-0.013036646085733782,-0.9235412482419321,-0.38322269040707946
1763658780.612698,766442.7959753918,3404408.6527437046,79.37113602738827,-0.006464083136946322,-0.013019749306594318,-0.9235583043891102,-0.3831824110669794
1763658780.6227415,766442.7959753918,3404408.6527437046,79.37113602738827,-0.006507447698184198,-0.013013375905937442,-0.923574677942826,-0.38314242708788004
1763658780.632597,766442.7959753918,3404408.6527437046,79.37113602738827,-0.0066714241276949054,-0.012978675898750165,-0.9235871113085595,-0.38311081151115306
1763658780.6425338,766442.7959753918,3404408.6527437046,79.37113602738827,-0.006511064906775042,-0.013056315343450612,-0.9236030317985862,-0.3830725496768101
1763658780.6527066,766442.7959753918,3404408.6527437046,79.37113602738827,-0.006603029314664388,-0.013043337810365128,-0.923620339602544,-0.3830296850312199
1763658780.6625795,766442.7959753918,3404408.6527437046,79.37113602738827,-0.006649396164524456,-0.01308637531374635,-0.9236352575691678,-0.3829914402267133
1763658780.6726072,766442.7959753918,3404408.6527437046,79.37113602738827,-0.006664522818786199,-0.013115395645109856,-0.9236526552467148,-0.3829482249447877
1763658780.6825018,766442.7959753918,3404408.6527437046,79.37113602738827,-0.006737801723115432,-0.013141583264554502,-0.9236683811452511,-0.38290811233212557
1763658780.6925027,766442.7959753918,3404408.6527437046,79.37113602738827,-0.006762541074316413,-0.013197364384007173,-0.9236823008750794,-0.3828721779675991
1763658780.7034502,766442.7959753918,3404408.6527437046,79.37113602738827,-0.0067889390596030455,-0.013268768752855492,-0.9236960778039434,-0.382836003964935
1763658780.71258,766441.4645608942,3404409.940555483,79.39329971186817,-0.006900527779780993,-0.013309071919521982,-0.9237083142437783,-0.38280308451985945
1763658780.72264,766441.4645608942,3404409.940555483,79.39329971186817,-0.00676401196687426,-0.013399218850474542,-0.9237209059246314,-0.3827719909216022
1763658780.7326694,766441.4645608942,3404409.940555483,79.39329971186817,-0.0067912405618141235,-0.013353982583787193,-0.9237367057659678,-0.3827349587134957
1763658780.742575,766441.4645608942,3404409.940555483,79.39329971186817,-0.0068600761817333746,-0.01327773022328017,-0.9237484511598468,-0.38270803521050156
1763658780.752666,766441.4645608942,3404409.940555483,79.39329971186817,-0.0068593373274979125,-0.013190783258674052,-0.9237621369353104,-0.3826780201333217
1763658780.7626486,766441.4645608942,3404409.940555483,79.39329971186817,-0.006887389225939298,-0.013081753766928356,-0.9237747702102014,-0.3826507618065345
1763658780.7726762,766441.4645608942,3404409.940555483,79.39329971186817,-0.006957663711408341,-0.01298481404697841,-0.9237841424708276,-0.3826301656159404
1763658780.7825806,766441.4645608942,3404409.940555483,79.39329971186817,-0.006907428093258323,-0.01296627512993961,-0.9237916962982109,-0.3826134668263325
1763658780.7925456,766441.4645608942,3404409.940555483,79.39329971186817,-0.007127659911761584,-0.01291533133304846,-0.9237934684699117,-0.38260687172745617
1763658780.8035295,766441.4645608942,3404409.940555483,79.39329971186817,-0.00714109345964192,-0.012997700384409767,-0.9237946941697999,-0.3826008724410386
1763658780.81274,766440.1298796565,3404411.2260422558,79.42434928193688,-0.0071968229571263195,-0.013057381343385206,-0.923796700802984,-0.3825929509508757
1763658780.827792,766440.1298796565,3404411.2260422558,79.42434928193688,-0.007318471655863913,-0.01307926367876675,-0.92380269496143,-0.3825754221277714
1763658780.8325303,766440.1298796565,3404411.2260422558,79.42434928193688,-0.007324348338450103,-0.01315850417498954,-0.9238099350736689,-0.3825551091653035
1763658780.8426962,766440.1298796565,3404411.2260422558,79.42434928193688,-0.007379424281927942,-0.013229407162262953,-0.9238172454180098,-0.3825339513712253
1763658780.8525772,766440.1298796565,3404411.2260422558,79.42434928193688,-0.007430709664350102,-0.013310646984446665,-0.9238199022953214,-0.3825237239097759
1763658780.8626165,766440.1298796565,3404411.2260422558,79.42434928193688,-0.007483599966905915,-0.013325351379206297,-0.9238208701823374,-0.3825198433515642
1763658780.8725257,766440.1298796565,3404411.2260422558,79.42434928193688,-0.007600950271861485,-0.013278848815543459,-0.9238254136534025,-0.3825081735299499
1763658780.883196,766440.1298796565,3404411.2260422558,79.42434928193688,-0.007575337708243905,-0.013261699581043318,-0.9238331643935035,-0.3824905566801802
1763658780.8926644,766440.1298796565,3404411.2260422558,79.42434928193688,-0.007581990784994782,-0.013190631660930848,-0.9238434347676465,-0.3824680753851738
1763658780.9034057,766440.1298796565,3404411.2260422558,79.42434928193688,-0.0075898679893446706,-0.013123809104988261,-0.9238514490823577,-0.3824508590223167
1763658780.9126835,766438.7982075056,3404412.5132548604,79.46146524883807,-0.0077291290940549855,-0.01303573563175156,-0.9238543828764307,-0.382443995115619
1763658780.9226475,766438.7982075056,3404412.5132548604,79.46146524883807,-0.007757863593330137,-0.01310157000929019,-0.9238522804581905,-0.3824462423765727
1763658780.9328687,766438.7982075056,3404412.5132548604,79.46146524883807,-0.007799477026601334,-0.013193119504677721,-0.9238505512484408,-0.38244642593937056
1763658780.9427118,766438.7982075056,3404412.5132548604,79.46146524883807,-0.007818245391884877,-0.01325624414310875,-0.9238529122550276,-0.3824381565013026
1763658780.9558446,766438.7982075056,3404412.5132548604,79.46146524883807,-0.007889558255940645,-0.013209896015560363,-0.9238630782847012,-0.38241373680883967
1763658780.9638515,766438.7982075056,3404412.5132548604,79.46146524883807,-0.007804745532509311,-0.013229517780561532,-0.923877044934152,-0.38238105555872554
1763658780.9757476,766438.7982075056,3404412.5132548604,79.46146524883807,-0.007825159667434184,-0.013242583092763955,-0.9238860635757897,-0.38235839522579085
1763658780.9825838,766438.7982075056,3404412.5132548604,79.46146524883807,-0.007786094037515204,-0.013308622448298562,-0.9238929045413966,-0.3823403696266319
1763658780.9927042,766438.7982075056,3404412.5132548604,79.46146524883807,-0.008035394632002575,-0.013290852852696468,-0.9238938424701439,-0.382333563147821
1763658781.0049195,766438.7982075056,3404412.5132548604,79.46146524883807,-0.007936728339948008,-0.013363320286401676,-0.9239010231103573,-0.3823157458303492
1763658781.012758,766438.7982075056,3404412.5132548604,79.46146524883807,-0.007854794063080909,-0.013363364554846914,-0.9239122587593983,-0.38229028343930965
1763658781.026552,766437.4642352185,3404413.796615415,79.49620531406254,-0.00775143695653345,-0.01331439805214811,-0.9239265871043317,-0.3822594716568309
1763658781.039979,766437.4642352185,3404413.796615415,79.49620531406254,-0.007796840218382136,-0.013213236646791473,-0.9239365091619557,-0.3822380759389941
1763658781.0432837,766437.4642352185,3404413.796615415,79.49620531406254,-0.007844109134092565,-0.013170245544990185,-0.9239417271411773,-0.3822259795350851
1763658781.0529225,766437.4642352185,3404413.796615415,79.49620531406254,-0.007797569047005872,-0.013211108757702374,-0.9239458747274025,-0.3822154956259155
1763658781.0717652,766437.4642352185,3404413.796615415,79.49620531406254,-0.007744406404239212,-0.013269240636932106,-0.9239521771080217,-0.3821993273669014
1763658781.07951,766437.4642352185,3404413.796615415,79.49620531406254,-0.007782677393743759,-0.013288763693522271,-0.9239607832445978,-0.3821770659237836
1763658781.083837,766437.4642352185,3404413.796615415,79.49620531406254,-0.007752342784301088,-0.013278400940696393,-0.9239716660678408,-0.3821517310619324
1763658781.0927265,766437.4642352185,3404413.796615415,79.49620531406254,-0.007719699134126668,-0.013258686056193235,-0.9239823069476771,-0.3821273478004291
1763658781.1034849,766437.4642352185,3404413.796615415,79.49620531406254,-0.0076850155013360386,-0.01329632999496651,-0.923988028176731,-0.38211290469112114
1763658781.112624,766436.1317099754,3404415.079521969,79.52834486588836,-0.00763863012842373,-0.013402527755972138,-0.923989820098012,-0.38210579154830265
1763658781.1228676,766436.1317099754,3404415.079521969,79.52834486588836,-0.007721166059636422,-0.01345918107452447,-0.9239863163110488,-0.3821106139711654
1763658781.132969,766436.1317099754,3404415.079521969,79.52834486588836,-0.007747082332150058,-0.01347901309199272,-0.9239875473051099,-0.38210641364218434
1763658781.142857,766436.1317099754,3404415.079521969,79.52834486588836,-0.007717131578775304,-0.013493002043487138,-0.9239914407639644,-0.3820971109168235
1763658781.1532028,766436.1317099754,3404415.079521969,79.52834486588836,-0.007690660660356876,-0.013517670861658162,-0.9239935192668516,-0.38209174639861243
1763658781.1638088,766436.1317099754,3404415.079521969,79.52834486588836,-0.007592516572016504,-0.01352039144188451,-0.9239961925881607,-0.38208714816118167
1763658781.1728313,766436.1317099754,3404415.079521969,79.52834486588836,-0.007702289938334191,-0.013434747991948229,-0.9239925242420577,-0.38209684298733604
1763658781.1825094,766436.1317099754,3404415.079521969,79.52834486588836,-0.007590471032330537,-0.013454024876582989,-0.9239904956415386,-0.38210330792631386
1763658781.1926212,766436.1317099754,3404415.079521969,79.52834486588836,-0.007593958846347054,-0.013439959821638642,-0.9239894849623267,-0.3821061775843028
1763658781.20347,766436.1317099754,3404415.079521969,79.52834486588836,-0.007530153536901117,-0.013465086728091158,-0.9239890665856576,-0.38210756739075535
1763658781.2127838,766434.799088925,3404416.3629686018,79.56942466739565,-0.007613309639824678,-0.01339801553574736,-0.9239878755788062,-0.38211115722966843
1763658781.2226572,766434.799088925,3404416.3629686018,79.56942466739565,-0.007639778425893374,-0.013386654763219125,-0.9239855922692768,-0.3821165483705821
1763658781.2328563,766434.799088925,3404416.3629686018,79.56942466739565,-0.007672086147439652,-0.013446655546703703,-0.9239792674225558,-0.3821290880344385
1763658781.2428286,766434.799088925,3404416.3629686018,79.56942466739565,-0.00762370575906041,-0.013542432134894153,-0.9239749453170238,-0.3821371246931841
1763658781.2529628,766434.799088925,3404416.3629686018,79.56942466739565,-0.007759906348693779,-0.013547194260412034,-0.9239664439285868,-0.38215476953073824
1763658781.2627645,766434.799088925,3404416.3629686018,79.56942466739565,-0.0078039536816625395,-0.01355667173469071,-0.923957396158842,-0.3821754113516267
1763658781.2726834,766434.799088925,3404416.3629686018,79.56942466739565,-0.00781907864187737,-0.013553805058662024,-0.9239522366313523,-0.3821876774590534
1763658781.2837877,766434.799088925,3404416.3629686018,79.56942466739565,-0.007971395566522705,-0.013501937490732235,-0.9239450849276347,-0.38220365588882604
1763658781.2925982,766434.799088925,3404416.3629686018,79.56942466739565,-0.007950486163766254,-0.013462418184357462,-0.9239435465246781,-0.3822092043656054
1763658781.3034153,766434.799088925,3404416.3629686018,79.56942466739565,-0.008100995358222908,-0.013359616688804645,-0.9239396412212977,-0.3822190914854907
1763658781.3125095,766433.4698861658,3404417.639130448,79.5947049036622,-0.008180572153546613,-0.013317547370813173,-0.9239313253242403,-0.3822389661662708
1763658781.32275,766433.4698861658,3404417.639130448,79.5947049036622,-0.008146100079417021,-0.013280680687175016,-0.9239269228673483,-0.3822516262553427
1763658781.3329933,766433.4698861658,3404417.639130448,79.5947049036622,-0.008324026356985065,-0.01314612454339814,-0.923917877586229,-0.38227430658004696
1763658781.342832,766433.4698861658,3404417.639130448,79.5947049036622,-0.008234159709343832,-0.013085180840230292,-0.9239125375248163,-0.3822912497830868
1763658781.3529472,766433.4698861658,3404417.639130448,79.5947049036622,-0.00825079660690193,-0.01299397239874596,-0.9239052226808029,-0.3823116798369993
1763658781.362816,766433.4698861658,3404417.639130448,79.5947049036622,-0.008289007560555466,-0.012912060251762565,-0.9238965234154025,-0.3823346506329875
1763658781.3727696,766433.4698861658,3404417.639130448,79.5947049036622,-0.008289323080927573,-0.012817260425292153,-0.9238877650684899,-0.38235899690578906
1763658781.382547,766433.4698861658,3404417.639130448,79.5947049036622,-0.008390563642211087,-0.012711134114555211,-0.9238785375620443,-0.38238262688504304
1763658781.3925717,766433.4698861658,3404417.639130448,79.5947049036622,-0.008420618260639601,-0.012689816770046656,-0.9238649965756698,-0.3824153891263908
1763658781.4034781,766433.4698861658,3404417.639130448,79.5947049036622,-0.008328184877241502,-0.012693840204084466,-0.9238516447706199,-0.3824495342030683
1763658781.4125278,766432.1383478572,3404418.9185120566,79.6335295746103,-0.008464134907822515,-0.012568368245285084,-0.9238405928244018,-0.3824773896451541
1763658781.4226446,766432.1383478572,3404418.9185120566,79.6335295746103,-0.00840650373961434,-0.01252507990470814,-0.9238264362527278,-0.38251427260801807
1763658781.4327612,766432.1383478572,3404418.9185120566,79.6335295746103,-0.008394054371195944,-0.012417560916875549,-0.9238159821597027,-0.38254329838384726
1763658781.4428728,766432.1383478572,3404418.9185120566,79.6335295746103,-0.008455236177546434,-0.012325609939158605,-0.923799151070005,-0.3825855679493775
1763658781.4526904,766432.1383478572,3404418.9185120566,79.6335295746103,-0.008357567143389009,-0.012263438433465026,-0.9237875982651582,-0.3826176060255503
1763658781.4626822,766432.1383478572,3404418.9185120566,79.6335295746103,-0.008358027302929297,-0.012143606032539205,-0.9237761525550051,-0.382649050936758
1763658781.4795644,766432.1383478572,3404418.9185120566,79.6335295746103,-0.008302819331219406,-0.012066704424608376,-0.9237629181635361,-0.38268463368872097
1763658781.4824846,766432.1383478572,3404418.9185120566,79.6335295746103,-0.008040787302905798,-0.012026489121139641,-0.9237492326482832,-0.3827245281931597
1763658781.495872,766432.1383478572,3404418.9185120566,79.6335295746103,-0.008162454596166076,-0.011821934974063334,-0.92373027811198,-0.3827740710753514
1763658781.5037837,766432.1383478572,3404418.9185120566,79.6335295746103,-0.008065233765410244,-0.011714612321935772,-0.9237126034523767,-0.3828220815022148
1763658781.512717,766430.8088087194,3404420.194373333,79.66511720512062,-0.007964504122304093,-0.011617956107878087,-0.9236927587497097,-0.38287501512022426
1763658781.5226557,766430.8088087194,3404420.194373333,79.66511720512062,-0.007922546046197116,-0.011525983240742527,-0.923672242315352,-0.38292815742722486
1763658781.5326736,766430.8088087194,3404420.194373333,79.66511720512062,-0.007826001283058406,-0.011475015499504778,-0.9236499734138937,-0.3829853839713958
1763658781.5425873,766430.8088087194,3404420.194373333,79.66511720512062,-0.007770382869993746,-0.011399448949211074,-0.9236285204098037,-0.3830405069954148
1763658781.5525794,766430.8088087194,3404420.194373333,79.66511720512062,-0.00777649729782117,-0.011293862647177074,-0.9236043046943987,-0.3831018965056946
1763658781.5626655,766430.8088087194,3404420.194373333,79.66511720512062,-0.007688250466923373,-0.011217996001083684,-0.92358114545303,-0.3831617349555494
1763658781.572635,766430.8088087194,3404420.194373333,79.66511720512062,-0.007692315175579348,-0.011098427157918716,-0.9235581644967727,-0.3832205239717884
1763658781.5825496,766430.8088087194,3404420.194373333,79.66511720512062,-0.007646729911419765,-0.010985355213989224,-0.9235397116999202,-0.38326916182457516
1763658781.5924985,766430.8088087194,3404420.194373333,79.66511720512062,-0.0074668255633117365,-0.010910447118968672,-0.9235217968692956,-0.38331801336094135
1763658781.6034324,766430.8088087194,3404420.194373333,79.66511720512062,-0.007441832818843083,-0.010744638744420673,-0.9235025210337242,-0.38336961995821217
1763658781.6157675,766429.4762944707,3404421.4734745147,79.707659708336,-0.007423203732911297,-0.010583551285333745,-0.9234787280543751,-0.38343177140086326
1763658781.6225138,766429.4762944707,3404421.4734745147,79.707659708336,-0.0072799548566315105,-0.010485460623673087,-0.9234564742706777,-0.3834908049749878
1763658781.6353323,766429.4762944707,3404421.4734745147,79.707659708336,-0.007400061863280012,-0.010311918276801862,-0.923431469228094,-0.3835534187895029
1763658781.6425598,766429.4762944707,3404421.4734745147,79.707659708336,-0.007260650815353986,-0.01026601022425117,-0.923407882055719,-0.38361409690101933
1763658781.6527674,766429.4762944707,3404421.4734745147,79.707659708336,-0.00724039268125707,-0.010169057608869877,-0.92338456789787,-0.38367317699994663
1763658781.6626778,766429.4762944707,3404421.4734745147,79.707659708336,-0.0072099439098533575,-0.01010676713814937,-0.9233578333180263,-0.38373973161124647
1763658781.6728268,766429.4762944707,3404421.4734745147,79.707659708336,-0.007069162489215117,-0.010065799744236888,-0.9233359941110257,-0.3837959726159383
1763658781.682686,766429.4762944707,3404421.4734745147,79.707659708336,-0.00715976659769265,-0.009922311302116378,-0.9233126635815317,-0.3838541529678526
1763658781.6998558,766429.4762944707,3404421.4734745147,79.707659708336,-0.0071733247239288336,-0.009807677481953915,-0.9232943665723043,-0.38390085377693844
1763658781.7053654,766429.4762944707,3404421.4734745147,79.707659708336,-0.0070554843413548176,-0.009779945503470019,-0.9232773305451911,-0.3839447143899808
1763658781.7126038,766428.1530559721,3404422.7521758536,79.74415644165128,-0.007000583629738551,-0.009760073183628726,-0.9232612393935999,-0.3839849171955678
1763658781.7225804,766428.1530559721,3404422.7521758536,79.74415644165128,-0.006933645576122342,-0.009759705236869505,-0.9232429790748848,-0.38403004348832626
1763658781.7327278,766428.1530559721,3404422.7521758536,79.74415644165128,-0.0069957104918926,-0.009708531407300786,-0.9232224620772918,-0.38407953599296407
1763658781.7426794,766428.1530559721,3404422.7521758536,79.74415644165128,-0.006942616621294174,-0.009712041979371411,-0.9231996399467757,-0.3841352640895972
1763658781.7526972,766428.1530559721,3404422.7521758536,79.74415644165128,-0.006904007828998742,-0.00967555596765703,-0.9231763071245755,-0.38419295185680513
1763658781.7626693,766428.1530559721,3404422.7521758536,79.74415644165128,-0.006839059128843489,-0.009594108998083785,-0.9231585814451845,-0.38423874589489243
1763658781.7727537,766428.1530559721,3404422.7521758536,79.74415644165128,-0.006871278469969865,-0.009475815801561465,-0.9231417356339168,-0.384281576943109
1763658781.7840412,766428.1530559721,3404422.7521758536,79.74415644165128,-0.006818537894392558,-0.009412635981189375,-0.9231260265014603,-0.3843218039878734
1763658781.792602,766428.1530559721,3404422.7521758536,79.74415644165128,-0.0066327843939501755,-0.009406112370689546,-0.9231128874548353,-0.3843567720699741
1763658781.8034935,766428.1530559721,3404422.7521758536,79.74415644165128,-0.00670202979779848,-0.009288426094365814,-0.9230980834364451,-0.3843939857662199
1763658781.812907,766426.8224256407,3404424.0275659435,79.7900473671034,-0.006720193097364213,-0.009209798700011393,-0.9230838323062842,-0.3844297818163715
1763658781.8226209,766426.8224256407,3404424.0275659435,79.7900473671034,-0.006698150071159334,-0.009223387334961832,-0.9230675758067681,-0.38446887313007544
1763658781.8326216,766426.8224256407,3404424.0275659435,79.7900473671034,-0.006731107540590253,-0.009229227505653694,-0.9230471106505318,-0.38451728838978205
1763658781.8426082,766426.8224256407,3404424.0275659435,79.7900473671034,-0.006703284292245949,-0.009234486303675685,-0.9230301181729273,-0.38455843663619727
1763658781.8526726,766426.8224256407,3404424.0275659435,79.7900473671034,-0.006831506284059945,-0.00916589839393479,-0.9230092253670376,-0.3846079649667491
1763658781.8626533,766426.8224256407,3404424.0275659435,79.7900473671034,-0.006826888000709379,-0.009185254160660296,-0.9229929959638324,-0.3846465313868546
1763658781.8726773,766426.8224256407,3404424.0275659435,79.7900473671034,-0.006749467838722555,-0.009288895500883092,-0.9229744649335493,-0.38468987273503347
1763658781.88277,766426.8224256407,3404424.0275659435,79.7900473671034,-0.006721516160865697,-0.009328509638106209,-0.9229603445960931,-0.3847232803346999
1763658781.892764,766426.8224256407,3404424.0275659435,79.7900473671034,-0.006907845762150779,-0.0092532880439349,-0.9229411731752513,-0.3847677860543855
1763658781.9034536,766426.8224256407,3404424.0275659435,79.7900473671034,-0.0069488612785159505,-0.009228568637046705,-0.9229209123515825,-0.3848162371729731
1763658781.9125502,766425.506612336,3404425.3115603332,79.82490180060267,-0.006921245011496671,-0.009223114590436841,-0.9229034942047138,-0.3848586375664084
1763658781.92261,766425.506612336,3404425.3115603332,79.82490180060267,-0.00693692151430069,-0.009182436813074558,-0.9228830788955319,-0.3849082808441278
1763658781.932625,766425.506612336,3404425.3115603332,79.82490180060267,-0.006943025389428614,-0.009067542367998878,-0.9228694137695508,-0.3849436571791931
1763658781.9426084,766425.506612336,3404425.3115603332,79.82490180060267,-0.007077713098497829,-0.008945496253033144,-0.9228475634989783,-0.38499643974728115
1763658781.9527514,766425.506612336,3404425.3115603332,79.82490180060267,-0.006945889539285045,-0.00898977344910107,-0.9228270338082796,-0.3850470156545228
1763658781.9625988,766425.506612336,3404425.3115603332,79.82490180060267,-0.006867251098687868,-0.009037747588560716,-0.9228031921468969,-0.3851044384895742
1763658781.972584,766425.506612336,3404425.3115603332,79.82490180060267,-0.006948789240815468,-0.00898158102598106,-0.9227790549703137,-0.3851621233175133
1763658781.9826715,766425.506612336,3404425.3115603332,79.82490180060267,-0.007076588565073804,-0.008889526368566773,-0.9227537086009217,-0.38522265182419985
1763658781.9925702,766425.506612336,3404425.3115603332,79.82490180060267,-0.007043910537474868,-0.008889312681632155,-0.922730492714702,-0.38527886168186243
1763658782.0047925,766425.506612336,3404425.3115603332,79.82490180060267,-0.006992171866142448,-0.008899079222482197,-0.922707326322254,-0.3853350566362006
1763658782.0127594,766425.506612336,3404425.3115603332,79.82490180060267,-0.007012370236278954,-0.008858330972928647,-0.9226868902102925,-0.38538456023834555
1763658782.0263236,766424.1874194234,3404426.587509127,79.85586693137884,-0.007089375305351553,-0.008796404177979705,-0.9226663152742804,-0.38543382660256936
1763658782.0330555,766424.1874194234,3404426.587509127,79.85586693137884,-0.007169616469889098,-0.008761054990478627,-0.9226444992736955,-0.38548536739430245
1763658782.0428379,766424.1874194234,3404426.587509127,79.85586693137884,-0.007095671689740147,-0.00877846100072837,-0.922623804689799,-0.38553586744354895
1763658782.0528378,766424.1874194234,3404426.587509127,79.85586693137884,-0.0071049326816784615,-0.008707137279605507,-0.9226043815981478,-0.3855837921229078
1763658782.062752,766424.1874194234,3404426.587509127,79.85586693137884,-0.007296229408718544,-0.008569174693440889,-0.9225830506613981,-0.3856343461282936
1763658782.0728939,766424.1874194234,3404426.587509127,79.85586693137884,-0.007286993439458038,-0.008552049825900096,-0.9225571693945235,-0.3856968127547247
1763658782.0830069,766424.1874194234,3404426.587509127,79.85586693137884,-0.00736717982003143,-0.00853912542349291,-0.9225303120428248,-0.38575981045291596
1763658782.092707,766424.1874194234,3404426.587509127,79.85586693137884,-0.007441162517717183,-0.008541606103229706,-0.9225005613339347,-0.385829475810412
1763658782.1035566,766424.1874194234,3404426.587509127,79.85586693137884,-0.007479715976257699,-0.008504807288815822,-0.9224788359665369,-0.38588148348387713
1763658782.1126595,766422.8725633653,3404427.8655920317,79.89209776930511,-0.007578562106821397,-0.008458132069578485,-0.9224534454335539,-0.3859412732606505
1763658782.1229255,766422.8725633653,3404427.8655920317,79.89209776930511,-0.007494957521922016,-0.008487033481217437,-0.9224331461678773,-0.3859907858035792
1763658782.1328151,766422.8725633653,3404427.8655920317,79.89209776930511,-0.007512981509951699,-0.008500317161872783,-0.9224099081784118,-0.38604567218306224
1763658782.1433122,766422.8725633653,3404427.8655920317,79.89209776930511,-0.0075878967764896384,-0.008485135213834287,-0.9223886543857758,-0.3860953205664504
1763658782.1527662,766422.8725633653,3404427.8655920317,79.89209776930511,-0.007646771281561358,-0.008491529156951857,-0.9223649857643839,-0.3861505585356725
1763658782.1638083,766422.8725633653,3404427.8655920317,79.89209776930511,-0.007677365748048681,-0.008542757372063434,-0.9223397072894173,-0.38620919682074484
1763658782.1729043,766422.8725633653,3404427.8655920317,79.89209776930511,-0.007747664082755767,-0.008588440348723556,-0.922313949061377,-0.3862682898717479
1763658782.1826503,766422.8725633653,3404427.8655920317,79.89209776930511,-0.0077996611356932035,-0.008613626324106269,-0.9222878718323051,-0.38632894299903875
1763658782.1925833,766422.8725633653,3404427.8655920317,79.89209776930511,-0.007908268953129398,-0.008566751620973168,-0.922268235918297,-0.38637465116772596
1763658782.2034216,766422.8725633653,3404427.8655920317,79.89209776930511,-0.008010507488289933,-0.008515793424697974,-0.9222466498754219,-0.3864251930525349
1763658782.2128546,766421.5602168577,3404429.147668718,79.93275834154338,-0.0080307095814654,-0.00847245027376531,-0.9222300640342793,-0.38646530799194034
1763658782.222862,766421.5602168577,3404429.147668718,79.93275834154338,-0.008143925400598865,-0.008436342186746519,-0.9222089430218773,-0.3865141265465591
1763658782.2326658,766421.5602168577,3404429.147668718,79.93275834154338,-0.00797208044992647,-0.008544277455179777,-0.9221896565010974,-0.38656135179096335
1763658782.2429748,766421.5602168577,3404429.147668718,79.93275834154338,-0.007908570791267966,-0.008605169367429784,-0.9221728113354195,-0.3866014893943457
1763658782.2536385,766421.5602168577,3404429.147668718,79.93275834154338,-0.007909762977569635,-0.008648913683738237,-0.9221512015221718,-0.3866520315127608
1763658782.262815,766421.5602168577,3404429.147668718,79.93275834154338,-0.00793791253290798,-0.008642573230353091,-0.9221337297196801,-0.38669326343479277
1763658782.2733772,766421.5602168577,3404429.147668718,79.93275834154338,-0.008206704869301454,-0.008614594535590527,-0.9221103164584452,-0.3867441053682416
1763658782.282835,766421.5602168577,3404429.147668718,79.93275834154338,-0.008162452425825662,-0.00874052799385584,-0.9220883273514338,-0.3867946407372006
1763658782.2928813,766421.5602168577,3404429.147668718,79.93275834154338,-0.008221497092578224,-0.008818771538919154,-0.9220651852989985,-0.3868467788590524
1763658782.3034635,766421.5602168577,3404429.147668718,79.93275834154338,-0.008218739342999305,-0.008896403986141483,-0.9220448421954535,-0.38689354517811225
1763658782.3127508,766420.2518595227,3404430.428917827,79.97000310197473,-0.008160346994669214,-0.008944614964519686,-0.9220293010722125,-0.3869307051195999
1763658782.3226671,766420.2518595227,3404430.428917827,79.97000310197473,-0.008208031778163052,-0.008936079794510698,-0.9220141520032916,-0.3869659910093985
1763658782.332624,766420.2518595227,3404430.428917827,79.97000310197473,-0.008221248376872183,-0.008928044003393091,-0.9220016015778622,-0.386995798159691
1763658782.3425376,766420.2518595227,3404430.428917827,79.97000310197473,-0.008198021220392466,-0.008952112204212517,-0.9219853029629057,-0.38703456338620734
1763658782.352554,766420.2518595227,3404430.428917827,79.97000310197473,-0.008156045530897632,-0.009000519036647723,-0.921971252040608,-0.3870677976647533
1763658782.362648,766420.2518595227,3404430.428917827,79.97000310197473,-0.008148220014038277,-0.009104284299720275,-0.9219488613525667,-0.38711886490934333
1763658782.3724658,766420.2518595227,3404430.428917827,79.97000310197473,-0.008159336413875872,-0.00917272215836491,-0.9219248039477662,-0.3871743047560923
1763658782.3826256,766420.2518595227,3404430.428917827,79.97000310197473,-0.00829456225796571,-0.009146593421202056,-0.9219013906365178,-0.38722779601700924
1763658782.3927448,766420.2518595227,3404430.428917827,79.97000310197473,-0.008321118532696209,-0.009166128623179361,-0.9218755879941269,-0.3872881889922681
1763658782.407721,766420.2518595227,3404430.428917827,79.97000310197473,-0.008210379722316285,-0.00923402998816587,-0.9218574187743762,-0.38733218534694097
1763658782.4125762,766418.9434917832,3404431.714448953,80.01532490924001,-0.008334997346640385,-0.009248576960002662,-0.9218347027232259,-0.38738323724527385
1763658782.422522,766418.9434917832,3404431.714448953,80.01532490924001,-0.008241418182308289,-0.009342021982569105,-0.9218182145108077,-0.38742223096736195
1763658782.4326327,766418.9434917832,3404431.714448953,80.01532490924001,-0.008310307900900652,-0.009313279482105403,-0.9217987811940149,-0.3874676871651478
1763658782.442651,766418.9434917832,3404431.714448953,80.01532490924001,-0.008295763445839375,-0.009313267569311471,-0.9217820109623212,-0.3875078936257844
1763658782.45258,766418.9434917832,3404431.714448953,80.01532490924001,-0.008176972927614906,-0.009360779980350497,-0.9217631622215938,-0.38755410678142516
1763658782.4626474,766418.9434917832,3404431.714448953,80.01532490924001,-0.008140991156414791,-0.009336424433274074,-0.9217453668135032,-0.387597773728944
1763658782.4727995,766418.9434917832,3404431.714448953,80.01532490924001,-0.008170505366408114,-0.00927828268470684,-0.9217261067650331,-0.3876443478502623
1763658782.4825563,766418.9434917832,3404431.714448953,80.01532490924001,-0.008131556550104219,-0.009238818292992373,-0.9217086267962868,-0.38768766979867275
1763658782.4925714,766418.9434917832,3404431.714448953,80.01532490924001,-0.00818273456798628,-0.009197132545126,-0.921691984014752,-0.3877271491795327
1763658782.503463,766418.9434917832,3404431.714448953,80.01532490924001,-0.008036965657856244,-0.009274223939014906,-0.9216704911892322,-0.3877794497189647
1763658782.5126522,766417.6391036194,3404432.9968371764,80.05585759039968,-0.007944764328187203,-0.009303446926653948,-0.9216491497603883,-0.3878313697227262
1763658782.522544,766417.6391036194,3404432.9968371764,80.05585759039968,-0.008035430666168807,-0.009264807922261522,-0.9216252042464066,-0.38788732653432023
1763658782.5325727,766417.6391036194,3404432.9968371764,80.05585759039968,-0.007999021551131039,-0.009287343111981297,-0.9216048205389642,-0.3879359685199201
1763658782.5425198,766417.6391036194,3404432.9968371764,80.05585759039968,-0.007924554489304118,-0.009312014317639767,-0.9215851776063946,-0.3879835669737629
1763658782.5525272,766417.6391036194,3404432.9968371764,80.05585759039968,-0.007938920505021058,-0.00933987526410444,-0.9215672139412732,-0.38802527038813545
1763658782.56262,766417.6391036194,3404432.9968371764,80.05585759039968,-0.007897660570343103,-0.009412167259776243,-0.9215500462836159,-0.38806513661968534
1763658782.5728416,766417.6391036194,3404432.9968371764,80.05585759039968,-0.008014801141920663,-0.00941961534140266,-0.9215295991869739,-0.3881111073285212
1763658782.582814,766417.6391036194,3404432.9968371764,80.05585759039968,-0.00802820965761148,-0.009438844058626194,-0.9215082689164774,-0.3881610057580327
1763658782.592817,766417.6391036194,3404432.9968371764,80.05585759039968,-0.008012104982675418,-0.009493913242533392,-0.9214873478150711,-0.38820965933608076
1763658782.6035137,766417.6391036194,3404432.9968371764,80.05585759039968,-0.008132995682574098,-0.009490866818365123,-0.9214674929803365,-0.3882543460269268
1763658782.612879,766416.3369461206,3404434.2814885704,80.09507391508669,-0.008178374339538575,-0.009514627332974545,-0.9214506440315992,-0.38829279760720264
1763658782.6226213,766416.3369461206,3404434.2814885704,80.09507391508669,-0.008245646966602536,-0.00952784017882076,-0.9214314074435703,-0.38833669791070496
1763658782.6372275,766416.3369461206,3404434.2814885704,80.09507391508669,-0.008315215591514916,-0.009570434298939827,-0.9214128987910082,-0.38837808115101935
1763658782.643832,766416.3369461206,3404434.2814885704,80.09507391508669,-0.008389967900187053,-0.009624639232744127,-0.9213895834121373,-0.38843044465886245
1763658782.6528282,766416.3369461206,3404434.2814885704,80.09507391508669,-0.008404898317548254,-0.009619017846160077,-0.9213672890806481,-0.3884831409368037
1763658782.662637,766416.3369461206,3404434.2814885704,80.09507391508669,-0.008499458848610577,-0.009545523624118759,-0.9213471734448291,-0.38853060132149964
1763658782.674621,766416.3369461206,3404434.2814885704,80.09507391508669,-0.008533456553194185,-0.009527410385847083,-0.9213311793213717,-0.3885682264170413
1763658782.6826916,766416.3369461206,3404434.2814885704,80.09507391508669,-0.008575800584257767,-0.009522620377506492,-0.9213143442726327,-0.38860732672322823
1763658782.6927392,766416.3369461206,3404434.2814885704,80.09507391508669,-0.008678594253321322,-0.009479066477065224,-0.9212961413079885,-0.3886492625897032
1763658782.7035,766416.3369461206,3404434.2814885704,80.09507391508669,-0.0086542276395207,-0.009487147117331627,-0.921277725145959,-0.38869326149732086
1763658782.7130308,766415.0370477377,3404435.5610035923,80.13391230814159,-0.008592729058498437,-0.00951465570736941,-0.9212630354010705,-0.3887287691150524
1763658782.722583,766415.0370477377,3404435.5610035923,80.13391230814159,-0.008651973427033414,-0.00954106982119719,-0.9212499053825083,-0.388757923617261
1763658782.732746,766415.0370477377,3404435.5610035923,80.13391230814159,-0.00862865004283769,-0.009553492747227832,-0.9212366407429957,-0.38878956895385963
1763658782.742682,766415.0370477377,3404435.5610035923,80.13391230814159,-0.008595837374479037,-0.00954652500207815,-0.9212301372899704,-0.38880587648454906
1763658782.7527215,766415.0370477377,3404435.5610035923,80.13391230814159,-0.008559801578156256,-0.009572916677944476,-0.9212223524845288,-0.38882446726780234
1763658782.7626636,766415.0370477377,3404435.5610035923,80.13391230814159,-0.00837540898943635,-0.009678263699901003,-0.9212163191513167,-0.38884016904804786
1763658782.7725372,766415.0370477377,3404435.5610035923,80.13391230814159,-0.008439478414448602,-0.0096331019155201,-0.9212084787324597,-0.3888584797365293
1763658782.7825928,766415.0370477377,3404435.5610035923,80.13391230814159,-0.008477446083856983,-0.009576818122945538,-0.9211999310355679,-0.388879292997969
1763658782.792584,766415.0370477377,3404435.5610035923,80.13391230814159,-0.008233356683637762,-0.009624996161162802,-0.9211967356459676,-0.3888909172529365
1763658782.8035026,766415.0370477377,3404435.5610035923,80.13391230814159,-0.008118150780272693,-0.009649601238233467,-0.921194560591768,-0.388897881660458
1763658782.812592,766413.7389456138,3404436.846959264,80.17635261081159,-0.008050350737097601,-0.009661688912322473,-0.9211897387864274,-0.3889104122737841
1763658782.8266358,766413.7389456138,3404436.846959264,80.17635261081159,-0.007977107462717641,-0.009652933229277183,-0.9211851377513653,-0.3889230368885305
1763658782.8325934,766413.7389456138,3404436.846959264,80.17635261081159,-0.007984375465614472,-0.009612267765980594,-0.9211797418641636,-0.3889366750974919
1763658782.8425915,766413.7389456138,3404436.846959264,80.17635261081159,-0.007674069008686146,-0.009694740850532797,-0.9211762697599755,-0.38894909782102305
1763658782.8527346,766413.7389456138,3404436.846959264,80.17635261081159,-0.007553370268948528,-0.009674608685482273,-0.9211776028633702,-0.3889488045067861
1763658782.8626397,766413.7389456138,3404436.846959264,80.17635261081159,-0.00758434599774249,-0.009645771449289306,-0.9211713434415465,-0.3889637422833019
1763658782.8724875,766413.7389456138,3404436.846959264,80.17635261081159,-0.007447494155935256,-0.009717891517183962,-0.9211673953283306,-0.38897394154271714
1763658782.8825414,766413.7389456138,3404436.846959264,80.17635261081159,-0.007348125815849549,-0.009789073516919582,-0.9211576369311649,-0.38899715552953196
1763658782.8927305,766413.7389456138,3404436.846959264,80.17635261081159,-0.007214831552208177,-0.009844893404219372,-0.9211508814344498,-0.3890142387009361
1763658782.907862,766413.7389456138,3404436.846959264,80.17635261081159,-0.007165600354190959,-0.009817690818989122,-0.9211393793624395,-0.3890430707599433
1763658782.9157407,766412.4404602544,3404438.1298175654,80.22024234663695,-0.007031087295448738,-0.009797347887721181,-0.9211317393061524,-0.38906412662777473
1763658782.9252362,766412.4404602544,3404438.1298175654,80.22024234663695,-0.006872830771209921,-0.009735281074165863,-0.9211263898247593,-0.38908117722141566
1763658782.9328246,766412.4404602544,3404438.1298175654,80.22024234663695,-0.006743889146251107,-0.009648257892705861,-0.9211182704844156,-0.38910482245613215
1763658782.9425898,766412.4404602544,3404438.1298175654,80.22024234663695,-0.0066404865488609134,-0.009550511269426593,-0.9211118241791194,-0.38912427196244337
1763658782.9558182,766412.4404602544,3404438.1298175654,80.22024234663695,-0.006558375341256336,-0.009480456909591501,-0.9210992818612829,-0.38915706546881235
1763658782.9626105,766412.4404602544,3404438.1298175654,80.22024234663695,-0.006260722961040039,-0.00944065697651135,-0.9210950084305469,-0.3891730499253351
1763658782.9726083,766412.4404602544,3404438.1298175654,80.22024234663695,-0.006202886676669149,-0.009262153927287334,-0.9210900892850908,-0.3891899075288143
1763658782.9825873,766412.4404602544,3404438.1298175654,80.22024234663695,-0.00603037128836767,-0.0091208868072003,-0.9210868443426494,-0.3892036346501333
1763658782.992499,766412.4404602544,3404438.1298175654,80.22024234663695,-0.005867775326211973,-0.008970220303280381,-0.9210829527978592,-0.3892188310264654
1763658783.0052648,766412.4404602544,3404438.1298175654,80.22024234663695,-0.005836721714418558,-0.008842866578892918,-0.9210763061929834,-0.3892379408025197
1763658783.0237374,766412.4404602544,3404438.1298175654,80.22024234663695,-0.005729719494827125,-0.008789036461179248,-0.9210676493586029,-0.38926123420861264
1763658783.0265872,766411.1403379146,3404439.41287068,80.25486377254128,-0.005720352129430686,-0.008704611432856486,-0.9210589256838053,-0.38928391018575725
1763658783.034027,766411.1403379146,3404439.41287068,80.25486377254128,-0.005635572379617558,-0.008621331117014868,-0.9210521497166806,-0.3893030316809853
1763658783.0433981,766411.1403379146,3404439.41287068,80.25486377254128,-0.005478563478029888,-0.008528734003105335,-0.921047156841726,-0.38931912477079045
1763658783.0531354,766411.1403379146,3404439.41287068,80.25486377254128,-0.005436962356245225,-0.008352220663838884,-0.9210465678437911,-0.38932492819429354
1763658783.0628967,766411.1403379146,3404439.41287068,80.25486377254128,-0.005333996388972001,-0.008234969063476547,-0.9210448217661702,-0.38933298096201685
1763658783.0729208,766411.1403379146,3404439.41287068,80.25486377254128,-0.005204933197496141,-0.00812355331570981,-0.9210415235277472,-0.38934487089163333
1763658783.08266,766411.1403379146,3404439.41287068,80.25486377254128,-0.005241358421761414,-0.00798192920433028,-0.9210360217355292,-0.3893603262193795
1763658783.0927792,766411.1403379146,3404439.41287068,80.25486377254128,-0.005205300744217464,-0.007886221337869983,-0.9210299151145676,-0.3893772050611399
1763658783.103462,766411.1403379146,3404439.41287068,80.25486377254128,-0.005171088407488332,-0.007744285267062714,-0.9210248213206181,-0.38939255822589575
1763658783.112696,766409.8420870486,3404440.6916497555,80.29366884194314,-0.005271483423131747,-0.007544773584917062,-0.9210205680807211,-0.3894051887511744
1763658783.1228042,766409.8420870486,3404440.6916497555,80.29366884194314,-0.005250247585757357,-0.007403122310892684,-0.9210128681265664,-0.3894264056604463
1763658783.1326997,766409.8420870486,3404440.6916497555,80.29366884194314,-0.005276607125072866,-0.007229308357207864,-0.9210121916328995,-0.3894309147737083
1763658783.1479664,766409.8420870486,3404440.6916497555,80.29366884194314,-0.005298983074260633,-0.007099286661613189,-0.9210097418108214,-0.38943879672785453
1763658783.1528215,766409.8420870486,3404440.6916497555,80.29366884194314,-0.005218106151983268,-0.007022583048004026,-0.9210086567510651,-0.38944384561207196
1763658783.1638193,766409.8420870486,3404440.6916497555,80.29366884194314,-0.005282735409780489,-0.006902267597238667,-0.9210043266186114,-0.38945536555349214
1763658783.1758025,766409.8420870486,3404440.6916497555,80.29366884194314,-0.005282656532862596,-0.006820467865784428,-0.9209971514201347,-0.3894737755408511
1763658783.1827128,766409.8420870486,3404440.6916497555,80.29366884194314,-0.005225407290682433,-0.006724575699889068,-0.9209963349124117,-0.38947814608551223
1763658783.195696,766409.8420870486,3404440.6916497555,80.29366884194314,-0.005318056261110415,-0.006593345858596092,-0.9209923611118307,-0.3894885323621837
1763658783.203632,766409.8420870486,3404440.6916497555,80.29366884194314,-0.005395077001952787,-0.006479278589166416,-0.9209931219313925,-0.3894875883108139
1763658783.213128,766408.5468980168,3404441.9677471826,80.31916399486363,-0.005469220455269223,-0.006428223112721355,-0.9209926655042155,-0.38948847949928467
1763658783.222841,766408.5468980168,3404441.9677471826,80.31916399486363,-0.005534575940849895,-0.006394923698819109,-0.9209941521496667,-0.3894845890740193
1763658783.232781,766408.5468980168,3404441.9677471826,80.31916399486363,-0.005481679410903709,-0.0063820532005087055,-0.9209954019912032,-0.38948259280594794
1763658783.2428603,766408.5468980168,3404441.9677471826,80.31916399486363,-0.00552987643872099,-0.006265313527897559,-0.9210001433027029,-0.38947259511982385
1763658783.252806,766408.5468980168,3404441.9677471826,80.31916399486363,-0.005516661919979594,-0.006189032581173037,-0.9210080381425978,-0.3894553324756165
1763658783.2637842,766408.5468980168,3404441.9677471826,80.31916399486363,-0.0055228192544063024,-0.006131442089485682,-0.9210217991913421,-0.38942361163613315
1763658783.2742233,766408.5468980168,3404441.9677471826,80.31916399486363,-0.005525832984064112,-0.006092009499334061,-0.9210346987528819,-0.38939367776490663
1763658783.2827854,766408.5468980168,3404441.9677471826,80.31916399486363,-0.005544766403875203,-0.006036562148250086,-0.9210448439037764,-0.38937027493277526
1763658783.2927458,766408.5468980168,3404441.9677471826,80.31916399486363,-0.005508623539178385,-0.005996266149981892,-0.9210524632085362,-0.3893533868819564
1763658783.3035302,766408.5468980168,3404441.9677471826,80.31916399486363,-0.005539706198982402,-0.005972873119620096,-0.9210587236845209,-0.3893384953566337
1763658783.3125448,766407.2551704352,3404443.2435177905,80.34441224578768,-0.005496762522704745,-0.005990553507741099,-0.9210682929641465,-0.3893161935580811
1763658783.3224757,766407.2551704352,3404443.2435177905,80.34441224578768,-0.005416351243422417,-0.006000905249253105,-0.9210777600597893,-0.38929476261393337
1763658783.3325787,766407.2551704352,3404443.2435177905,80.34441224578768,-0.005416464815290059,-0.005967587056470558,-0.9210911183560527,-0.38926366578352056
1763658783.3509607,766407.2551704352,3404443.2435177905,80.34441224578768,-0.005374698972583718,-0.006016136298950876,-0.921101039247158,-0.3892400213400365
1763658783.3599515,766407.2551704352,3404443.2435177905,80.34441224578768,-0.0053272197037853635,-0.006070734138898812,-0.9211150919256182,-0.3892065702735528
1763658783.3678174,766407.2551704352,3404443.2435177905,80.34441224578768,-0.005359382661730488,-0.006085582695729775,-0.9211264182577834,-0.3891790902506526
1763658783.3757353,766407.2551704352,3404443.2435177905,80.34441224578768,-0.00529670585872127,-0.006114445686872297,-0.9211394431811596,-0.3891486665490347
1763658783.3842392,766407.2551704352,3404443.2435177905,80.34441224578768,-0.005305585183501493,-0.006101237384799291,-0.9211519433710368,-0.38911916284346226
1763658783.3925414,766407.2551704352,3404443.2435177905,80.34441224578768,-0.0053503056929149915,-0.006091794309641898,-0.9211632592559555,-0.3890919095381277
1763658783.4037538,766407.2551704352,3404443.2435177905,80.34441224578768,-0.005268697850417083,-0.006104263892796677,-0.9211773865674164,-0.3890593801235395
1763658783.4126897,766405.9631262282,3404444.5232075574,80.37797116395086,-0.005301604170862251,-0.00611466543705931,-0.921187131573016,-0.38903569564255547
1763658783.422779,766405.9631262282,3404444.5232075574,80.37797116395086,-0.005274298702718423,-0.006173723342536092,-0.9211965129612768,-0.3890129193500758
1763658783.4327517,766405.9631262282,3404444.5232075574,80.37797116395086,-0.00513635930203859,-0.006258310629257501,-0.9212059518582942,-0.38899106110814674
1763658783.442756,766405.9631262282,3404444.5232075574,80.37797116395086,-0.005215430942349348,-0.006205823242143937,-0.9212162660469986,-0.38896642298326745
1763658783.4527545,766405.9631262282,3404444.5232075574,80.37797116395086,-0.005143825599950181,-0.006229535771610621,-0.9212266156162019,-0.3889424849802167
1763658783.4629757,766405.9631262282,3404444.5232075574,80.37797116395086,-0.005186455030787163,-0.00626835488586895,-0.9212336259383664,-0.38892469046293304
1763658783.472829,766405.9631262282,3404444.5232075574,80.37797116395086,-0.005237867833116161,-0.006312877788790628,-0.9212422562165297,-0.38890283834868633
1763658783.4826539,766405.9631262282,3404444.5232075574,80.37797116395086,-0.0051525195516275955,-0.0063517128516353645,-0.9212532403375197,-0.3888773257130591
1763658783.4927685,766405.9631262282,3404444.5232075574,80.37797116395086,-0.005153822828168746,-0.0062882555154770954,-0.9212663886000485,-0.3888471900228318
1763658783.5037959,766405.9631262282,3404444.5232075574,80.37797116395086,-0.005062641147054485,-0.0062604627328818295,-0.9212783091398328,-0.3888205927924047
1763658783.5127842,766404.6706306476,3404445.8058262956,80.42322529107332,-0.0049880929725154,-0.0062448684933619075,-0.9212894680547481,-0.3887953659669794
1763658783.5228589,766404.6706306476,3404445.8058262956,80.42322529107332,-0.004980024260993757,-0.006232371549546644,-0.9213005436080471,-0.3887694242745244
1763658783.5340197,766404.6706306476,3404445.8058262956,80.42322529107332,-0.004897358677942754,-0.006277291750859074,-0.9213095612312028,-0.38874838118019617
1763658783.5427632,766404.6706306476,3404445.8058262956,80.42322529107332,-0.0048304259109497255,-0.006313285419519767,-0.9213188951195788,-0.38872651428526095
1763658783.5636046,766404.6706306476,3404445.8058262956,80.42322529107332,-0.004878177934975402,-0.006274721116795838,-0.9213276458747013,-0.3887058016056905
1763658783.563763,766404.6706306476,3404445.8058262956,80.42322529107332,-0.004888112539593504,-0.006226706455348323,-0.9213366150641547,-0.3886851890986391
1763658783.5733426,766404.6706306476,3404445.8058262956,80.42322529107332,-0.004958576194948102,-0.006191448883526105,-0.9213461420001614,-0.38866227641007306
1763658783.5825164,766404.6706306476,3404445.8058262956,80.42322529107332,-0.004938291877512305,-0.006265661678510265,-0.921350077392521,-0.3886520161350753
1763658783.5924745,766404.6706306476,3404445.8058262956,80.42322529107332,-0.004918203304194057,-0.006309313796842514,-0.9213573956386758,-0.38863421534598336
1763658783.6033769,766404.6706306476,3404445.8058262956,80.42322529107332,-0.005027022820681382,-0.006280485264671013,-0.9213642173463303,-0.38861711689037154
1763658783.6125143,766403.378706126,3404447.0815722207,80.45728128869087,-0.005030825288720822,-0.006243159336876137,-0.9213753675495329,-0.38859123231407605
1763658783.6224873,766403.378706126,3404447.0815722207,80.45728128869087,-0.005055374433508448,-0.006177898761544318,-0.9213893645873219,-0.3885587672175216
1763658783.6325119,766403.378706126,3404447.0815722207,80.45728128869087,-0.005168866287293224,-0.006102778677036845,-0.9213986939326121,-0.38853633772531493
1763658783.6425505,766403.378706126,3404447.0815722207,80.45728128869087,-0.005152625289685981,-0.006109748054501501,-0.9214091332345389,-0.388511686598113
1763658783.6526175,766403.378706126,3404447.0815722207,80.45728128869087,-0.005368179630913783,-0.006055353796881354,-0.9214117848552454,-0.38850333083220256
1763658783.6625178,766403.378706126,3404447.0815722207,80.45728128869087,-0.005337107903923846,-0.006061750764337748,-0.921419652635175,-0.3884849986737793
1763658783.672757,766403.378706126,3404447.0815722207,80.45728128869087,-0.005464403915634626,-0.005946890742950402,-0.9214263382527853,-0.38846914672133465
1763658783.6826844,766403.378706126,3404447.0815722207,80.45728128869087,-0.0054703475804340615,-0.005824169471534477,-0.9214386475064891,-0.388441724366382
1763658783.692564,766403.378706126,3404447.0815722207,80.45728128869087,-0.005452100659103487,-0.005694079869552458,-0.9214526532964119,-0.38841068443832083
1763658783.703368,766403.378706126,3404447.0815722207,80.45728128869087,-0.00547723000825946,-0.005611440464132553,-0.9214626706084277,-0.3883877680392859
1763658783.7163334,766402.086805939,3404448.3569444437,80.48875457886606,-0.005475751737094643,-0.005584056695405384,-0.9214734629733985,-0.38836257735465307
1763658783.7225063,766402.086805939,3404448.3569444437,80.48875457886606,-0.005538240649321876,-0.0056004941702310655,-0.9214797192281323,-0.3883466098819475
1763658783.7325108,766402.086805939,3404448.3569444437,80.48875457886606,-0.005546266897013554,-0.005625652658295314,-0.9214891984780413,-0.3883236382760808
1763658783.742503,766402.086805939,3404448.3569444437,80.48875457886606,-0.005598139163528012,-0.005625633300414526,-0.9214975401466345,-0.3883030988693969
1763658783.7526355,766402.086805939,3404448.3569444437,80.48875457886606,-0.005691238685900933,-0.005562433505810291,-0.9215088217161771,-0.3882758821185993
1763658783.7625318,766402.086805939,3404448.3569444437,80.48875457886606,-0.005809566166039084,-0.005482139424679012,-0.9215212109541593,-0.3882458664942492
1763658783.7725532,766402.086805939,3404448.3569444437,80.48875457886606,-0.005909135108941942,-0.005471759942482874,-0.9215342434192566,-0.38821357545955826
1763658783.7825186,766402.086805939,3404448.3569444437,80.48875457886606,-0.005887255453068459,-0.00555129028509085,-0.9215485996478774,-0.38817869839345465
1763658783.7925353,766402.086805939,3404448.3569444437,80.48875457886606,-0.005993431897645065,-0.005574904309743383,-0.9215596006160517,-0.38815061732323497
1763658783.803538,766402.086805939,3404448.3569444437,80.48875457886606,-0.0060799129545717895,-0.005538153898842023,-0.9215729503645977,-0.3881181014409766
1763658783.8125699,766400.7917875198,3404449.6269139075,80.5167395779863,-0.006067442097963865,-0.00550159098552031,-0.9215855828307885,-0.3880888199387503
1763658783.8228545,766400.7917875198,3404449.6269139075,80.5167395779863,-0.006044094101602953,-0.005445300596035113,-0.9216004546739933,-0.3880546605474523
1763658783.8329282,766400.7917875198,3404449.6269139075,80.5167395779863,-0.006173356697514255,-0.005364030774110601,-0.9216105426379907,-0.38802979851996927
1763658783.8428805,766400.7917875198,3404449.6269139075,80.5167395779863,-0.006186326286723016,-0.00532221190424551,-0.9216191692670572,-0.38800967805844744
1763658783.8527787,766400.7917875198,3404449.6269139075,80.5167395779863,-0.006366271545984878,-0.005241826871710532,-0.9216234913657032,-0.3879975953540709
1763658783.86266,766400.7917875198,3404449.6269139075,80.5167395779863,-0.0063783501450062315,-0.005216921467198321,-0.9216306640299071,-0.3879806947512017
1763658783.8727689,766400.7917875198,3404449.6269139075,80.5167395779863,-0.006459814655908388,-0.0051412972917985415,-0.9216404269447167,-0.38795716423070326
1763658783.882542,766400.7917875198,3404449.6269139075,80.5167395779863,-0.006544922505394554,-0.005038273106800928,-0.9216529783078349,-0.38792727072197086
1763658783.8925216,766400.7917875198,3404449.6269139075,80.5167395779863,-0.006563155037093032,-0.004968691285278187,-0.9216689572632611,-0.38788989458366113
1763658783.9077282,766400.7917875198,3404449.6269139075,80.5167395779863,-0.006549936486037752,-0.004965566825450721,-0.9216825879887736,-0.38785776835903085
1763658783.9128554,766399.5031145053,3404450.901399931,80.55541183426976,-0.006638493694296284,-0.004955627758458497,-0.9216935385120826,-0.38783036655226794
1763658783.9226975,766399.5031145053,3404450.901399931,80.55541183426976,-0.006662872765453989,-0.004991962978070137,-0.9217059295336016,-0.3878000333867137
1763658783.93284,766399.5031145053,3404450.901399931,80.55541183426976,-0.006782193784743357,-0.004979843753007479,-0.9217123853807887,-0.38778277635722574
1763658783.9426715,766399.5031145053,3404450.901399931,80.55541183426976,-0.006662906406609055,-0.005012625900985255,-0.9217282196902843,-0.38774678372150595
1763658783.952508,766399.5031145053,3404450.901399931,80.55541183426976,-0.006778357977992005,-0.004937251042128258,-0.921736948929543,-0.38772499841166563
1763658783.9625225,766399.5031145053,3404450.901399931,80.55541183426976,-0.006640357433474718,-0.004932516694816293,-0.9217533309822941,-0.387688499642763
1763658783.9725137,766399.5031145053,3404450.901399931,80.55541183426976,-0.00677716306298084,-0.004828603024841489,-0.9217671101193452,-0.3876546779749691
1763658783.9827528,766399.5031145053,3404450.901399931,80.55541183426976,-0.006765145522404079,-0.004861112650968271,-0.9217802501607719,-0.3876232356340365
1763658783.9926891,766399.5031145053,3404450.901399931,80.55541183426976,-0.006727980465302822,-0.004895204128885911,-0.9217911045509595,-0.3875976403773855
1763658784.0046945,766399.5031145053,3404450.901399931,80.55541183426976,-0.006748655498215749,-0.0048737947114902,-0.9217976634504913,-0.38758195189055383
1763658784.0127997,766399.5031145053,3404450.901399931,80.55541183426976,-0.006766658377832293,-0.004829200897959623,-0.9218058032040749,-0.3875628366244309
1763658784.026025,766398.2126441915,3404452.170987606,80.60016783513129,-0.006791982058887672,-0.004757701331740655,-0.9218174570062773,-0.3875355586474996
1763658784.03293,766398.2126441915,3404452.170987606,80.60016783513129,-0.006884226339851342,-0.004673679309577664,-0.9218335286317105,-0.3874967221020357
1763658784.0477986,766398.2126441915,3404452.170987606,80.60016783513129,-0.006773994681713743,-0.0047096281855823425,-0.9218479493257596,-0.38746392183311396
1763658784.0526497,766398.2126441915,3404452.170987606,80.60016783513129,-0.006793954667069582,-0.004706398668991106,-0.921859292874127,-0.38743662208568336
1763658784.0626483,766398.2126441915,3404452.170987606,80.60016783513129,-0.006821501817916473,-0.004701843731469719,-0.9218699983895255,-0.3874107198410611
1763658784.072514,766398.2126441915,3404452.170987606,80.60016783513129,-0.006790633635150719,-0.004715984382534315,-0.9218799511067154,-0.38738740626615203
1763658784.0826411,766398.2126441915,3404452.170987606,80.60016783513129,-0.006825434337589546,-0.0046977209580798766,-0.9218911726383773,-0.3873603111772566
1763658784.0928414,766398.2126441915,3404452.170987606,80.60016783513129,-0.006873576466935568,-0.004752270429576137,-0.9219000666883482,-0.38733762651249953
1763658784.1036131,766398.2126441915,3404452.170987606,80.60016783513129,-0.0068922680698136314,-0.004821551080556969,-0.9219108536705268,-0.3873107630450155
1763658784.1126409,766396.9193019872,3404453.4446564815,80.64253163337708,-0.007018896987683926,-0.004834022307403288,-0.921920203043636,-0.3872860784141213
1763658784.1230166,766396.9193019872,3404453.4446564815,80.64253163337708,-0.00697454387228124,-0.00489842592453003,-0.9219280285921359,-0.3872674415148444
1763658784.1332407,766396.9193019872,3404453.4446564815,80.64253163337708,-0.007005070390677126,-0.00490312533580493,-0.9219369712398207,-0.38724554150036317
1763658784.1428785,766396.9193019872,3404453.4446564815,80.64253163337708,-0.007066980620644231,-0.004891360079325415,-0.9219459516096236,-0.38722318460044114
1763658784.1527038,766396.9193019872,3404453.4446564815,80.64253163337708,-0.006972520469288723,-0.004916161364266019,-0.9219607767537039,-0.3871892837404626
1763658784.1627567,766396.9193019872,3404453.4446564815,80.64253163337708,-0.0070236292697115794,-0.00489186292851651,-0.9219760545956406,-0.3871522866537487
1763658784.1725595,766396.9193019872,3404453.4446564815,80.64253163337708,-0.006968823411127569,-0.004958100595194175,-0.9219914996131192,-0.3871156511688776
1763658784.1825075,766396.9193019872,3404453.4446564815,80.64253163337708,-0.007023381753544363,-0.004966326112865274,-0.9220078842282537,-0.38707553414627427
1763658784.1926577,766396.9193019872,3404453.4446564815,80.64253163337708,-0.007169362265919748,-0.004968057186384375,-0.9220190464765852,-0.38704624605711113
1763658784.203524,766396.9193019872,3404453.4446564815,80.64253163337708,-0.007098253722191391,-0.005017261309406813,-0.9220319457529671,-0.38701619203083226
1763658784.2126367,766395.6280439068,3404454.710090589,80.6844848478213,-0.007086647165585084,-0.00502508934594327,-0.9220429198887805,-0.3869901572288211
1763658784.222918,766395.6280439068,3404454.710090589,80.6844848478213,-0.007137646975073712,-0.005000750182175222,-0.9220549308368644,-0.386960916647534
1763658784.2328496,766395.6280439068,3404454.710090589,80.6844848478213,-0.0071798549329404725,-0.004996782148843949,-0.9220681839485374,-0.38692860581914196
1763658784.2428627,766395.6280439068,3404454.710090589,80.6844848478213,-0.0071665926927062034,-0.005041241586784014,-0.9220791191682278,-0.3869022148119413
1763658784.2527642,766395.6280439068,3404454.710090589,80.6844848478213,-0.007038614074044176,-0.005117525019511181,-0.9220967559355396,-0.3868615276074177
1763658784.2627933,766395.6280439068,3404454.710090589,80.6844848478213,-0.007042346085689461,-0.005114691431619966,-0.9221103161903248,-0.3868291742727631
1763658784.2727623,766395.6280439068,3404454.710090589,80.6844848478213,-0.007210402012837715,-0.004958073282734094,-0.9221313180501267,-0.38677804989848186
1763658784.282943,766395.6280439068,3404454.710090589,80.6844848478213,-0.007299976078048364,-0.0048340802473145,-0.9221458778954452,-0.3867432247601259
1763658784.2929008,766395.6280439068,3404454.710090589,80.6844848478213,-0.007226072464392557,-0.004807926762573741,-0.922161270252744,-0.3867082354473856
1763658784.3035026,766395.6280439068,3404454.710090589,80.6844848478213,-0.007301058445186522,-0.004838934859233933,-0.9221687058939461,-0.3866887082976344
1763658784.3126588,766394.3535326913,3404455.9987505204,80.64628481771797,-0.007432373995697357,-0.004866749893445907,-0.9221740677921283,-0.38667307024666414
1763658784.3226032,766394.3535326913,3404455.9987505204,80.64628481771797,-0.00751905680408238,-0.004834195018898404,-0.9221845148512342,-0.38664688659277996
1763658784.3326435,766394.3535326913,3404455.9987505204,80.64628481771797,-0.0076432835712094355,-0.004763601629166194,-0.9221956002268741,-0.3866188862923848
1763658784.3427126,766394.3535326913,3404455.9987505204,80.64628481771797,-0.007491426351799259,-0.00477452456086242,-0.9222106491971627,-0.38658582611598813
1763658784.3527122,766394.3535326913,3404455.9987505204,80.64628481771797,-0.007485271037021013,-0.004729656125588935,-0.9222213615293176,-0.386560941391455
1763658784.3626046,766394.3535326913,3404455.9987505204,80.64628481771797,-0.007593862689578782,-0.00461972117544198,-0.9222302741093824,-0.3865388893007352
1763658784.3725202,766394.3535326913,3404455.9987505204,80.64628481771797,-0.007492306057373431,-0.00458635328213481,-0.9222397100927031,-0.3865187548381592
1763658784.3825362,766394.3535326913,3404455.9987505204,80.64628481771797,-0.007517053549675477,-0.0044760730473673415,-0.9222494421785798,-0.3864963454902309
1763658784.3926163,766394.3535326913,3404455.9987505204,80.64628481771797,-0.007511223057724217,-0.004345442254944457,-0.9222618691949216,-0.3864682953217191
1763658784.4033692,766394.3535326913,3404455.9987505204,80.64628481771797,-0.00756738966032207,-0.0041884760464536925,-0.9222716653814124,-0.3864455544015655
1763658784.4125137,766393.0600451403,3404457.2618686464,80.68808172736317,-0.007524136342599181,-0.004041553216701839,-0.9222801321501696,-0.3864277565871275
1763658784.4225824,766393.0600451403,3404457.2618686464,80.68808172736317,-0.007509396258614121,-0.003908620378245069,-0.9222876924244756,-0.3864113663660864
1763658784.432711,766393.0600451403,3404457.2618686464,80.68808172736317,-0.00735275589420939,-0.0038405576070892683,-0.9222932287240794,-0.3864018469776505
1763658784.4426303,766393.0600451403,3404457.2618686464,80.68808172736317,-0.007406690280985593,-0.003674701258514798,-0.9223031302525091,-0.38637879527241825
1763658784.4558115,766393.0600451403,3404457.2618686464,80.68808172736317,-0.007423082483719793,-0.0035519400268463593,-0.9223120931937505,-0.3863582331425697
1763658784.462688,766393.0600451403,3404457.2618686464,80.68808172736317,-0.0071856889009439635,-0.003509015480034121,-0.9223255585386235,-0.386330967891257
1763658784.472875,766393.0600451403,3404457.2618686464,80.68808172736317,-0.007205315229248605,-0.00333783045085806,-0.9223387999370557,-0.3863005053724374
1763658784.4837747,766393.0600451403,3404457.2618686464,80.68808172736317,-0.007223061612525813,-0.0032060904423903028,-0.9223450185742642,-0.3862864417453156
1763658784.4926627,766393.0600451403,3404457.2618686464,80.68808172736317,-0.007111082631947971,-0.003076065743368507,-0.9223526178775588,-0.3862714312730851
1763658784.5035262,766393.0600451403,3404457.2618686464,80.68808172736317,-0.007257627558291329,-0.002873513801258754,-0.9223564848312615,-0.38626103175233467
1763658784.512651,766391.7660841919,3404458.5217723395,80.73087743017823,-0.006973297341083693,-0.0028466649512154797,-0.9223626112698229,-0.3862518387714965
1763658784.5224938,766391.7660841919,3404458.5217723395,80.73087743017823,-0.007053544087111584,-0.002660190457748195,-0.922368625388175,-0.3862373490511606
1763658784.532517,766391.7660841919,3404458.5217723395,80.73087743017823,-0.007152313078720987,-0.0025240777805554775,-0.9223693298808838,-0.38623476376948634
1763658784.5425236,766391.7660841919,3404458.5217723395,80.73087743017823,-0.0070114262483185145,-0.0025029028961387296,-0.9223731300458157,-0.3862284095564977
1763658784.5526755,766391.7660841919,3404458.5217723395,80.73087743017823,-0.007106120159091633,-0.002421763673464762,-0.9223760380956922,-0.3862202512348216
1763658784.5625737,766391.7660841919,3404458.5217723395,80.73087743017823,-0.007038671310245728,-0.0023810115041524816,-0.92237942868729,-0.38621364220456045
1763658784.5725143,766391.7660841919,3404458.5217723395,80.73087743017823,-0.006963739993721278,-0.0022663517429451683,-0.9223884332988348,-0.38619418443523723
1763658784.5825481,766391.7660841919,3404458.5217723395,80.73087743017823,-0.006950829063483042,-0.0021435976711855096,-0.922394325713786,-0.386181044142983
1763658784.5925086,766391.7660841919,3404458.5217723395,80.73087743017823,-0.006783578516522943,-0.0020582277690873894,-0.9224023814252504,-0.38616524118826046
1763658784.6034172,766391.7660841919,3404458.5217723395,80.73087743017823,-0.00678752204334113,-0.0019291840407807018,-0.9224100927913346,-0.38614741810625847
1763658784.6125832,766390.4720064162,3404459.7806493184,80.77241929806769,-0.006826142803218206,-0.001791293467696509,-0.9224152141839133,-0.3861351676345839
1763658784.6225638,766390.4720064162,3404459.7806493184,80.77241929806769,-0.006658821460998341,-0.0017037500144482082,-0.922424182449245,-0.38611706122040357
1763658784.6326156,766390.4720064162,3404459.7806493184,80.77241929806769,-0.006705634744818943,-0.0015381931244930172,-0.9224292287719453,-0.38610489032356876
1763658784.6425383,766390.4720064162,3404459.7806493184,80.77241929806769,-0.00663044122580337,-0.0013786974445537678,-0.922437061312142,-0.38608807850065374
1763658784.6528375,766390.4720064162,3404459.7806493184,80.77241929806769,-0.006632298563468455,-0.0011865148143138456,-0.9224438761522102,-0.38607240272732013
1763658784.6627207,766390.4720064162,3404459.7806493184,80.77241929806769,-0.0066016231400561716,-0.0010353135370490584,-0.9224481050338312,-0.38606325934656094
1763658784.6727366,766390.4720064162,3404459.7806493184,80.77241929806769,-0.006387275192805493,-0.000969968543011021,-0.9224524333013647,-0.38605669295199113
1763658784.684055,766390.4720064162,3404459.7806493184,80.77241929806769,-0.006298018960292258,-0.0008387104080871907,-0.9224603783949448,-0.38603948219512757
1763658784.6997764,766390.4720064162,3404459.7806493184,80.77241929806769,-0.006207958643995608,-0.0006802814603308473,-0.9224717098700415,-0.3860141745532816
1763658784.703692,766390.4720064162,3404459.7806493184,80.77241929806769,-0.00611338619131022,-0.0004780704745683227,-0.9224869089967873,-0.38597966356720165
1763658784.7156994,766389.1741677974,3404461.043465639,80.82405793573707,-0.005981693778825266,-0.0002762466298087199,-0.9225018755215395,-0.3859461525738765
1763658784.724151,766389.1741677974,3404461.043465639,80.82405793573707,-0.005878308981071632,-9.37407858755358e-05,-0.9225156763931689,-0.38591483970565604
1763658784.732787,766389.1741677974,3404461.043465639,80.82405793573707,-0.005867604206395106,4.227186082983794e-05,-0.9225241330753198,-0.38589479567311724
1763658784.7428906,766389.1741677974,3404461.043465639,80.82405793573707,-0.005831522848434568,0.00013493900070322582,-0.9225274266162036,-0.38588744767563954
1763658784.7528021,766389.1741677974,3404461.043465639,80.82405793573707,-0.005781435820652221,0.00020479630392610535,-0.922529629191233,-0.3858829049369918
1763658784.7630503,766389.1741677974,3404461.043465639,80.82405793573707,-0.0056681569577706915,0.00029184038788740603,-0.9225357967424703,-0.38586978445406384
1763658784.7729774,766389.1741677974,3404461.043465639,80.82405793573707,-0.005598002123416932,0.00040646148175912293,-0.9225441889687176,-0.38585064022409127
1763658784.7826462,766389.1741677974,3404461.043465639,80.82405793573707,-0.005486135366171152,0.0005057896207557211,-0.922550484502483,-0.38583707706729975
1763658784.7925665,766389.1741677974,3404461.043465639,80.82405793573707,-0.005321340025942298,0.0005938780142605762,-0.9225578703660583,-0.3858215992850525
1763658784.8077714,766389.1741677974,3404461.043465639,80.82405793573707,-0.005197909227901162,0.0006841897010148421,-0.9225622224262673,-0.38581272578288306
1763658784.8157241,766387.8773407929,3404462.2954690093,80.86275807209313,-0.005085779964874134,0.0007973605943631928,-0.9225683185702112,-0.3857994253867738
1763658784.8237443,766387.8773407929,3404462.2954690093,80.86275807209313,-0.004974837640132549,0.0009602054646290839,-0.9225739359455225,-0.3857870678365291
1763658784.8357158,766387.8773407929,3404462.2954690093,80.86275807209313,-0.00486614798959002,0.0011625255160453997,-0.922583226101093,-0.38576568024523344
1763658784.8431385,766387.8773407929,3404462.2954690093,80.86275807209313,-0.00467740113862897,0.001350617428605933,-0.9225940343878747,-0.38574155267880456
1763658784.8527439,766387.8773407929,3404462.2954690093,80.86275807209313,-0.004571489689883082,0.001539395294726748,-0.9225996403179739,-0.38572870703291867
1763658784.8625004,766387.8773407929,3404462.2954690093,80.86275807209313,-0.00444355939500425,0.0016828917174200185,-0.9226034210159879,-0.3857205597125538
1763658784.8725011,766387.8773407929,3404462.2954690093,80.86275807209313,-0.004315795803697292,0.0017956443949199076,-0.922601284972933,-0.38572661113031936
1763658784.8825014,766387.8773407929,3404462.2954690093,80.86275807209313,-0.004208552542479428,0.001930805430382771,-0.9226025302228301,-0.38572416478919097
1763658784.8925989,766387.8773407929,3404462.2954690093,80.86275807209313,-0.0040912139515814055,0.002091783839659942,-0.9226038848660643,-0.38572134765762767
1763658784.903589,766387.8773407929,3404462.2954690093,80.86275807209313,-0.0040161597210371745,0.002309289066762492,-0.9226136822477,-0.38569746042000486
1763658784.912712,766386.5822012103,3404463.5477275276,80.89866461511701,-0.003872424670070932,0.0024343018621730207,-0.9226244618052344,-0.3856723751841968
1763658784.922593,766386.5822012103,3404463.5477275276,80.89866461511701,-0.0037269924552027277,0.0024755790659718464,-0.9226343691845601,-0.3856498435562183
1763658784.9325001,766386.5822012103,3404463.5477275276,80.89866461511701,-0.003600354421392416,0.002494075354424942,-0.9226418631432176,-0.385632998343994
1763658784.9556623,766386.5822012103,3404463.5477275276,80.89866461511701,-0.0035681037701319335,0.0025866892077421977,-0.9226486566219487,-0.38561643391865685
1763658784.9558046,766386.5822012103,3404463.5477275276,80.89866461511701,-0.003384238707022861,0.0026831773355124166,-0.9226607739926467,-0.38558843813456134
1763658784.9625287,766386.5822012103,3404463.5477275276,80.89866461511701,-0.0033392956128790404,0.00280602396937308,-0.9226715632752914,-0.3855621372197003
1763658784.972581,766386.5822012103,3404463.5477275276,80.89866461511701,-0.00311937199601956,0.0028510730127919194,-0.922683253877697,-0.3855356713907176
1763658784.9825573,766386.5822012103,3404463.5477275276,80.89866461511701,-0.0030872087257229133,0.003004244597795048,-0.9226926331615017,-0.3855123193442397
1763658784.9925816,766386.5822012103,3404463.5477275276,80.89866461511701,-0.003121831489841471,0.0031568054996187504,-0.922699205376033,-0.3854950909488002
1763658785.0053847,766386.5822012103,3404463.5477275276,80.89866461511701,-0.003083036281664344,0.0032284353815061747,-0.922700343612047,-0.3854920855095259
1763658785.01264,766386.5822012103,3404463.5477275276,80.89866461511701,-0.0031540437335530903,0.0033368586822397762,-0.9227027299620594,-0.3854848758418734
1763658785.0277097,766385.2858943569,3404464.8035877366,80.95039876922965,-0.003187630731585826,0.0034504347109742504,-0.9227049597045878,-0.3854782624833462
1763658785.0374317,766385.2858943569,3404464.8035877366,80.95039876922965,-0.0030539759308705096,0.0035628760265880494,-0.9227128206475457,-0.3854595046928832
1763658785.042606,766385.2858943569,3404464.8035877366,80.95039876922965,-0.00301955616560039,0.0036872954650444415,-0.9227193210661637,-0.38544304464332224
1763658785.0528412,766385.2858943569,3404464.8035877366,80.95039876922965,-0.002905894399553768,0.003753968681264452,-0.9227274677319106,-0.3854237716980293
1763658785.0628178,766385.2858943569,3404464.8035877366,80.95039876922965,-0.00288106492993408,0.003855293433109236,-0.9227320998795867,-0.3854118680440739
1763658785.0729659,766385.2858943569,3404464.8035877366,80.95039876922965,-0.002945932083940966,0.003997775796199631,-0.9227379354672631,-0.3853959544707928
1763658785.0826974,766385.2858943569,3404464.8035877366,80.95039876922965,-0.00294704803427131,0.004087510012425637,-0.9227454755545812,-0.38537695119626936
1763658785.0926538,766385.2858943569,3404464.8035877366,80.95039876922965,-0.0029846098457790462,0.004207070830361386,-0.9227528089368219,-0.3853578158780507
1763658785.1035528,766385.2858943569,3404464.8035877366,80.95039876922965,-0.0030149869185260476,0.004331931480745152,-0.9227613414716456,-0.38533576385922996
1763658785.1127982,766383.9946634102,3404466.0558109377,80.98998535797,-0.003049801937042448,0.004419895318179084,-0.9227690210803423,-0.3853161000632441
1763658785.1227689,766383.9946634102,3404466.0558109377,80.98998535797,-0.0029586560934972824,0.004438699504277687,-0.9227748362370255,-0.38530266792297413
1763658785.1327899,766383.9946634102,3404466.0558109377,80.98998535797,-0.0029487396499727194,0.004518918155998511,-0.9227806929311206,-0.385287784735951
1763658785.1477683,766383.9946634102,3404466.0558109377,80.98998535797,-0.003012343002873894,0.004635431741067686,-0.9227873295820667,-0.3852700130103628
1763658785.1527696,766383.9946634102,3404466.0558109377,80.98998535797,-0.0030249684442666238,0.004743810385345273,-0.9227946377632097,-0.38525108999768665
1763658785.1637833,766383.9946634102,3404466.0558109377,80.98998535797,-0.0030364372449445355,0.004856526728438113,-0.9228078280431898,-0.3852179989294427
1763658785.1757412,766383.9946634102,3404466.0558109377,80.98998535797,-0.0030057723504239974,0.00494458785256506,-0.9228185460710248,-0.38519144254630816
1763658785.1826723,766383.9946634102,3404466.0558109377,80.98998535797,-0.002947378923290161,0.005014294560853557,-0.9228326390592467,-0.3851572277583343
1763658785.1957068,766383.9946634102,3404466.0558109377,80.98998535797,-0.003079072589155147,0.005135769401992843,-0.9228417897623918,-0.38513267097558135
1763658785.2034075,766383.9946634102,3404466.0558109377,80.98998535797,-0.003003395694534455,0.00515115239186736,-0.9228509380801189,-0.3851111415266796
1763658785.212892,766382.7013702414,3404467.306129495,81.0307848136872,-0.003059857827732291,0.005219687109570863,-0.9228557407664227,-0.38509826521422963
1763658785.2229123,766382.7013702414,3404467.306129495,81.0307848136872,-0.003084639868927565,0.005258557337805356,-0.9228642641070322,-0.38507711254473437
1763658785.2330143,766382.7013702414,3404467.306129495,81.0307848136872,-0.003020297861524396,0.005274670495293941,-0.9228741385948437,-0.3850537364639104
1763658785.24293,766382.7013702414,3404467.306129495,81.0307848136872,-0.0029801451917187685,0.005289767710575993,-0.9228836231605185,-0.38503110938509666
1763658785.2526731,766382.7013702414,3404467.306129495,81.0307848136872,-0.002965813190965053,0.005336829468440054,-0.9228954117297874,-0.38500231325467
1763658785.262932,766382.7013702414,3404467.306129495,81.0307848136872,-0.0029044560153435204,0.0053496176584575585,-0.9229032977854483,-0.38498369921713216
1763658785.2730544,766382.7013702414,3404467.306129495,81.0307848136872,-0.0029780111123051995,0.0054630480197036735,-0.9229085055179749,-0.38496905979406665
1763658785.2877598,766382.7013702414,3404467.306129495,81.0307848136872,-0.002981563007988553,0.0055470477886980524,-0.9229116699686459,-0.38496024467280304
1763658785.2934694,766382.7013702414,3404467.306129495,81.0307848136872,-0.003012529739126887,0.005670244756881146,-0.9229135413177301,-0.3849537222074032
1763658785.3038237,766382.7013702414,3404467.306129495,81.0307848136872,-0.003027644547324313,0.005810428418033772,-0.9229155577679835,-0.3849466788009811
1763658785.315858,766381.4151415332,3404468.5524234427,81.05442044790834,-0.0029417473122546668,0.005911024018999702,-0.9229208654259728,-0.38493308779471164
1763658785.322605,766381.4151415332,3404468.5524234427,81.05442044790834,-0.002912313486215342,0.006006940647286328,-0.9229239541889269,-0.38492442099520446
1763658785.33274,766381.4151415332,3404468.5524234427,81.05442044790834,-0.0028804411817581477,0.006069684341175005,-0.9229273666836123,-0.3849154943842219
1763658785.3425946,766381.4151415332,3404468.5524234427,81.05442044790834,-0.0028121424443526446,0.006131822670806063,-0.9229258869703068,-0.3849185625111874
1763658785.355791,766381.4151415332,3404468.5524234427,81.05442044790834,-0.0028035690676456735,0.006246917282974601,-0.9229235064116068,-0.3849224822452536
1763658785.362465,766381.4151415332,3404468.5524234427,81.05442044790834,-0.0028293074207618105,0.006389734558901748,-0.9229238513161964,-0.38491912265236317
1763658785.3727405,766381.4151415332,3404468.5524234427,81.05442044790834,-0.00281322750887154,0.0065034021252192206,-0.9229276821224162,-0.3849081514906192
1763658785.382722,766381.4151415332,3404468.5524234427,81.05442044790834,-0.0028056534628204755,0.006593931732008703,-0.9229308897195425,-0.38489897528371547
1763658785.3930702,766381.4151415332,3404468.5524234427,81.05442044790834,-0.002767543808901831,0.006673348731941848,-0.9229320748142542,-0.3848950407540004
1763658785.4033577,766381.4151415332,3404468.5524234427,81.05442044790834,-0.0027930337149074482,0.0067809615654878825,-0.9229298762536065,-0.38489824764659225
1763658785.4126081,766380.1226894474,3404469.800532158,81.1014105482027,-0.0027808123641704643,0.006885287018800777,-0.9229295933425576,-0.38489716241848926
1763658785.4225655,766380.1226894474,3404469.800532158,81.1014105482027,-0.0027533374968331374,0.0070218062220612654,-0.9229300649058133,-0.3848937628267828
1763658785.4327776,766380.1226894474,3404469.800532158,81.1014105482027,-0.002693962519282744,0.007156492989339791,-0.9229331238537957,-0.3848843671383814
1763658785.443419,766380.1226894474,3404469.800532158,81.1014105482027,-0.002711559703974532,0.007321777081649957,-0.9229288797931835,-0.3848913117596156
1763658785.4673796,766380.1226894474,3404469.800532158,81.1014105482027,-0.002628908187358777,0.007463239110208962,-0.9229229733502735,-0.3849033309365048
1763658785.4674432,766380.1226894474,3404469.800532158,81.1014105482027,-0.0026953144974299166,0.007641153362894518,-0.9229117703596146,-0.384926242528003
1763658785.4740546,766380.1226894474,3404469.800532158,81.1014105482027,-0.002668003156196207,0.007787221779126948,-0.9229006744179684,-0.38495010857899514
1763658785.4825358,766380.1226894474,3404469.800532158,81.1014105482027,-0.0025982927621553036,0.007945571442456974,-0.9228933472200478,-0.38496491583799103
1763658785.4924963,766380.1226894474,3404469.800532158,81.1014105482027,-0.0025549817094424627,0.008164906684916767,-0.9228856228071181,-0.38497913395820427
1763658785.5036147,766380.1226894474,3404469.800532158,81.1014105482027,-0.0024334459502773657,0.008409566237072195,-0.9228856612627623,-0.38497456250005024
1763658785.5126657,766378.8318589181,3404471.0461128387,81.1445964416489,-0.0023994279105599868,0.008621115250292027,-0.9228833771392903,-0.3849755723646913
1763658785.5230057,766378.8318589181,3404471.0461128387,81.1445964416489,-0.0023102823573905827,0.008758952847934017,-0.9228792799327005,-0.38498282820320356
1763658785.5329392,766378.8318589181,3404471.0461128387,81.1445964416489,-0.0022237734569011715,0.008873993456598301,-0.922869169208311,-0.3850049397040339
1763658785.548301,766378.8318589181,3404471.0461128387,81.1445964416489,-0.0022302547543947473,0.00902543029856423,-0.92285715867227,-0.385030170582775
1763658785.5527556,766378.8318589181,3404471.0461128387,81.1445964416489,-0.002119759667576168,0.009122813087240729,-0.9228465195423257,-0.38505399915978383
1763658785.5628178,766378.8318589181,3404471.0461128387,81.1445964416489,-0.0020051290608199103,0.009229837521878205,-0.9228402816642958,-0.3850670124725466
1763658785.5727339,766378.8318589181,3404471.0461128387,81.1445964416489,-0.00199301022818313,0.009408784713540794,-0.9228378553731499,-0.385068559312143
1763658785.5851839,766378.8318589181,3404471.0461128387,81.1445964416489,-0.0019039426461346996,0.009514269133929247,-0.9228357247528118,-0.3850715242720498
1763658785.5958884,766378.8318589181,3404471.0461128387,81.1445964416489,-0.001918007454406949,0.009636805433436854,-0.9228330028961216,-0.38507493036313034
1763658785.6033478,766378.8318589181,3404471.0461128387,81.1445964416489,-0.0017853143762125972,0.009683049063057995,-0.9228267873860525,-0.3850893035338141
1763658785.612665,766377.5375649072,3404472.288461865,81.1795089924708,-0.001706220539179376,0.00980757047805346,-0.9228212212293249,-0.38509984941779357
1763658785.622487,766377.5375649072,3404472.288461865,81.1795089924708,-0.0016512114459081685,0.009950975188530834,-0.9228201502050295,-0.385098976847673
1763658785.632557,766377.5375649072,3404472.288461865,81.1795089924708,-0.0015532911194019918,0.010042502226430813,-0.9228232065606845,-0.3850896841890038
1763658785.642634,766377.5375649072,3404472.288461865,81.1795089924708,-0.0013890634215868464,0.010112127243081982,-0.9228283448432792,-0.3850761760213741
1763658785.6526258,766377.5375649072,3404472.288461865,81.1795089924708,-0.0013959782268848434,0.010234145808203613,-0.9228328926929888,-0.3850620283386264
1763658785.6731734,766377.5375649072,3404472.288461865,81.1795089924708,-0.001384615040393139,0.010337083950814997,-0.9228320665658813,-0.38506129960608665
1763658785.6732366,766377.5375649072,3404472.288461865,81.1795089924708,-0.0013070537879801931,0.010412514143555339,-0.9228281558555653,-0.38506891061188275
1763658785.6871936,766377.5375649072,3404472.288461865,81.1795089924708,-0.001142496318026126,0.010475288914454432,-0.9228264612326407,-0.38507179262205565
1763658785.6955721,766377.5375649072,3404472.288461865,81.1795089924708,-0.0009438333099253378,0.010519659839016728,-0.92282577574394,-0.38507276397864065
1763658785.7037647,766377.5375649072,3404472.288461865,81.1795089924708,-0.0009390263823891576,0.01068828707599012,-0.9228329327534499,-0.38505097970853286
1763658785.715686,766376.2475162214,3404473.535279513,81.22788224089891,-0.0009517932737304674,0.010866902519625115,-0.9228411529917794,-0.3850262469806394
1763658785.7225158,766376.2475162214,3404473.535279513,81.22788224089891,-0.0008771114311918911,0.01096777958144348,-0.9228459396027009,-0.3850120910379288
1763658785.7326362,766376.2475162214,3404473.535279513,81.22788224089891,-0.0008854912633869359,0.011007172901431245,-0.9228444972456429,-0.3850144048647749
1763658785.7425458,766376.2475162214,3404473.535279513,81.22788224089891,-0.0008658450759014722,0.010959450653639027,-0.9228409562600453,-0.3850242981978152
1763658785.752489,766376.2475162214,3404473.535279513,81.22788224089891,-0.0008376109779658809,0.010943712341275108,-0.9228382816010934,-0.38503121896747816
1763658785.7625053,766376.2475162214,3404473.535279513,81.22788224089891,-0.0007216087589949922,0.011016538885063848,-0.9228457941245976,-0.385011370505254
1763658785.7725832,766376.2475162214,3404473.535279513,81.22788224089891,-0.0006868609487949316,0.011124194362122756,-0.9228506331500239,-0.384996739488052
1763658785.7826328,766376.2475162214,3404473.535279513,81.22788224089891,-0.0005633478386395038,0.01116828808642822,-0.922855019711309,-0.3849851485110437
1763658785.7924798,766376.2475162214,3404473.535279513,81.22788224089891,-0.00047681400649104803,0.011203365013888604,-0.9228547935515745,-0.3849847883743587
1763658785.8034637,766376.2475162214,3404473.535279513,81.22788224089891,-0.0005465417773839873,0.011287084698883704,-0.9228523438133478,-0.3849881225821081
1763658785.8125198,766374.9576787602,3404474.781773396,81.26727947872132,-0.00035188980298575447,0.011282141178876697,-0.9228534904611809,-0.38498574597977225
1763658785.8224769,766374.9576787602,3404474.781773396,81.26727947872132,-0.0003054295212783203,0.01136083016523749,-0.9228572294058985,-0.38497450874575156
1763658785.832724,766374.9576787602,3404474.781773396,81.26727947872132,-0.00014021983085717692,0.011403633341194486,-0.9228615580536009,-0.38496296205206365
1763658785.8427694,766374.9576787602,3404474.781773396,81.26727947872132,-0.00011759465958859593,0.011542880508439417,-0.9228663202221759,-0.38494740300545466
1763658785.8526707,766374.9576787602,3404474.781773396,81.26727947872132,-0.0002491961309311688,0.011740871934711452,-0.9228684875370122,-0.3849361564449983
1763658785.867889,766374.9576787602,3404474.781773396,81.26727947872132,-0.00021609005347893086,0.011814826599936233,-0.9228686864726419,-0.3849334367208997
1763658785.8725216,766374.9576787602,3404474.781773396,81.26727947872132,-2.730729958924736e-05,0.011825672438355389,-0.9228701969498874,-0.3849295420039466
1763658785.882645,766374.9576787602,3404474.781773396,81.26727947872132,-6.262055126313865e-05,0.011916246622329619,-0.9228737454731278,-0.3849182368523252
1763658785.8925521,766374.9576787602,3404474.781773396,81.26727947872132,-8.801460226928737e-05,0.012033693122907163,-0.922877581791709,-0.3849053799436184
1763658785.9033983,766374.9576787602,3404474.781773396,81.26727947872132,-2.0257008263979e-06,0.012065636123152305,-0.9228833573758208,-0.3848905417122809
1763658785.9126978,766373.6677215846,3404476.025315452,81.31227415706962,-2.0047156000048416e-05,0.012089441164594433,-0.9228852092874049,-0.38488535369507404
